# Program:featureCounts v1.5.3; Command:"featureCounts" "-a" "genome/Saccharomyces_cerevisiae.R64-1-1.108.gtf" "-o" "featureCounts/all_counts.txt" "-T" "3" "starAligned/SPRC_rep1/SPRC_rep1_Aligned.sortedByCoord.RD.out.bam" "starAligned/SPRC_rep2/SPRC_rep2_Aligned.sortedByCoord.RD.out.bam" "starAligned/SPRC_rep3/SPRC_rep3_Aligned.sortedByCoord.RD.out.bam" "starAligned/CTRL_rep1/CTRL_rep1_Aligned.sortedByCoord.RD.out.bam" "starAligned/CTRL_rep2/CTRL_rep2_Aligned.sortedByCoord.RD.out.bam" "starAligned/CTRL_rep3/CTRL_rep3_Aligned.sortedByCoord.RD.out.bam" 
Geneid	Chr	Start	End	Strand	Length	starAligned/SPRC_rep1/SPRC_rep1_Aligned.sortedByCoord.RD.out.bam	starAligned/SPRC_rep2/SPRC_rep2_Aligned.sortedByCoord.RD.out.bam	starAligned/SPRC_rep3/SPRC_rep3_Aligned.sortedByCoord.RD.out.bam	starAligned/CTRL_rep1/CTRL_rep1_Aligned.sortedByCoord.RD.out.bam	starAligned/CTRL_rep2/CTRL_rep2_Aligned.sortedByCoord.RD.out.bam	starAligned/CTRL_rep3/CTRL_rep3_Aligned.sortedByCoord.RD.out.bam
YDL246C	IV	8683	9756	-	1074	0	0	0	2	2	0
YDL243C	IV	17577	18566	-	990	49	59	111	74	80	14
YDR387C	IV	1248154	1249821	-	1668	331	268	341	323	384	82
YDL094C	IV	289572	290081	-	510	20	16	23	17	21	2
YDR438W	IV	1338274	1339386	+	1113	172	181	194	165	290	20
YDR523C	IV	1485566	1487038	-	1473	22	18	28	5	19	8
YDR542W	IV	1523249	1523611	+	363	0	0	3	2	0	0
YDR492W	IV	1434924	1435874	+	951	1288	1151	1083	743	1243	171
YDR018C	IV	482670	483860	-	1191	20	24	38	43	56	4
YDL189W	IV	122216	123589	+	1374	821	665	486	557	830	126
YDR508C	IV	1466453	1468444	-	1992	1924	1766	2107	1537	2598	338
YDR462W	IV	1386073	1386516	+	444	267	225	257	218	248	35
YDR175C	IV	813193	814152	-	960	384	332	487	307	413	52
YDR186C	IV	832859	835492	-	2634	1590	1471	1391	1263	1922	224
YDR150W	IV	755628	763874	+	8247	1252	974	983	920	1175	174
YDR243C	IV	948518	950284	-	1767	121	93	167	75	176	22
YDL182W	IV	133437	134723	+	1287	6007	5805	7185	7246	10274	1899
YDR362C	IV	1196679	1198697	-	2019	164	151	204	127	180	22
YDR232W	IV	927452	929098	+	1647	1185	784	1080	850	1162	173
YDR158W	IV	770357	771454	+	1098	2030	1734	2993	1937	2572	514
YDR439W	IV	1339676	1340719	+	1044	219	161	156	165	186	27
YDL206W	IV	90176	92464	+	2289	133	155	148	130	193	22
YDR125C	IV	701397	702758	-	1362	165	136	160	89	160	26
YDR338C	IV	1147379	1149466	-	2088	139	120	199	142	161	24
YDR526C	IV	1491075	1491545	-	471	4	0	4	3	4	0
YDR533C	IV	1501447	1502160	-	714	310	213	581	284	351	68
YDR272W	IV	1009010	1009834	+	825	396	382	582	393	545	82
YDR197W	IV	851228	852397	+	1170	333	244	315	274	305	52
YDR512C	IV	1470500	1471063	-	564	125	126	142	141	199	17
YDR489W	IV	1431012	1431896	+	885	154	99	140	99	143	19
YDR299W	IV	1059627	1061231	+	1605	270	277	255	139	241	12
YDL015C	IV	426002	426934	-	933	1470	1946	2637	1567	2620	297
YDR304C	IV	1071880	1072557	-	678	1327	1195	1600	1171	1643	231
YDR271C	IV	1008395	1008766	-	372	0	0	0	0	0	0
YDL181W	IV	135179	135436	+	258	176	185	260	157	203	29
YDR367W	IV;IV	1212848;1212979	1212877;1213614	+;+	666	145	165	214	121	170	25
YDR085C	IV	614288	616150	-	1863	300	256	511	250	406	60
YDL097C	IV	285391	286695	-	1305	1267	1096	1784	1014	1436	267
YDL139C	IV	211375	212046	-	672	66	85	133	59	127	19
YDR200C	IV	854279	856093	-	1815	214	204	203	189	223	40
YDR191W	IV	842337	843449	+	1113	76	48	72	14	54	10
YDR451C	IV	1361120	1362181	-	1062	357	349	444	227	356	30
YDR469W	IV	1399015	1399542	+	528	145	93	184	104	177	28
YDR470C	IV	1399706	1401214	-	1509	307	213	348	244	343	54
YDR105C	IV	665349	666770	-	1422	566	535	790	478	772	92
YDR483W	IV	1421157	1422485	+	1329	1758	1895	2325	1701	2560	307
YDL123W	IV	241418	241840	+	423	667	493	617	405	691	89
YDL199C	IV	101290	103353	-	2064	118	128	151	122	146	26
YDR505C	IV	1456695	1459220	-	2526	467	429	494	450	672	102
YDL045W-A	IV	372248	372535	+	288	142	141	246	158	167	27
YDL045C	IV	372688	373608	-	921	142	166	260	147	234	34
YDR361C	IV	1195412	1196263	-	852	336	303	455	287	380	51
YDR406W-A	IV	1283799	1284044	+	246	6	4	6	3	3	0
YDR199W	IV	854175	854540	+	366	37	11	18	21	30	0
YDR266C	IV	1000104	1002023	-	1920	531	462	616	503	709	93
YDL242W	IV	18959	19312	+	354	40	37	30	34	50	9
YDR002W	IV	453045	453650	+	606	636	686	1357	708	1102	158
YDR214W	IV	892875	893927	+	1053	525	438	648	485	605	95
YDR130C	IV	715747	716622	-	876	199	184	281	162	306	46
YDL176W	IV	142097	144223	+	2127	178	144	200	151	218	27
YDR358W	IV	1190059	1191732	+	1674	358	406	523	404	633	84
YDR544C	IV	1525095	1525523	-	429	0	0	0	0	0	0
YDR460W	IV	1383811	1384776	+	966	137	112	171	115	180	42
snR84	IV	1492477	1493026	-	550	41	43	84	29	56	2
YDR034W-B	IV	521314	521469	+	156	8	5	12	15	8	3
YDL028C	IV	400997	403291	-	2295	289	260	285	179	305	51
YDR061W	IV	574164	575783	+	1620	275	305	409	243	455	62
YDR060W	IV	570649	573726	+	3078	825	700	807	528	833	98
YDR169C-A	IV	794574	794723	-	150	16	15	13	12	8	4
YDR363W	IV	1199183	1200553	+	1371	116	119	161	115	218	22
YDR422C	IV	1315326	1317773	-	2448	442	421	474	320	578	84
YDR119W	IV	688227	690533	+	2307	463	512	627	436	590	84
tR(ACG)D	IV	619969	620041	-	73	0	1	0	0	0	0
YDR097C	IV	640109	643837	-	3729	164	106	180	98	202	36
YDR042C	IV	540601	541203	-	603	10	13	13	15	21	7
YDL160C	IV	170410	171930	-	1521	1663	1096	1216	1385	1920	285
YDR425W	IV	1320064	1321941	+	1878	276	218	231	201	391	48
snR13	IV	1402919	1403042	+	124	17	12	61	11	19	2
YDR228C	IV	921926	923806	-	1881	530	392	479	493	590	60
YDR319C	IV	1105003	1105827	-	825	213	165	284	199	310	57
YDR471W	IV;IV	1401770;1402185	1401800;1402564	+;+	411	1483	1883	3126	1758	2420	334
YDR089W	IV	622112	624721	+	2610	572	556	728	359	578	80
tD(GUC)D	IV	568964	569035	+	72	0	0	2	2	1	0
YDR275W	IV	1012252	1012959	+	708	204	196	263	141	232	27
YDR043C	IV	542674	543369	-	696	503	424	554	659	789	110
YDR129C	IV;IV	713340;715359	715247;715379	-;-	1929	1568	1451	2527	1389	1980	364
YDR136C	IV	727711	728283	-	573	2	2	4	0	0	0
YDL066W	IV	334835	336121	+	1287	2869	2383	3730	2292	3164	473
YDR302W	IV	1067731	1068390	+	660	194	242	306	206	298	38
YDR239C	IV	941057	943420	-	2364	305	204	234	146	242	28
YDR539W	IV	1512094	1513605	+	1512	434	389	529	309	498	67
tK(CUU)D1	IV	1201750	1201822	+	73	0	0	0	0	0	0
YDL125C	IV;IV	239019;239510	239398;239606	-;-	477	1035	909	1571	1087	1541	216
YDR493W	IV	1436217	1436588	+	372	175	170	206	147	200	13
YDR101C	IV	655686	657467	-	1782	229	218	230	168	195	15
YDR182W-A	IV	829151	829354	+	204	21	12	21	7	18	0
YDR212W	IV	887232	888911	+	1680	758	622	1129	576	916	127
YDR476C	IV	1410453	1411127	-	675	485	468	666	362	595	97
YDL131W	IV	227393	228715	+	1323	2914	2982	3865	3222	4750	821
YDR458C	IV	1380055	1382046	-	1992	178	191	245	141	251	48
YDR081C	IV	607304	610081	-	2778	698	597	566	564	842	120
YDL071C	IV	330666	331040	-	375	16	10	10	7	8	2
YDR113C	IV	680496	681617	-	1122	235	209	325	225	314	49
YDR168W	IV	790328	791848	+	1521	984	905	1353	948	1356	166
YDR520C	IV	1481085	1483403	-	2319	141	149	157	127	159	15
YDR307W	IV	1075865	1077853	+	1989	268	318	366	217	421	76
YDR265W	IV	998864	999877	+	1014	106	118	174	127	164	29
YDL076C	IV	320668	321552	-	885	310	302	474	313	496	57
YDL006W	IV	439909	440754	+	846	195	146	224	149	154	52
YDL086W	IV	301413	302234	+	822	119	154	201	154	230	30
YDR238C	IV	937895	940816	-	2922	985	869	1357	861	1269	173
YDR077W	IV	600793	601809	+	1017	18779	16797	16786	20258	24336	4237
YDR381C-A	IV;IV	1238312;1238825	1238630;1238850	-;-	345	193	156	198	153	189	47
YDL023C	IV	411761	412081	-	321	2	1	3	3	0	1
YDL083C	IV;IV	306926;307766	307333;307789	-;-	432	1131	1566	2064	1258	2372	191
YDR036C	IV	523211	524713	-	1503	404	353	387	347	407	77
YDR057W	IV	565927	567555	+	1629	362	282	362	294	369	28
YDR513W	IV	1471017	1471448	+	432	832	964	1772	913	1426	157
YDR487C	IV	1428354	1428980	-	627	1285	1322	1779	1118	1763	253
YDR066C	IV	581908	582498	-	591	80	72	74	77	119	17
YDR352W	IV	1181801	1182754	+	954	269	280	330	209	373	33
YDR278C	IV	1017001	1017318	-	318	0	3	0	1	0	0
YDR079C-A	IV	603593	603811	-	219	31	61	61	47	78	14
YDR204W	IV	858137	859144	+	1008	382	352	551	412	506	83
YDL247W-A	IV	3762	3836	+	75	8	10	15	13	21	0
YDL024C	IV	408451	409857	-	1407	24	14	30	34	16	0
tA(AGC)D	IV	410379	410451	+	73	0	0	0	0	0	0
YDR109C	IV	673520	675667	-	2148	79	88	146	101	161	19
YDR466W	IV	1395121	1397817	+	2697	562	406	356	377	577	83
YDR427W	IV	1322205	1323386	+	1182	1065	1042	1496	878	1400	191
YDL044C	IV	373967	375289	-	1323	93	76	96	83	120	14
YDL079C	IV;IV	312951;314337	314044;314748	-;-	1506	141	147	225	200	195	54
YDR193W	IV	844554	844952	+	399	0	2	0	0	0	0
YDR305C	IV;IV	1072746;1073402	1073312;1073488	-;-	654	187	145	181	149	272	22
YDR377W	IV	1228611	1228916	+	306	253	359	609	341	447	40
YDR219C	IV	905455	906852	-	1398	290	333	354	264	422	60
YDR416W	IV	1298432	1301011	+	2580	244	246	330	157	278	54
YDR365C	IV	1204497	1206383	-	1887	989	960	1172	750	1319	180
YDL233W	IV	36797	38173	+	1377	153	121	162	105	150	25
YDR287W	IV	1035995	1036873	+	879	320	197	310	215	309	48
YDR448W	IV	1356065	1357369	+	1305	127	123	158	96	154	20
YDR180W	IV	821295	825776	+	4482	206	169	206	156	240	14
tF(GAA)D	IV;IV	1095370;1095425	1095405;1095461	-;-	73	2	2	0	0	0	0
tT(AGU)D	IV	434264	434336	-	73	1	0	4	2	0	0
YDR294C	IV	1050459	1052228	-	1770	907	788	1130	858	1221	172
YDR198C	IV	852533	853972	-	1440	130	119	137	109	158	12
YDL163W	IV	166956	167258	+	303	0	0	0	0	0	0
YDL119C	IV	246689	247612	-	924	152	131	132	101	166	21
YDR501W	IV	1451353	1452918	+	1566	80	78	77	68	102	10
YDL214C	IV	74446	76545	-	2100	26	22	34	15	32	4
YDR264C	IV	996029	998323	-	2295	623	600	835	451	730	109
YDR343C	IV	1159608	1161320	-	1713	273	198	320	493	233	20
YDR373W	IV	1222759	1223331	+	573	121	124	277	138	171	32
YDR354W	IV	1184747	1185889	+	1143	717	581	904	580	821	164
YDR246W	IV	954288	954947	+	660	447	377	412	380	569	107
YDR428C	IV	1323454	1324239	-	786	75	78	97	75	111	26
YDR157W	IV	769931	770332	+	402	6	4	6	2	5	0
YDR316W	IV	1093763	1095178	+	1416	185	199	161	126	178	36
YDL142C	IV	201719	202570	-	852	211	221	240	175	269	38
YDR253C	IV	963990	964565	-	576	495	389	577	229	338	70
YDL112W	IV	258915	263225	+	4311	343	345	423	249	410	41
YDR545W	IV	1526321	1531711	+	5391	0	0	0	0	0	0
YDL187C	IV	125509	125838	-	330	0	0	3	0	1	0
YDL138W	IV	213351	215642	+	2292	613	456	384	446	589	127
YDR528W	IV	1494586	1495857	+	1272	380	278	243	162	236	17
YDR284C	IV	1030550	1031419	-	870	576	752	1117	644	876	134
YDR050C	IV	555726	556472	-	747	8316	7840	17708	8759	13213	2018
YDL010W	IV	432330	433025	+	696	29	23	48	40	41	7
YDL065C	IV	336249	337277	-	1029	634	440	684	433	604	92
YDR349C	IV	1172386	1174176	-	1791	630	499	595	429	754	88
YDL098C	IV	284581	285165	-	585	32	37	51	34	61	2
YDL234C	IV	34237	36477	-	2241	603	499	479	475	695	122
YDR118W	IV	685882	687840	+	1959	33	55	76	38	95	22
YDR118W-A	IV	687768	687884	+	117	9	7	15	5	10	4
YDR159W	IV	771877	775782	+	3906	540	474	518	436	669	76
YDR111C	IV	678241	679764	-	1524	274	247	427	287	411	62
YDR128W	IV	709549	712995	+	3447	382	389	458	288	497	64
YDL034W	IV	391783	392127	+	345	10	4	6	4	4	1
YDR065W	IV	580687	581784	+	1098	51	60	63	42	98	16
YDL004W	IV	443029	443511	+	483	595	621	859	605	835	134
YDR024W	IV	491017	491502	+	486	20	54	57	32	77	10
YDL171C	IV	149203	155640	-	6438	1206	862	1428	961	1392	332
YDR083W	IV	612073	613251	+	1179	396	308	356	274	348	46
YDR457W	IV	1369790	1379596	+	9807	896	854	1234	804	1043	151
YDR014W	IV	474046	475989	+	1944	71	70	93	65	86	9
YDR206W	IV	862054	864708	+	2655	426	406	456	348	505	83
YDR478W	IV	1414575	1415171	+	597	31	60	50	48	69	2
YDR169C	IV	792348	793889	-	1542	775	571	561	568	858	139
YDR115W	IV	682175	682492	+	318	37	22	45	46	54	10
YDL159W-A	IV	172182	172313	+	132	2	4	1	1	5	2
YDL232W	IV	38487	38597	+	111	423	393	425	367	689	63
YDL240C-A	IV	22471	22608	-	138	2	0	1	0	1	0
tE(CUC)D	IV	1017207	1017278	-	72	0	0	0	0	0	0
YDL152W	IV	182822	183187	+	366	0	0	0	0	0	0
YDR432W	IV	1328783	1330027	+	1245	2916	1947	3064	2005	3056	569
YDL022C-A	IV	409808	410056	-	249	0	0	0	0	0	0
YDL114W-A	IV	254935	255048	+	114	0	0	0	0	0	0
YDR410C	IV	1292372	1293091	-	720	182	171	308	187	188	34
YDR464C-A	IV	1392492	1392680	-	189	0	0	0	0	0	0
YDL072C	IV	329836	330447	-	612	2135	2132	2712	2059	2751	426
YDR053W	IV	560249	560644	+	396	1	0	3	0	0	0
YDL012C	IV;IV	431108;431473	431386;431517	-;-	324	420	418	448	494	625	103
YDR482C	IV	1420431	1420838	-	408	109	95	126	92	105	29
YDL070W	IV	331024	332940	+	1917	1209	1107	1466	940	1633	192
YDR064W	IV;IV	579458;580018	579478;580452	+;+	456	4911	5336	9773	5542	7062	1287
YDL135C	IV	218680	219288	-	609	351	293	551	258	411	63
YDL077C	IV	316971	320120	-	3150	334	243	253	275	348	60
YDR354C-A	IV	1185139	1185282	-	144	0	0	0	0	0	0
YDL033C	IV	392659	393912	-	1254	106	108	132	101	156	22
YDL031W	IV	394217	397204	+	2988	433	340	389	255	445	47
YDR398W	IV	1267471	1269402	+	1932	389	323	334	222	349	46
YDR326C	IV	1120609	1124925	-	4317	538	551	522	400	652	91
YDL052C	IV	362672	363583	-	912	1287	1130	1346	993	1437	202
YDR536W	IV	1508005	1509714	+	1710	50	51	112	50	84	16
YDR397C	IV;IV	1266366;1266862	1266769;1266898	-;-	441	13	8	10	8	9	1
YDL116W	IV	251566	253746	+	2181	298	309	498	258	413	24
YDR028C	IV	497835	500879	-	3045	1191	1030	1268	1026	1683	266
YDL007W	IV	438047	439360	+	1314	1721	1365	2207	1486	1911	327
YDR236C	IV	935236	935892	-	657	338	324	450	313	366	67
YDR011W	IV	465919	470424	+	4506	1636	1376	1780	1057	1814	305
YDR155C	IV	768512	769000	-	489	960	1149	2376	1358	1723	333
YDR414C	IV	1295598	1296686	-	1089	222	239	291	199	308	38
YDR026C	IV	492556	494268	-	1713	432	320	489	333	407	67
YDL073W	IV	326613	329567	+	2955	256	242	325	170	370	47
tY(GUA)D	IV;IV	946312;946365	946350;946400	+;+	75	3	1	4	0	1	0
YDL115C	IV;IV	253995;255045	254974;255126	-;-	1062	188	204	319	161	268	26
YDL145C	IV	194571	198176	-	3606	2419	1982	2616	1810	2634	371
YDR203W	IV	857682	857999	+	318	0	0	0	0	0	0
YDL104C	IV	273653	274876	-	1224	71	59	99	63	91	13
YDL149W	IV	184925	187918	+	2994	247	252	350	251	274	32
YDR231C	IV	926293	926910	-	618	95	72	124	88	89	28
YDR045C	IV	547978	548310	-	333	42	37	67	30	47	6
YDL075W	IV;IV	322226;322704	322282;322988	+;+	342	2176	1789	3049	1809	2654	393
YDR415C	IV	1297037	1298161	-	1125	206	216	317	157	305	34
YDR339C	IV	1149951	1150520	-	570	700	665	787	515	672	106
YDL213C	IV	77289	77966	-	678	360	427	395	360	581	54
YDR096W	IV	637139	639823	+	2685	549	417	469	565	695	87
YDL019C	IV	417663	421514	-	3852	1565	1127	1539	1135	1721	232
YDL022W	IV	411825	413000	+	1176	3002	2042	3502	2297	3127	742
YDR413C	IV	1294836	1295411	-	576	8	0	3	3	0	2
YDR391C	IV	1257358	1258056	-	699	442	378	623	496	726	138
YDR091C	IV	626708	628534	-	1827	1153	946	1217	843	1194	171
YDR240C	IV	943674	945152	-	1479	146	124	161	100	189	22
YDL244W	IV	16204	17226	+	1023	14	10	12	10	8	6
YDR179C	IV	818708	819196	-	489	27	21	41	12	21	0
YDL165W	IV	164290	164865	+	576	132	146	185	111	180	23
YDL140C	IV	205360	210561	-	5202	2264	1755	1686	1683	2198	350
YDR120C	IV	691549	693261	-	1713	357	316	434	189	334	34
YDR003W	IV	454122	454754	+	633	270	341	498	304	523	48
YDR499W	IV	1447830	1450073	+	2244	149	154	191	124	190	40
YDR166C	IV	786306	789221	-	2916	397	344	454	355	560	46
YDL092W	IV	292781	293221	+	441	324	325	674	287	451	51
YDL041W	IV	378102	378455	+	354	0	0	0	0	0	0
YDL241W	IV	20635	21006	+	372	34	35	47	37	70	10
YDL082W	IV;IV	308424;308793	308427;309388	+;+	600	6233	4732	7014	4742	6325	1169
YDR277C	IV	1014401	1015702	-	1302	338	302	439	557	670	75
YDR291W	IV	1039728	1042961	+	3234	177	160	236	155	231	36
YDR475C	IV	1407464	1410094	-	2631	629	580	705	589	907	151
YDR244W	IV	950563	952401	+	1839	203	190	228	172	259	50
YDR407C	IV	1284069	1287938	-	3870	669	554	921	393	682	116
YDR382W	IV	1239492	1239824	+	333	3146	3736	5446	4066	4650	1131
YDR102C	IV	657648	657980	-	333	5	7	7	4	3	0
YDL188C	IV	123865	124998	-	1134	357	433	594	379	538	80
YDR405W	IV	1277646	1278437	+	792	493	424	557	459	594	102
YDR443C	IV	1345676	1349938	-	4263	319	239	305	268	307	57
YDR059C	IV;IV	569234;569724	569633;569770	-;-	447	213	175	323	205	290	41
YDR144C	IV	744311	746101	-	1791	337	283	391	234	408	47
YDL157C	IV	174232	174588	-	357	67	98	184	51	127	19
YDL058W	IV	345665	351037	+	5373	448	415	562	334	423	68
YDL096C	IV	286998	287324	-	327	0	0	0	0	0	0
YDL155W	IV	176773	178056	+	1284	325	262	292	214	297	63
YDR147W	IV	751631	753235	+	1605	196	183	265	198	263	38
YDL191W	IV;IV	117664;118158	117666;118517	+;+	363	1605	1745	2646	1578	2577	380
YDL128W	IV	232652	233887	+	1236	1146	1040	1323	1035	1464	249
YDR310C	IV	1081128	1084316	-	3189	588	469	522	373	674	90
YDL160C-A	IV	169366	169608	-	243	65	75	134	76	146	16
YDR127W	IV	704484	709250	+	4767	2890	1997	3354	2584	2921	584
YDR497C	IV	1443713	1445467	-	1755	4447	5062	6180	4344	6632	996
YDL162C	IV	167359	167715	-	357	0	0	2	0	0	0
tS(AGA)D3	IV	1305630	1305712	+	83	0	0	0	0	0	0
YDR201W	IV	856317	856814	+	498	26	51	72	28	55	5
YDR163W	IV	781423	781950	+	528	164	133	164	132	220	40
YDL146W	IV	192750	194225	+	1476	205	191	309	228	329	46
YDR363W-A	IV	1202128	1202397	+	270	330	374	463	290	464	87
YDL221W	IV	62011	62562	+	552	13	9	18	9	15	2
YDL089W	IV	296820	298274	+	1455	228	251	331	178	349	30
YDR385W	IV	1243230	1245758	+	2529	1792	1998	2856	1746	2858	371
YDR331W	IV	1129588	1130823	+	1236	132	145	152	103	243	29
YDR196C	IV	850274	850999	-	726	177	176	315	211	288	47
YDR116C	IV	682724	683581	-	858	246	212	337	206	280	48
YDR001C	IV	450220	452475	-	2256	992	834	1229	893	1476	208
YDL230W	IV	42700	43707	+	1008	251	204	378	206	284	44
YDR160W	IV	776163	778721	+	2559	160	168	220	162	211	26
YDR123C	IV	698554	699468	-	915	313	262	173	156	325	48
YDR322W	IV	1110589	1111692	+	1104	197	170	306	170	234	33
YDR040C	IV	535192	538467	-	3276	104	119	178	72	166	14
YDR025W	IV;IV	491515;491899	491559;492324	+;+	471	2040	2349	2545	2076	3503	384
YDR046C	IV	548762	550576	-	1815	3258	2884	3935	2563	3055	525
YDL057W	IV	351434	352420	+	987	82	76	88	102	110	20
YDL248W	IV	1802	2953	+	1152	89	108	132	94	175	12
YDR008C	IV	462252	462602	-	351	15	5	12	6	14	3
YDR029W	IV	501100	501414	+	315	12	14	26	11	33	2
YDR485C	IV	1424820	1427207	-	2388	449	373	402	345	582	78
YDR408C	IV	1288215	1288859	-	645	558	505	802	437	701	135
YDR038C	IV	527422	530697	-	3276	200	157	162	133	196	24
YDL204W	IV	94605	95786	+	1182	829	621	981	1138	1307	228
YDR019C	IV	484163	485365	-	1203	2749	1824	1892	1335	1982	280
YDR477W	IV	1412373	1414274	+	1902	648	561	692	562	820	105
YDR254W	IV	965113	966489	+	1377	337	307	400	234	367	63
YDR514C	IV	1471548	1472999	-	1452	104	108	96	85	97	17
YDR296W	IV	1055212	1055892	+	681	235	193	262	264	243	70
YDL216C	IV	68997	70319	-	1323	100	76	142	79	137	25
YDL100C	IV	282112	283176	-	1065	1407	1116	1751	996	1573	243
YDL068W	IV	333500	333829	+	330	0	2	2	5	2	0
YDL026W	IV	404749	405060	+	312	0	0	0	0	0	0
YDL124W	IV	240259	241197	+	939	10559	9099	15279	8645	12083	1785
YDL227C	IV	46271	48031	-	1761	224	186	240	114	208	34
YDL111C	IV	263313	264110	-	798	321	252	351	299	337	42
YDR324C	IV	1114433	1116763	-	2331	349	261	276	195	285	46
YDL170W	IV	156318	157904	+	1587	753	511	708	558	697	92
YDR317W	IV	1102184	1103428	+	1245	94	113	82	102	139	17
YDR436W	IV	1334821	1336953	+	2133	434	342	389	350	494	76
YDR208W	IV	868224	870563	+	2340	713	569	684	565	758	152
YDR386W	IV	1246084	1247982	+	1899	120	114	144	79	142	14
YDR504C	IV	1456311	1456694	-	384	45	55	100	93	97	12
YDL220C	IV	62244	65018	-	2775	174	124	153	139	219	36
YDR396W	IV	1266295	1266795	+	501	22	10	17	13	20	6
YDR258C	IV	971808	974243	-	2436	704	558	1166	627	1037	186
YDR176W	IV	814452	816560	+	2109	464	450	711	443	732	96
YDL099W	IV	283419	284444	+	1026	1001	849	1010	818	1202	177
YDR380W	IV	1234218	1236125	+	1908	208	206	242	243	377	57
YDL110C	IV	264512	264964	-	453	703	575	645	776	984	204
YDR148C	IV	753675	755066	-	1392	951	843	1530	1111	1421	240
YDL201W	IV	99561	100421	+	861	194	210	246	192	246	26
YDL107W	IV	268921	269976	+	1056	81	73	150	62	96	4
YDR515W	IV	1473429	1474772	+	1344	134	133	145	84	190	21
YDR133C	IV	720962	721297	-	336	2335	2489	3275	3285	4167	692
YDR378C	IV	1229349	1229609	-	261	234	217	251	177	385	38
YDR473C	IV	1404445	1405854	-	1410	182	130	185	120	196	28
YDR403W	IV	1274602	1276212	+	1611	40	40	41	23	41	8
YDR268W	IV	1004004	1005143	+	1140	123	156	237	146	223	21
YDR409W	IV	1289406	1292120	+	2715	441	334	385	351	555	52
YDR173C	IV	810565	811632	-	1068	58	40	74	56	51	2
YDR187C	IV	836228	836746	-	519	3	0	3	0	1	0
YDR389W	IV	1252537	1254501	+	1965	607	526	582	467	726	113
YDR417C	IV	1301555	1301926	-	372	1	5	0	2	0	0
YDR165W	IV	784871	786205	+	1335	597	451	539	337	501	48
YDL113C	IV	256633	258555	-	1923	421	344	459	280	602	94
YDR426C	IV	1321629	1322006	-	378	2	4	0	1	3	0
YDR521W	IV	1483141	1483476	+	336	0	0	1	0	3	0
YDR086C	IV	616928	617170	-	243	463	578	856	455	739	95
YDL021W	IV	413953	414888	+	936	161	131	255	179	231	32
YDR023W	IV	489508	490896	+	1389	1832	2055	3272	1993	2896	353
YDR394W	IV	1261681	1262967	+	1287	1276	1132	1515	1017	1521	274
YDR320C-A	IV	1108280	1108498	-	219	226	166	266	227	268	45
YDR003W-A	IV	454782	454904	+	123	64	65	91	73	75	8
YDR183W	IV	829585	830277	+	693	32	52	90	56	72	14
YDR245W	IV	952800	953981	+	1182	326	318	560	284	486	48
YDR431W	IV	1328390	1328701	+	312	0	0	0	0	0	0
YDL154W	IV	178334	181039	+	2706	23	27	57	28	41	4
YDL184C	IV	130407	130484	-	78	2191	1814	4205	1752	3127	300
YDR153C	IV	766736	767971	-	1236	407	385	534	411	546	73
YDR014W-A	IV	477797	478285	+	489	7	11	12	11	9	0
YDR434W	IV	1331237	1332841	+	1605	233	281	412	201	350	54
YDL002C	IV	446967	447578	-	612	193	172	264	174	258	22
YDR225W	IV	915530	915928	+	399	1177	1417	2240	1218	1879	253
YDR418W	IV	1301616	1302113	+	498	576	649	983	581	896	111
YDR224C	IV	914317	914712	-	396	1565	1844	2317	1758	2434	230
YDR502C	IV	1453310	1454464	-	1155	3901	4150	7838	2049	3303	486
YDR447C	IV;IV	1354829;1355551	1355236;1355553	-;-	411	1487	1876	2653	1469	3156	290
YDL039C	IV	381985	384081	-	2097	201	224	125	241	383	30
YDL225W	IV	52445	54100	+	1656	416	358	555	366	623	88
YDR259C	IV	974631	975782	-	1152	50	58	80	70	88	23
YDR495C	IV	1438115	1441150	-	3036	298	241	354	238	331	42
YDL151C	IV	183318	183899	-	582	1	1	0	1	0	0
YDR357C	IV	1189199	1189567	-	369	372	306	470	344	421	70
YDR370C	IV	1217782	1219110	-	1329	117	96	126	87	103	22
YDR298C	IV	1058176	1058814	-	639	646	640	1066	666	969	120
YDR276C	IV	1013476	1013643	-	168	2002	1767	2326	1938	3164	341
YDL185C-A	IV	126608	126835	-	228	0	1	1	1	3	1
YDR545C-A	IV	1530863	1531342	-	480	0	0	0	0	0	0
tM(CAU)D	IV	1175829	1175901	+	73	0	0	0	0	0	0
YDL247W	IV	5985	7814	+	1830	0	0	0	5	0	0
YDR406W	IV	1279210	1283799	+	4590	302	225	340	223	364	54
YDR273W	IV	1010176	1011273	+	1098	107	85	109	84	80	10
YDR269C	IV	1005665	1005988	-	324	0	0	0	0	0	0
YDR453C	IV	1365072	1365662	-	591	1603	1170	1717	659	727	109
YDR383C	IV	1239960	1240676	-	717	86	75	139	67	185	14
YDR375C	IV	1225166	1226536	-	1371	377	284	415	302	336	55
YDL161W	IV	167714	169078	+	1365	582	509	532	458	732	146
YDL051W	IV	363952	364779	+	828	182	188	291	125	272	29
YDR084C	IV	613405	614004	-	600	213	257	392	247	410	58
YDL056W	IV	352877	355378	+	2502	405	399	383	314	510	84
YDR344C	IV	1162006	1162449	-	444	5	12	13	8	12	2
YDR320C	IV	1106095	1108101	-	2007	465	378	521	375	544	64
YDR221W	IV	907330	909438	+	2109	537	444	584	370	553	89
tI(AAU)D	IV	668007	668080	-	74	0	0	0	0	0	0
YDL032W	IV	393690	394001	+	312	0	0	0	0	0	0
YDR456W	IV	1367485	1369386	+	1902	911	792	1008	761	921	169
YDL036C	IV	387513	388901	-	1389	92	67	121	88	101	26
tL(CAA)D	IV;IV	1461715;1461792	1461758;1461829	-;-	82	0	0	0	0	0	0
YDL217C	IV	67983	68606	-	624	122	114	170	84	164	27
snR63	IV	323217	323471	-	255	90	63	107	56	91	28
YDR334W	IV	1135932	1140476	+	4545	282	250	392	238	403	48
YDL049C	IV	365068	365874	-	807	64	62	85	59	121	26
YDL164C	IV	164987	167254	-	2268	149	144	277	146	243	27
YDR384C	IV	1241204	1242031	-	828	223	147	217	202	372	40
YDR149C	IV	755555	756262	-	708	0	0	0	0	0	0
YDR093W	IV	631282	636120	+	4839	317	280	480	289	459	72
YDR071C	IV	588827	589402	-	576	595	644	959	580	875	114
YDL143W	IV	199996	201582	+	1587	961	801	1048	721	1035	191
YDR032C	IV	504099	504695	-	597	762	604	1263	790	855	163
tR(UCU)D	IV	568882	568953	+	72	0	0	0	0	0	0
YDR063W	IV	578663	579112	+	450	611	637	712	668	938	170
YDL166C	IV	163449	164042	-	594	119	79	151	74	115	14
YDR004W	IV	455201	456583	+	1383	249	207	320	161	241	29
YDR151C	IV	764178	765155	-	978	176	196	284	194	291	29
YDR037W	IV	525440	527215	+	1776	9088	6855	9893	7623	10259	1436
YDL175C	IV	144484	145518	-	1035	116	107	135	109	113	16
YDR286C	IV	1035231	1035575	-	345	38	16	29	27	37	5
YDR172W	IV	808324	810381	+	2058	943	908	1100	834	1156	234
YDL174C	IV	145826	147589	-	1764	1432	1108	1754	1210	1603	264
YDR080W	IV	604008	606986	+	2979	234	223	320	200	328	47
YDR503C	IV	1455042	1455866	-	825	76	51	96	64	80	13
YDR069C	IV	584939	587719	-	2781	194	188	249	188	315	40
YDR047W	IV	551860	552948	+	1089	500	447	629	460	623	75
YDR215C	IV	894089	894502	-	414	0	3	4	9	5	0
YDR267C	IV	1002510	1003502	-	993	105	86	137	101	128	20
YDR142C	IV	740473	741600	-	1128	179	194	329	212	273	45
YDL212W	IV	78426	79058	+	633	469	575	790	459	757	120
YDR249C	IV	958681	959802	-	1122	97	120	161	83	128	22
YDL209C	IV	86207	87226	-	1020	115	89	122	80	135	24
YDR044W	IV	546642	547628	+	987	2534	1942	2203	2010	2301	258
tK(UUU)D	IV;IV	359577;359637	359613;359672	+;+	73	1	1	8	2	5	0
YDR311W	IV	1085065	1086993	+	1929	271	271	304	267	362	78
YDL159C-B	IV	173056	173232	-	177	0	0	0	0	0	0
YDR222W	IV	910054	911301	+	1248	194	230	330	212	325	40
YDR510C-A	IV	1469695	1469811	-	117	165	80	79	71	143	16
YDR401W	IV	1272223	1272786	+	564	1	0	3	0	0	0
YDR207C	IV	865012	867522	-	2511	311	246	284	305	425	104
YDL005C	IV	441014	442309	-	1296	431	339	372	397	602	134
YDR295C	IV	1052623	1054647	-	2025	261	235	378	256	359	46
YDR543C	IV	1524634	1524933	-	300	0	0	0	0	0	0
YDL208W	IV	87512	87982	+	471	1401	1613	2012	1309	2033	260
YDR135C	IV	723004	727551	-	4548	674	589	825	562	873	108
YDL114W	IV	255604	256530	+	927	7	2	1	4	0	0
YDR247W	IV	956013	957398	+	1386	1219	712	1223	1009	1238	148
YDL197C	IV	104917	106494	-	1578	346	274	254	313	490	67
YDR229W	IV	924785	926146	+	1362	459	323	432	369	479	68
YDR095C	IV	636117	636527	-	411	2	2	0	0	2	0
YDR027C	IV	494649	497318	-	2670	334	315	438	322	518	74
YDL106C	IV	270222	271901	-	1680	293	232	287	260	399	54
YDR404C	IV	1276654	1277169	-	516	381	349	576	403	524	71
YDR256C	IV	968133	969680	-	1548	155	119	190	105	210	34
YDR518W	IV	1478608	1480161	+	1554	563	522	663	371	665	64
YDR055W	IV	563527	564861	+	1335	861	963	1059	1093	1332	208
YDL087C	IV	300214	300999	-	786	61	55	75	62	61	19
YDR177W	IV	816878	817525	+	648	677	711	1142	698	897	141
YDL014W	IV	427364	428347	+	984	2324	1862	2380	1601	2349	306
YDR289C	IV	1038280	1039509	-	1230	147	123	171	113	162	26
YDL159W	IV	172481	174028	+	1548	100	86	89	83	94	15
YDR532C	IV	1499396	1500553	-	1158	91	52	179	78	142	26
YDR137W	IV	728259	730250	+	1992	371	300	501	382	607	56
YDL153C	IV	181186	183018	-	1833	260	180	229	183	262	28
YDR393W	IV	1259901	1261271	+	1371	192	195	271	157	274	52
YDR506C	IV	1459728	1461554	-	1827	196	169	205	168	230	34
YDL219W	IV;IV	65242;65378	65306;65765	+;+	453	47	66	130	36	93	10
YDL090C	IV	295034	296329	-	1296	314	302	402	268	351	52
YDR033W	IV	508147	509109	+	963	3759	5145	5937	4437	7238	1146
YDR035W	IV	521816	522928	+	1113	2423	2045	3486	2317	3318	477
YDR332W	IV	1131001	1133070	+	2070	148	111	190	133	162	22
YDR510W	IV	1469400	1469705	+	306	764	741	887	630	1079	93
YDL055C	IV	355674	356759	-	1086	4726	4934	7120	4136	6696	691
YDR480W	IV	1417399	1418370	+	972	188	190	238	210	201	48
YDL103C	IV	275148	276581	-	1434	261	274	396	217	286	58
YDL085C-A	IV	302464	302670	-	207	291	334	509	295	378	135
YDR350C	IV	1176120	1178174	-	2055	168	196	261	189	299	24
YDR342C	IV	1154216	1155928	-	1713	1063	758	1095	2104	1308	212
YDR087C	IV	617470	618306	-	837	177	122	171	118	129	8
YDL236W	IV	32296	33234	+	939	248	257	462	247	425	69
YDR012W	IV	471853	472941	+	1089	4904	3957	6093	4422	5471	1053
YDL121C	IV	245133	245582	-	450	53	59	184	60	103	17
YDR525W-A	IV	1490596	1490835	+	240	446	440	873	548	626	71
tG(GCC)D2	IV	992832	992902	+	71	20	14	13	14	21	6
YDL190C	IV	118707	121592	-	2886	665	602	920	603	924	138
YDL047W	IV	369771	370706	+	936	464	484	631	487	741	85
YDR099W	IV	653607	654428	+	822	2411	2481	3042	2416	4115	451
YDR092W	IV;IV	629876;630174	629905;630605	+;+	462	633	515	734	468	631	130
YDR164C	IV	782041	784215	-	2175	424	426	475	377	555	70
YDR058C	IV	567723	568703	-	981	80	110	147	112	129	18
YDL020C	IV	415113	416708	-	1596	617	490	565	417	687	102
YDL025C	IV	405344	407206	-	1863	648	531	591	546	708	129
YDR374C	IV	1223474	1224394	-	921	2	0	0	4	2	0
YDL207W	IV	88248	89864	+	1617	566	478	525	454	646	80
YDR270W	IV	1005675	1008689	+	3015	132	82	154	84	138	20
YDR152W	IV	765706	766503	+	798	604	536	729	527	681	94
YDL148C	IV	188154	190586	-	2433	394	399	354	261	384	50
tI(UAU)D	IV;IV	884361;884458	884397;884493	+;+	73	0	0	1	0	0	0
YDR379C-A	IV	1233278	1233517	-	240	252	278	362	270	363	40
YDR218C	IV	903781	905052	-	1272	5	13	14	8	8	2
YDL018C	IV	422833	423510	-	678	87	107	174	83	138	34
YDR507C	IV	1462358	1465786	-	3429	597	421	676	383	627	77
YDL003W	IV	444683	446383	+	1701	398	296	354	278	293	58
YDR524C-B	IV	1489598	1489798	-	201	7769	8843	13382	9383	12900	2681
YDR371W	IV	1219413	1220948	+	1536	124	116	168	111	195	29
YDR359C	IV	1191936	1194884	-	2949	503	441	419	389	602	86
YDL180W	IV	135896	137539	+	1644	391	379	425	290	381	70
YDL133W	IV	222427	223740	+	1314	244	236	306	187	301	48
YDR335W	IV	1141168	1144842	+	3675	1153	943	1440	764	1232	155
YDR351W	IV	1178666	1181260	+	2595	320	311	268	238	374	50
YDL150W	IV	183343	184611	+	1269	322	246	331	270	283	53
YDL177C	IV	141209	141721	-	513	139	129	89	92	167	29
YDR171W	IV	806621	807748	+	1128	2111	1873	2967	2337	3001	599
YDR364C	IV	1202843	1204210	-	1368	105	125	170	115	177	30
YDR309C	IV	1079048	1080199	-	1152	1050	880	815	644	971	106
YDL239C	IV	26403	28775	-	2373	194	128	267	136	227	24
YDL228C	IV	45277	45918	-	642	60	43	45	37	58	2
YDL156W	IV	174918	176486	+	1569	76	63	94	31	85	10
YDL016C	IV	425570	425872	-	303	168	132	190	150	198	33
tX(XXX)D	IV	1150842	1150941	-	100	0	0	0	0	0	0
YDR524W-C	IV	1489403	1489492	+	90	469	856	1424	729	1305	97
YDL085W	IV	303211	304848	+	1638	56	50	76	44	62	12
YDR300C	IV	1061505	1062791	-	1287	251	222	345	181	288	50
YDL168W	IV	159604	160764	+	1161	297	274	458	241	298	58
YDR360W	IV	1194598	1195032	+	435	19	16	9	9	7	0
YDR195W	IV	848599	850200	+	1602	368	294	468	290	488	76
YDR321W	IV	1108702	1109847	+	1146	438	416	496	398	584	117
YDR237W	IV	936615	937493	+	879	235	305	379	266	362	33
YDL127W	IV	234927	235853	+	927	339	323	401	245	356	27
YDR107C	IV	669016	671034	-	2019	190	206	303	220	313	31
YDR472W	IV	1403322	1404173	+	852	376	355	488	336	505	57
YDL030W	IV	397537	399129	+	1593	137	128	181	129	176	20
YDR468C	IV	1398026	1398700	-	675	169	152	246	168	186	27
YDL084W	IV	305237	306577	+	1341	2032	2087	3078	1845	3002	362
YDL203C	IV	96082	97953	-	1872	257	204	203	166	286	26
YDL025W-A	IV	405410	405514	+	105	0	0	0	0	0	0
YDR285W	IV	1032436	1035063	+	2628	78	98	106	81	183	7
YDL229W	IV	44065	45906	+	1842	2557	2309	3516	2389	3663	539
YDR329C	IV	1126270	1127595	-	1326	370	392	582	387	534	78
YDR034C	IV	509737	512109	-	2373	669	631	809	762	1177	159
YDR009W	IV	463434	464996	+	1563	36	31	31	16	23	4
tS(AGA)D2	IV	980974	981055	-	82	0	1	2	2	0	4
YDR488C	IV	1429188	1430789	-	1602	65	112	73	64	115	26
YDR103W	IV	658350	661103	+	2754	571	427	434	359	621	99
YDR336W	IV	1145092	1146036	+	945	78	59	113	94	112	16
YDL101C	IV	280307	281848	-	1542	76	87	96	61	121	37
YDR162C	IV	780390	781100	-	711	174	145	166	139	205	33
YDR312W	IV	1087581	1088942	+	1362	223	154	182	110	190	22
YDL061C	IV	340628	340798	-	171	351	412	522	396	539	75
YDL040C	IV	378874	381438	-	2565	1767	1354	2139	1232	1759	232
YDR145W	IV	746738	748357	+	1620	736	579	710	617	969	180
YDR124W	IV	700315	701289	+	975	121	131	217	129	208	28
YDL231C	IV	38867	42244	-	3378	554	553	790	452	729	90
YDR190C	IV	840604	841995	-	1392	781	714	1031	620	908	141
YDL064W	IV;IV	337487;337635	337524;338070	+;+	474	301	327	412	283	411	65
YDR463W	IV	1386816	1388375	+	1560	623	539	573	468	685	88
YDR491C	IV	1434500	1434991	-	492	61	57	69	50	78	1
YDR449C	IV	1357580	1358902	-	1323	92	87	98	60	78	12
YDL035C	IV	389172	392057	-	2886	445	422	525	454	606	73
YDR074W	IV	593893	596583	+	2691	3110	2380	3722	3051	4912	919
YDR525W	IV	1489905	1490234	+	330	1	0	3	0	1	0
YDR257C	IV	969990	971474	-	1485	314	245	539	253	409	82
YDR402C	IV	1272234	1273703	-	1470	7	9	14	9	17	6
YDR450W	IV;IV	1359923;1360405	1359969;1360798	+;+	441	1506	1589	2357	1592	2511	370
YDR376W	IV	1226822	1228303	+	1482	206	208	347	177	269	34
YDR161W	IV	779043	780206	+	1164	440	368	499	337	494	72
YDR090C	IV	625066	625998	-	933	238	269	409	201	312	62
YDR189W	IV	838392	840392	+	2001	1075	934	1050	830	1192	170
YDR524C	IV	1487542	1488990	-	1449	348	304	315	262	432	31
YDL237W	IV	30657	31829	+	1173	385	465	640	391	573	46
YDR188W	IV	836421	838061	+	1641	683	634	919	515	801	125
YDL133C-A	IV	221724	221801	-	78	381	229	510	245	392	39
YDR531W	IV	1498232	1499335	+	1104	542	530	754	475	623	85
tG(GCC)D1	IV	83548	83618	+	71	0	0	0	0	0	0
YDR226W	IV	916486	917154	+	669	1729	2009	2697	1766	2998	381
YDL054C	IV	359825	361285	-	1461	440	352	408	363	455	116
YDL205C	IV	92762	93745	-	984	557	468	719	531	818	153
YDR537C	IV	1510856	1511461	-	606	0	3	1	0	2	0
YDR496C	IV	1441433	1443403	-	1971	845	615	658	458	586	56
YDR313C	IV	1089219	1090079	-	861	176	168	248	179	221	24
YDL108W	IV;IV	267698;267807	267725;268699	+;+	921	384	287	341	204	332	38
tV(CAC)D	IV	1075472	1075544	-	73	0	3	4	5	0	0
YDR340W	IV	1150881	1151183	+	303	0	1	1	0	0	0
YDL147W	IV	190924	192261	+	1338	761	775	1300	633	1128	142
YDL081C	IV	309802	310122	-	321	1990	1858	5157	1903	2892	375
YDR283C	IV	1025070	1030049	-	4980	402	322	466	283	392	52
YDR261C	IV	977521	979209	-	1689	449	467	690	424	721	125
YDL211C	IV	79294	80412	-	1119	65	61	46	62	70	14
YDL074C	IV	324047	326149	-	2103	514	517	711	428	709	90
YDL091C	IV	293392	294759	-	1368	379	311	385	350	534	74
YDR346C	IV	1167214	1168659	-	1446	1547	1241	1973	1036	1617	218
YDR072C	IV	589761	591344	-	1584	526	446	540	494	726	126
YDR242W	IV	946807	948456	+	1650	186	165	216	197	299	38
YDR323C	IV	1112480	1114027	-	1548	114	118	146	107	201	25
YDR486C	IV	1427431	1428120	-	690	624	572	570	548	790	140
YDR420W	IV	1306267	1311675	+	5409	615	478	368	407	536	85
YDL122W	IV	242552	244981	+	2430	843	662	718	572	859	137
YDR390C	IV	1254937	1256847	-	1911	659	509	694	561	729	107
YDR481C	IV	1418550	1420250	-	1701	1517	1355	1419	1016	1547	247
YDR318W	IV;IV	1103758;1103893	1103809;1104947	+;+	1107	82	108	177	100	166	26
YDL105W	IV	272389	273597	+	1209	114	113	138	77	141	16
YDL141W	IV	203039	205111	+	2073	311	299	441	299	445	71
YDR400W	IV	1271063	1272085	+	1023	147	109	156	85	141	33
YDR522C	IV	1483795	1485303	-	1509	22	40	50	21	44	10
YDL173W	IV	148191	149078	+	888	379	284	413	331	455	81
YDR279W	IV	1019368	1020420	+	1053	306	212	318	226	319	34
YDR281C	IV	1022007	1022321	-	315	17	12	21	14	26	2
YDR213W	IV	889751	892492	+	2742	351	281	312	197	267	51
YDR179W-A	IV	819433	820824	+	1392	95	107	113	79	126	14
YDR330W	IV	1127872	1129374	+	1503	510	385	567	452	572	108
YDR106W	IV	667004	667858	+	855	20	39	42	18	39	5
YDL178W	IV	139522	141114	+	1593	547	604	692	472	809	131
YDR484W	IV	1422763	1424688	+	1926	219	212	217	169	277	36
YDR308C	IV	1078027	1078449	-	423	113	85	125	69	107	19
YDL192W	IV	116321	116866	+	546	1219	1264	2030	1082	1613	283
YDL202W	IV	98475	99224	+	750	161	155	232	154	247	26
YDR146C	IV	748613	750742	-	2130	744	571	520	508	747	103
YDR241W	IV	945151	945438	+	288	13	10	31	18	32	4
YDL158C	IV	173866	174174	-	309	44	19	32	15	33	4
YDL185W	IV	126787	130002	+	3216	2851	2433	4426	2478	3422	532
YDR251W	IV	960614	963106	+	2493	1476	1268	1345	1177	1869	273
tL(UAA)D	IV	519743	519826	+	84	2	0	0	0	0	0
YDR192C	IV	843569	844861	-	1293	147	139	142	131	197	22
YDR368W	IV	1213904	1214842	+	939	360	407	659	368	586	97
YDR494W	IV	1436930	1438015	+	1086	432	397	486	434	553	66
YDR399W	IV	1270068	1270733	+	666	618	491	599	438	691	105
YDR070C	IV	588098	588379	-	282	593	414	616	700	555	103
YDR138W	IV	730578	732836	+	2259	353	340	317	300	538	65
YDR031W	IV	503498	503863	+	366	102	102	220	120	134	38
YDR255C	IV	966557	967822	-	1266	278	214	318	228	351	27
YDL060W	IV	341619	343985	+	2367	400	294	344	218	369	38
YDR048C	IV	553084	553398	-	315	0	1	0	0	0	0
YDR067C	IV	582791	583465	-	675	196	185	206	163	202	34
YDR126W	IV	703234	704244	+	1011	193	166	191	191	199	32
YDR315C	IV	1092741	1093586	-	846	130	114	193	104	151	24
YDL126C	IV	236157	238664	-	2508	4312	3546	6377	3492	4961	920
YDR262W	IV	993134	993952	+	819	731	570	870	655	754	138
tQ(UUG)D3	IV	802731	802802	-	72	0	0	0	1	0	0
YDR345C	IV	1162957	1164660	-	1704	4879	5321	6959	6712	8773	1346
YDR079W	IV	603064	603399	+	336	113	83	162	112	128	18
YDR433W	IV	1329600	1330040	+	441	8	19	41	15	16	3
YDL144C	IV	198662	199732	-	1071	226	190	286	178	244	45
YDR306C	IV	1073735	1075171	-	1437	167	147	205	169	258	32
YDR292C	IV	1043146	1045011	-	1866	629	536	801	581	811	129
YDL009C	IV	432925	433248	-	324	73	41	92	60	75	9
YDR290W	IV	1039370	1039699	+	330	0	0	0	0	0	0
YDR282C	IV	1023511	1024755	-	1245	89	88	128	74	125	8
YDR170C	IV	796193	802222	-	6030	1441	1108	1603	1111	1589	311
YDR174W	IV	812110	812850	+	741	1147	1211	1689	1030	1623	242
YDL218W	IV	66493	67446	+	954	27	26	43	24	48	17
YDL062W	IV	339857	340282	+	426	0	0	0	0	0	0
YDL048C	IV	366739	368211	-	1473	1602	1070	1153	1701	2285	219
YDR500C	IV;IV	1450198;1450847	1450457;1450853	-;-	267	2600	2342	3313	2578	3363	798
YDR112W	IV	679544	679852	+	309	10	13	15	9	28	5
YDR538W	IV	1510902	1511630	+	729	25	39	87	35	56	4
YDL011C	IV	432308	432631	-	324	0	0	0	0	0	0
YDR355C	IV	1186067	1186369	-	303	0	0	0	0	0	0
YDR301W	IV	1063352	1067425	+	4074	331	294	306	243	445	59
YDR412W	IV	1294693	1295400	+	708	2	6	4	5	11	4
YDR530C	IV	1496791	1497768	-	978	320	287	473	367	454	69
YDR227W	IV	917571	921647	+	4077	273	234	290	205	313	50
YDR041W	IV	539803	540414	+	612	227	199	344	197	264	44
YDR015C	IV	477960	478199	-	240	0	0	0	0	0	0
YDL008W	IV	433497	433994	+	498	87	89	101	74	115	20
YDR234W	IV	931129	933210	+	2082	1811	1662	1910	1825	2816	401
YDR511W	IV	1470017	1470418	+	402	71	82	114	52	88	20
YDR519W	IV	1480425	1480832	+	408	155	231	331	167	320	40
YDL086C-A	IV	301655	302089	-	435	0	0	0	0	0	0
YDR250C	IV	960086	960361	-	276	29	17	38	23	34	4
YDR465C	IV	1393336	1394574	-	1239	190	212	302	153	295	51
YDL001W	IV	447984	449276	+	1293	129	136	169	121	192	43
YDR454C	IV	1366264	1366827	-	564	784	867	1481	759	1253	192
YDR013W	IV	473157	473783	+	627	92	91	155	75	125	18
YDR076W	IV	598468	599688	+	1221	83	118	103	84	170	23
YDL095W	IV	287059	289512	+	2454	911	736	964	742	1128	164
YDL007C-A	IV	436567	436824	-	258	0	0	0	0	0	0
YDL130W	IV;IV	229906;230321	230019;230527	+;+	321	1189	1169	1953	1041	1498	300
YDR100W	IV	655013	655444	+	432	222	222	272	253	320	74
YDR479C	IV	1415210	1416874	-	1665	403	324	440	362	513	80
tS(AGA)D1	IV	437772	437853	+	82	0	0	0	0	0	0
YDL117W	IV	248581	251238	+	2658	383	386	463	319	536	74
YDR140W	IV	734138	734803	+	666	264	228	308	142	267	32
YDR381W	IV;IV	1236558;1237609	1236842;1238004	+;+	681	724	721	1459	689	1239	144
tQ(UUG)D2	IV	645153	645224	-	72	0	0	0	0	0	0
YDR327W	IV	1125302	1125628	+	327	142	79	115	90	106	15
YDR062W	IV	576474	578159	+	1686	1257	1089	1467	887	1436	206
YDR143C	IV	742042	743874	-	1833	684	540	570	534	739	86
YDL172C	IV	148607	149086	-	480	5	3	3	1	0	0
YDL053C	IV	361699	362256	-	558	468	436	530	414	597	86
YDR223W	IV	912099	913502	+	1404	196	111	187	124	154	19
YDL037C	IV	384601	385587	-	987	32	26	20	34	50	3
YDL167C	IV	160995	163154	-	2160	431	331	297	255	380	40
YDR246W-A	IV	955133	955333	+	201	32	18	27	24	26	4
YDR371C-A	IV	1219509	1219613	-	105	0	0	0	0	0	0
YDR517W	IV	1477239	1478357	+	1119	534	444	755	452	717	132
YDL226C	IV	51115	52173	-	1059	430	409	683	358	582	99
YDR467C	IV	1397583	1397909	-	327	30	30	30	22	33	2
YDL134C	IV	219662	220771	-	1110	688	606	1067	677	919	171
YDR117C	IV	683946	685643	-	1698	407	352	512	305	585	57
YDR314C	IV	1090433	1092511	-	2079	41	46	62	32	79	12
YDR440W	IV	1342493	1344241	+	1749	121	123	172	130	189	33
YDR303C	IV	1068729	1071386	-	2658	260	299	355	208	399	40
YDL078C	IV	315357	316388	-	1032	633	567	937	664	894	147
YDL238C	IV	28985	30454	-	1470	238	157	211	147	197	42
YDR529C	IV	1496165	1496548	-	384	1320	1387	2112	1579	1961	367
YDR437W	IV	1337352	1337774	+	423	66	71	71	68	113	21
snR47	IV	541602	541700	-	99	9	14	15	8	12	0
YDL196W	IV	106741	107070	+	330	4	2	2	2	7	0
YDR452W	IV	1362878	1364902	+	2025	901	761	1214	705	1012	181
YDR445C	IV	1352182	1352589	-	408	0	0	0	0	0	0
YDR347W	IV	1169178	1170143	+	966	212	187	290	195	270	48
tQ(UUG)D1	IV	520972	521043	+	72	0	0	0	2	0	0
YDR490C	IV	1431968	1434268	-	2301	321	317	473	309	462	54
YDR516C	IV	1474974	1476476	-	1503	1361	1032	2266	1539	1822	439
YDR509W	IV	1468226	1468573	+	348	4	3	3	5	5	0
YDL193W	IV	114672	115799	+	1128	242	242	306	210	327	42
YDL137W	IV	216529	217074	+	546	820	1028	1707	1077	1550	244
YDL118W	IV	247302	247682	+	381	1	3	4	4	1	2
YDR235W	IV	933504	935138	+	1635	200	216	324	222	317	35
YDR233C	IV	929470	930357	-	888	4014	4268	4796	3866	5591	665
YDR388W	IV	1250186	1251634	+	1449	3103	2486	3778	2779	3862	741
YDR209C	IV	871036	871449	-	414	46	23	68	27	43	6
YDR049W	IV	553254	555152	+	1899	246	188	312	192	303	42
YDL194W	IV	111580	114234	+	2655	197	159	208	194	254	40
YDR021W	IV	486804	488003	+	1200	94	78	82	46	93	12
YDR353W	IV	1183299	1184258	+	960	2022	1854	3062	1954	2763	510
YDR051C	IV	557056	558060	-	1005	218	195	365	175	304	40
YDR288W	IV	1037195	1038106	+	912	241	206	250	233	290	66
YDR141C	IV	734901	739997	-	5097	516	417	596	453	641	68
YDR194C	IV	845952	847946	-	1995	831	792	1087	646	934	164
YDR424C	IV;IV;IV	1319387;1319698;1319817	1319617;1319720;1319841	-;-;-	279	156	118	231	157	197	28
YDR054C	IV	561440	562327	-	888	595	449	672	468	706	119
YDR122W	IV	694700	697894	+	3195	1351	1033	1456	1060	1547	274
YDR184C	IV	830629	831513	-	885	252	206	222	151	210	18
YDR183C-A	IV	830397	830654	-	258	13	36	4	20	15	2
YDL240W	IV	22823	25876	+	3054	322	334	358	253	460	46
YDR056C	IV	565023	565640	-	618	930	944	1137	995	1534	176
YDR541C	IV	1519664	1520698	-	1035	116	133	208	87	190	15
YDL042C	IV	376757	378445	-	1689	128	117	156	83	127	18
YDR185C	IV	831934	832473	-	540	63	86	134	79	131	22
YDR328C	IV	1125434	1126018	-	585	516	494	1009	614	859	167
YDR280W	IV	1020747	1021664	+	918	206	162	232	140	247	44
tV(UAC)D	IV	488797	488870	-	74	0	0	3	0	2	0
YDR098C	IV	644178	644930	-	753	353	278	604	270	386	44
YDR005C	IV;IV	456836;458098	458017;458103	-;-	1188	258	287	358	307	447	53
YDR423C	IV	1318046	1319275	-	1230	303	306	329	300	404	78
YDR017C	IV	479115	482267	-	3153	573	549	751	504	734	98
YDR419W	IV	1303174	1305072	+	1899	92	115	201	117	210	24
YDR444W	IV	1350290	1352353	+	2064	151	133	184	127	228	22
YDR341C	IV	1151803	1153626	-	1824	2933	2490	3872	2449	3780	448
YDR154C	IV	768403	768753	-	351	692	383	639	478	599	100
YDR464W	IV	1388872	1393179	+	4308	521	443	452	359	580	57
YDR132C	IV	718816	720303	-	1488	144	120	167	108	168	23
YDL210W	IV	84270	85985	+	1716	45	46	60	31	64	22
YDR395W	IV	1263324	1266158	+	2835	659	555	765	486	670	67
YDL222C	IV	60872	61801	-	930	95	65	98	137	127	15
YDR372C	IV	1221112	1222149	-	1038	458	565	970	512	799	100
YDR325W	IV	1117126	1120233	+	3108	175	156	202	153	269	51
YDR216W	IV	895035	899006	+	3972	109	136	98	187	302	24
YDR082W	IV	610441	611925	+	1485	66	69	92	62	99	18
YDL224C	IV	54397	56346	-	1950	815	796	660	611	1002	159
YDR498C	IV	1445843	1446994	-	1152	277	307	360	297	382	50
YDR010C	IV	465051	465383	-	333	21	5	12	11	21	0
YDR006C	IV	458542	461247	-	2706	867	709	664	637	873	120
YDR182W	IV	827582	829057	+	1476	362	449	538	340	604	74
YDL102W	IV	276872	280165	+	3294	193	215	278	150	251	42
YDL179W	IV	138291	139205	+	915	334	264	347	254	363	55
YDL067C	IV	334217	334396	-	180	560	577	925	626	822	99
YDR030C	IV	501753	503273	-	1521	66	58	65	70	115	12
YDR020C	IV	485746	486444	-	699	182	152	174	135	146	24
YDR527W	IV	1491094	1492413	+	1320	380	345	358	232	376	31
YDR333C	IV	1133260	1135431	-	2172	532	433	634	343	583	58
YDL093W	IV	289909	292140	+	2232	220	235	317	194	318	39
YDL043C	IV	375680	376480	-	801	59	86	128	89	101	20
YDR139C	IV;IV	733618;733776	733702;733924	-;-	234	214	142	260	162	277	30
YDR322C-A	IV	1112003	1112293	-	291	581	650	1273	597	888	140
YDL130W-A	IV	229171	229431	+	261	408	314	657	447	560	106
YDR210W	IV	871074	871301	+	228	0	0	0	0	0	0
YDR260C	IV	976717	977229	-	513	113	109	123	91	121	15
YDL017W	IV	424209	425732	+	1524	96	62	100	82	107	12
YDR073W	IV	592439	592948	+	510	360	255	289	345	470	80
YDL069C	IV	333121	333810	-	690	23	60	75	41	55	4
YDR455C	IV	1367373	1367681	-	309	3	1	2	2	0	0
YDR461W	IV	1385176	1385286	+	111	8	30	27	28	19	6
YDR435C	IV	1332983	1333969	-	987	191	152	276	139	223	43
YDL063C	IV	338272	340134	-	1863	165	194	187	98	152	20
YDR121W	IV	693585	694175	+	591	445	329	487	276	401	85
YDR178W	IV	817950	818495	+	546	1330	1044	1913	1385	1436	250
YDL013W	IV	429067	430926	+	1860	366	274	363	236	328	66
YDR534C	IV	1503314	1504900	-	1587	30	26	20	43	34	4
YDR392W	IV	1258696	1259709	+	1014	217	198	251	215	300	60
YDR034C-A	IV	520516	520692	-	177	5	0	13	1	5	2
YDL132W	IV	224304	226751	+	2448	663	618	860	647	1043	148
YDR535C	IV;IV	1506606;1507315	1507058;1507362	-;-	501	1	1	14	1	7	0
YDR202C	IV	856898	857953	-	1056	300	231	401	242	351	55
YDL050C	IV	364446	364817	-	372	29	17	13	13	24	3
YDR524C-A	IV	1489871	1489990	-	120	0	0	0	0	0	0
YDL109C	IV	265258	267201	-	1944	142	136	125	103	197	32
YDR211W	IV	884727	886865	+	2139	728	582	879	526	846	106
YDR110W	IV	676102	677802	+	1701	180	160	289	179	270	26
tG(CCC)D	IV	1257008	1257079	-	72	0	0	0	0	0	0
YDR274C	IV	1011589	1011960	-	372	103	63	133	85	99	22
YDR167W	IV	789449	790069	+	621	175	127	214	101	193	54
YDR156W	IV	769525	769938	+	414	807	557	556	550	625	129
YDL223C	IV	57265	60405	-	3141	255	191	270	226	257	41
YDR075W	IV	597156	598082	+	927	78	95	119	60	106	17
YDR039C	IV	531307	534582	-	3276	0	0	0	0	0	0
YDL088C	IV	298417	300003	-	1587	506	363	438	438	505	80
YDL129W	IV	231024	231899	+	876	47	53	75	68	85	8
YDL215C	IV	70640	73918	-	3279	277	291	490	333	556	68
YDR297W	IV	1056551	1057600	+	1050	1656	1322	1578	1873	2320	308
YDR131C	IV	716790	718460	-	1671	169	162	240	138	230	24
YDR230W	IV	926223	926570	+	348	17	8	19	20	32	7
YDR348C	IV	1170326	1171825	-	1500	705	584	633	513	734	111
YDL169C	IV	158064	158735	-	672	146	99	118	141	143	24
YDR007W	IV	461842	462516	+	675	193	155	222	149	212	50
YDL195W	IV	107208	111029	+	3822	2113	1625	1809	1561	2225	326
YDR263C	IV	994242	995534	-	1293	85	91	145	77	126	8
YDR220C	IV	907000	907293	-	294	4	14	15	14	21	6
YDR429C	IV	1324477	1325301	-	825	808	767	1232	706	1122	193
YDR119W-A	IV	691014	691214	+	201	18	34	43	51	51	4
YDR421W	IV	1312040	1314892	+	2853	150	139	236	158	211	26
YDL186W	IV	125616	126449	+	834	21	32	41	40	42	2
YDL198C	IV	103649	104551	-	903	1506	1542	2428	968	1332	203
YDL120W	IV	245923	246447	+	525	335	361	571	346	459	59
YDR379W	IV	1230167	1233196	+	3030	494	517	448	372	648	86
YDL029W	IV;IV	399340;399485	399361;400638	+;+	1176	1392	1147	2269	1382	1728	260
YDR205W	IV	859346	861520	+	2175	393	312	364	270	432	42
YDR094W	IV	635840	636175	+	336	0	0	0	0	0	0
YDR369C	IV	1215016	1217580	-	2565	110	111	131	99	151	40
YDR088C	IV	618497	619645	-	1149	150	105	162	131	167	26
YDR411C	IV	1293369	1294394	-	1026	688	559	816	615	739	189
YDR441C	IV	1344517	1345062	-	546	156	145	160	129	165	23
YDR446W	IV	1353725	1354633	+	909	3	0	4	1	3	3
YDL183C	IV	130871	131833	-	963	307	274	343	390	648	70
YDR194W-A	IV	848071	848223	+	153	0	0	1	0	0	0
YDR114C	IV	681924	682226	-	303	2	2	0	2	0	0
YDR442W	IV	1345647	1346039	+	393	0	2	0	0	0	0
tK(CUU)D2	IV	1352466	1352538	-	73	0	0	0	0	0	0
YDL059C	IV	344237	344953	-	717	198	140	301	47	100	20
YDR016C	IV	478474	478758	-	285	117	107	279	99	136	14
YDR430C	IV	1325501	1328470	-	2970	203	202	268	194	243	51
YDR366C	IV	1212438	1212836	-	399	2	2	4	2	3	0
YDR374W-A	IV	1224757	1225026	+	270	48	43	58	28	43	3
YDR293C	IV	1045640	1049392	-	3753	2119	1779	2300	1944	2541	443
YDR459C	IV	1382319	1383443	-	1125	228	201	221	151	233	33
YDR022C	IV	488072	488662	-	591	64	74	144	93	114	10
YDR217C	IV	899551	903480	-	3930	211	176	210	116	256	34
YDR052C	IV	558511	560625	-	2115	519	493	514	432	636	130
YDL027C	IV	403695	404957	-	1263	403	479	575	430	698	67
YDR104C	IV	661173	664910	-	3738	216	189	197	126	196	26
YDL136W	IV;IV	217600;218008	217602;218367	+;+	363	1326	1459	2176	1240	2182	319
YDR248C	IV	957758	958339	-	582	154	139	271	142	242	28
YDR078C	IV	602198	602869	-	672	49	39	46	41	105	12
YDR068W	IV	583713	584645	+	933	237	211	323	236	271	65
YDL080C	IV	310642	312471	-	1830	366	361	444	315	494	63
YDR461C-A	IV	1385524	1385766	-	243	99	101	122	109	142	44
YDR252W	IV	963412	963861	+	450	29	26	34	16	38	8
YDL046W	IV	371240	371761	+	522	990	1081	1666	1165	1479	215
YDR540C	IV	1517136	1517675	-	540	36	30	38	27	42	0
YDR181C	IV	825910	827355	-	1446	160	113	196	126	191	34
YDL200C	IV	100501	101067	-	567	35	55	66	38	81	6
YDR108W	IV	671269	673365	+	2097	164	147	196	134	196	18
YDR337W	IV	1146319	1147179	+	861	227	156	347	157	226	32
YDR356W	IV	1186107	1188941	+	2835	135	163	283	148	202	41
YDL235C	IV	33415	33918	-	504	300	280	330	200	360	35
YDR320W-B	IV	1108484	1108621	+	138	1	1	0	1	1	1
YDL245C	IV	11657	13360	-	1704	4	6	14	8	12	2
YDR170W-A	IV	803195	804517	+	1323	154	137	149	109	141	26
YDR210W-B	IV	872112	877425	+	5314	14	11	19	8	24	2
YDR210C-D	IV	878659	883927	-	5269	95	72	70	52	66	14
YDR316W-B	IV	1096064	1101332	+	5269	0	2	1	0	4	1
YDR261C-D	IV	987534	992349	-	4816	255	241	227	203	287	35
YDR210C-C	IV	882605	883927	-	1323	0	0	0	0	0	0
YDR261C-C	IV	991027	992349	-	1323	0	0	0	0	0	0
YDR261W-B	IV	981462	986775	+	5314	85	66	109	74	99	18
YDR365W-A	IV	1206997	1208319	+	1323	0	0	0	0	0	0
YDR316W-A	IV	1096064	1097386	+	1323	0	0	0	0	0	0
YDR261W-A	IV	981462	982778	+	1317	0	0	0	0	0	0
YDR365W-B	IV	1206997	1212265	+	5269	51	48	66	44	46	2
YDR098C-B	IV	645858	651126	-	5269	10	20	14	16	10	2
YDR098C-A	IV	649804	651126	-	1323	0	0	0	0	0	0
YDR210W-A	IV	872112	873428	+	1317	0	0	0	0	0	0
YDR034C-D	IV	514043	519356	-	5314	229	132	116	80	170	34
YDR034C-C	IV	518040	519356	-	1317	0	0	0	0	0	0
YOR185C	XV	681444	682106	-	663	304	318	537	344	470	57
YOR237W	XV	781994	783298	+	1305	234	196	208	18	42	2
YOL048C	XV;XV	240204;241026	240947;241310	-;-	1029	458	439	734	461	698	87
tG(GCC)O1	XV	226611	226681	-	71	0	0	1	0	0	0
YOL144W	XV	53098	54552	+	1455	140	148	159	73	161	13
snR8	XV	832332	832521	+	190	22	20	32	12	22	6
YOR082C	XV	479296	479637	-	342	1	1	1	2	0	1
YOL072W	XV	194970	196337	+	1368	237	219	279	216	289	54
YOR114W	XV	537570	538454	+	885	55	40	76	71	73	12
YOL085C	XV	161673	162014	-	342	18	14	17	8	2	4
YOR385W	XV	1065043	1065915	+	873	134	153	186	99	170	24
YOR214C	XV	745593	746303	-	711	2	4	3	5	2	0
YOL119C	XV	94856	96361	-	1506	482	372	465	365	428	46
YOR019W	XV	368127	370319	+	2193	162	141	214	131	221	27
YOR206W	XV	727512	729644	+	2133	496	403	467	271	428	36
YOR345C	XV	981812	982162	-	351	1	0	1	1	1	0
YOR341W	XV	960987	965981	+	4995	709	631	842	513	881	109
YOL088C	XV	153912	154745	-	834	231	235	256	230	350	30
YOR392W	XV	1079282	1079725	+	444	0	0	0	2	0	0
YOR160W	XV	633839	636757	+	2919	364	290	375	286	428	44
YOR084W	XV	480587	481750	+	1164	327	321	381	356	390	64
YOR039W	XV	405768	406544	+	777	308	332	577	268	507	55
YOR264W	XV	818866	820158	+	1293	435	344	379	322	457	42
YOR281C	XV	846269	847129	-	861	461	442	642	425	627	95
tK(UUU)O	XV;XV	438643;438703	438679;438738	+;+	73	12	1	5	0	9	1
YOR230W	XV	770800	772113	+	1314	2668	2351	3977	2656	3315	599
YOR144C	XV	602717	605092	-	2376	129	111	133	89	124	25
YOL081W	XV	171070	180309	+	9240	770	631	1004	654	1032	158
YOL052C	XV	232446	233636	-	1191	438	422	507	373	571	70
YOR285W	XV	849635	850054	+	420	1661	1788	3159	2029	2936	363
YOR058C	XV	433688	436345	-	2658	298	267	341	245	341	37
YOR270C	XV	828052	830574	-	2523	1389	1422	2564	1330	2178	265
YOL154W	XV	34658	35407	+	750	6987	12178	14902	10281	16913	841
YOR115C	XV	538659	539465	-	807	118	117	233	94	178	17
YOL003C	XV	321858	322994	-	1137	200	201	156	159	292	32
YOR258W	XV	811671	812324	+	654	91	95	129	79	108	9
tN(GUU)O2	XV	487439	487512	+	74	0	0	2	0	0	0
YOL103W	XV	124001	125830	+	1830	466	487	588	367	618	64
YOR215C	XV	746725	747282	-	558	894	764	1149	866	1089	150
YOL095C	XV	139227	141347	-	2121	172	118	158	120	168	38
YOL063C	XV	207392	210265	-	2874	285	250	469	246	380	54
YOL079W	XV	181057	181455	+	399	0	0	0	0	0	0
YOR389W	XV	1074213	1076087	+	1875	51	44	77	61	75	11
YOR231W	XV	772601	774127	+	1527	463	320	401	372	561	78
YOR021C	XV	372798	373439	-	642	319	353	447	275	457	46
YOR139C	XV	586950	587342	-	393	0	1	0	1	1	0
YOR120W	XV	551114	552052	+	939	257	214	350	343	428	89
YOL038W	XV	255337	256101	+	765	515	471	814	435	668	115
YOR023C	XV	376012	377712	-	1701	860	724	673	726	993	154
YOL124C	XV	85456	86757	-	1302	166	185	165	105	181	19
YOR212W	XV	742910	744181	+	1272	711	776	1016	639	931	168
YOL013W-A	XV	301047	301238	+	192	5	6	4	4	1	1
YOL120C	XV;XV	93395;94291	93843;94402	-;-	561	2374	2313	4099	2515	3509	827
YOR181W	XV	675939	677840	+	1902	830	649	619	655	901	154
YOR333C	XV	944541	944957	-	417	0	0	0	0	0	0
YOR335C	XV	946233	949109	-	2877	775	797	1013	641	1053	183
YOL046C	XV	243466	244140	-	675	5	2	2	1	0	0
YOL029C	XV	269815	270420	-	606	316	248	189	218	381	35
YOL155W-A	XV	27084	27218	+	135	24	22	40	31	28	3
YOR072W	XV	461502	461816	+	315	14	5	16	15	4	0
YOL161C	XV	11549	11911	-	363	0	0	0	2	0	0
snR58	XV	136088	136183	-	96	5	1	2	7	6	0
YOL122C	XV	89692	91419	-	1728	243	233	380	262	302	61
YOR252W	XV	803667	804203	+	537	133	99	139	123	107	24
YOR157C	XV	630966	631751	-	786	964	598	863	557	792	187
YOL107W	XV	112102	113130	+	1029	227	260	361	216	324	54
YOR274W	XV	837674	838960	+	1287	121	136	144	110	152	12
YOL013W-B	XV	300690	300980	+	291	0	2	2	0	0	0
YOR343C	XV	968148	968474	-	327	52	39	52	23	41	4
YOR093C	XV	497506	502452	-	4947	134	191	228	143	246	22
YOR381W-A	XV	1058423	1058590	+	168	3	1	3	2	4	0
YOL065C	XV	204731	205885	-	1155	174	184	207	180	223	34
YOR092W	XV	495127	496968	+	1842	394	397	535	414	559	87
YOR207C	XV	730008	733457	-	3450	378	328	409	213	364	46
YOR365C	XV	1023461	1025572	-	2112	80	83	99	79	90	14
YOL005C	XV	315813	316175	-	363	663	603	861	547	678	140
YOL020W	XV	286172	287950	+	1779	392	353	478	404	523	68
YOL053W	XV	230085	231272	+	1188	77	102	145	108	144	20
YOL117W	XV	97551	99488	+	1938	126	86	120	82	153	24
YOR038C	XV	402761	405388	-	2628	148	160	226	143	224	36
YOR303W	XV	882899	884134	+	1236	2482	2602	3123	1528	2045	217
YOR137C	XV	581813	583681	-	1869	287	287	340	304	416	60
YOL034W	XV	259923	263204	+	3282	72	97	133	76	145	18
YOR052C	XV	426772	427224	-	453	627	616	1088	652	969	129
YOR190W	XV	690695	692032	+	1338	85	77	103	61	104	14
YOL039W	XV	254297	254617	+	321	845	1041	2087	849	1400	213
YOR349W	XV	989789	992833	+	3045	149	132	134	129	200	35
YOL090W	XV	147382	150276	+	2895	102	121	242	105	197	18
YOR271C	XV	831059	832042	-	984	317	337	408	263	350	77
YOR173W	XV	657264	658325	+	1062	569	439	908	655	806	110
YOR106W	XV	519121	519972	+	852	256	193	238	223	252	32
YOR108W	XV	523027	524841	+	1815	586	606	671	515	790	94
YOR059C	XV	438906	440258	-	1353	373	347	414	266	405	61
YOL149W	XV	44938	45633	+	696	184	214	228	178	310	50
YOR121C	XV	551798	552103	-	306	120	98	143	93	139	23
YOL106W	XV	113226	113579	+	354	16	13	32	15	24	2
snR9	XV	407948	408134	-	187	67	55	74	49	47	11
YOR295W	XV	869208	869894	+	687	146	107	191	104	125	13
YOR203W	XV	722565	722918	+	354	72	30	52	21	18	16
YOR132W	XV	573175	574830	+	1656	640	499	613	454	693	138
YOR216C	XV	747525	748979	-	1455	321	330	419	245	425	72
YOR099W	XV	511825	513006	+	1182	950	1239	1702	956	1515	247
YOR001W	XV	326832	329033	+	2202	280	312	377	231	378	50
YOR009W	XV	344335	345798	+	1464	372	375	407	177	208	40
YOR204W	XV	722911	724725	+	1815	908	574	1049	702	815	143
YOR209C	XV	736437	737726	-	1290	879	900	1535	799	1080	161
YOR284W	XV	848478	849209	+	732	114	144	237	103	173	25
YOR036W	XV	400348	401214	+	867	491	358	663	382	602	104
YOR154W	XV	624729	626492	+	1764	267	264	230	164	316	22
YOR048C	XV	418630	421650	-	3021	604	568	661	425	707	62
YOL073C	XV	193832	194800	-	969	358	284	455	306	342	80
YOL152W	XV	40748	42610	+	1863	95	82	100	62	93	17
YOL101C	XV	126982	127920	-	939	840	735	859	451	703	44
YOR085W	XV	482033	483085	+	1053	864	878	1016	843	1241	184
YOR227W	XV	762825	766565	+	3741	973	708	1058	807	1112	216
YOR159C	XV	633282	633566	-	285	101	85	156	82	163	16
YOR146W	XV	605873	606178	+	306	0	0	0	0	0	0
YOR372C	XV	1034807	1036471	-	1665	362	352	349	345	451	50
YOR112W	XV	531508	533793	+	2286	666	426	540	503	686	84
YOR387C	XV	1069621	1070241	-	621	33	83	64	55	61	9
YOR229W	XV	768409	769812	+	1404	256	206	331	177	326	42
YOR068C	XV	453869	454213	-	345	0	0	0	0	0	0
YOR376W-A	XV	1045196	1045351	+	156	35	26	33	29	42	15
YOL050C	XV	237882	238202	-	321	3	4	9	5	9	1
YOR342C	XV	966666	967625	-	960	616	467	578	511	656	64
YOL035C	XV	258803	259105	-	303	43	22	36	31	43	7
YOR251C	XV	802550	803464	-	915	507	388	515	405	483	55
YOR041C	XV	408358	408789	-	432	2	0	3	1	2	0
YOR130C	XV	569929	570807	-	879	335	252	396	208	267	34
YOR119C	XV	548792	550246	-	1455	158	132	153	134	185	23
YOL166C	XV	1000	1338	-	339	0	0	0	0	0	0
YOR008C	XV	341278	342414	-	1137	1353	1021	1209	1202	1504	240
YOL011W	XV	305349	307409	+	2061	501	514	684	371	630	75
YOR248W	XV	798013	798315	+	303	0	6	2	3	3	1
YOR202W	XV	721946	722608	+	663	2269	1455	1822	1379	1653	372
YOR266W	XV	821023	822294	+	1272	132	81	151	88	141	20
YOR140W	XV	586981	589281	+	2301	528	348	283	342	518	64
YOR004W	XV	333592	334356	+	765	191	177	160	111	193	21
YOR308C	XV	894624	896387	-	1764	97	103	104	61	114	6
YOR032C	XV	389771	391075	-	1305	106	110	118	65	89	8
YOR311C	XV	899056	899928	-	873	392	463	546	348	585	80
YOL019W	XV	288898	290553	+	1656	923	854	536	568	870	123
YOL138C	XV	61325	65350	-	4026	401	327	378	275	423	56
YOL151W	XV	43694	44722	+	1029	218	257	541	285	360	79
YOR330C	XV	939621	943385	-	3765	603	480	529	410	616	100
YOR379C	XV	1050726	1051064	-	339	0	0	0	0	0	0
YOR142W	XV	593057	594046	+	990	1346	1152	1508	1239	1586	250
YOR268C	XV	825534	825932	-	399	4	6	6	4	7	4
snR81	XV	234346	234546	+	201	10	4	13	13	8	4
YOR017W	XV	361412	363814	+	2403	170	148	226	167	285	40
YOR394W	XV	1082718	1083212	+	495	0	0	0	0	0	0
YOL134C	XV	70156	70545	-	390	0	1	0	2	0	0
YOR002W	XV	329417	331051	+	1635	1127	1067	1160	1055	1455	144
YOR194C	XV	711683	712543	-	861	747	583	560	580	873	118
YOR298C-A	XV	877230	877685	-	456	1191	1088	2218	1327	1982	413
YOL069W	XV	198942	200297	+	1356	183	178	190	169	238	24
YOR014W	XV	357674	359947	+	2274	1202	1102	1290	933	1629	231
YOR346W	XV	981828	984785	+	2958	298	308	443	268	413	40
YOR044W	XV	413007	413480	+	474	122	135	203	150	198	28
YOR275C	XV	839084	841069	-	1986	392	361	454	398	529	64
YOR174W	XV	658747	659601	+	855	162	150	240	170	223	36
YOR336W	XV	949773	953870	+	4098	446	469	565	391	615	70
YOL094C	XV	141584	142555	-	972	228	242	285	164	264	28
YOR122C	XV;XV	552298;552875	552665;552887	-;-	381	2866	2963	4472	2947	4272	662
YOR256C	XV	808254	810683	-	2430	434	428	511	372	540	83
YOL137W	XV	65621	67114	+	1494	115	153	186	93	164	20
YOR350C	XV	992864	994855	-	1992	160	195	249	139	272	33
YOR196C	XV	715593	716837	-	1245	168	153	249	110	165	34
YOR380W	XV	1051290	1052930	+	1641	155	143	182	138	201	20
YOR314W-A	XV	904458	904568	+	111	0	0	0	0	0	0
tA(UGC)O	XV	854187	854259	-	73	6	6	8	4	7	2
YOL097W-A	XV	136220	136405	+	186	26	11	6	9	24	2
YOR376W	XV	1043191	1043559	+	369	3	6	11	1	2	2
YOR369C	XV	1028194	1028625	-	432	2456	2166	4300	2048	3344	453
YOL132W	XV	71300	72715	+	1416	23	22	36	41	45	8
YOR296W	XV	870202	874071	+	3870	178	159	258	142	205	26
YOR260W	XV	813984	815720	+	1737	890	719	839	645	900	119
YOR373W	XV	1036834	1039389	+	2556	346	290	345	275	388	46
YOR163W	XV	642741	643307	+	567	1094	750	1171	762	1052	184
YOR029W	XV	384600	384935	+	336	4	5	5	10	8	0
YOL042W	XV	249825	250916	+	1092	107	96	122	102	172	24
YOR316C	XV	906236	907555	-	1320	609	578	692	395	545	102
YOR326W	XV	925721	930445	+	4725	817	774	994	614	994	152
YOR293C-A	XV	867998	868147	-	150	13	16	22	9	24	5
YOL036W	XV	256745	259030	+	2286	433	450	401	344	590	75
YOR072W-B	XV	464469	464630	+	162	0	0	0	0	0	0
YOR332W	XV	943656	944357	+	702	644	546	988	583	902	106
YOL002C	XV	323411	324364	-	954	489	560	767	350	588	54
YOR193W	XV	710446	711576	+	1131	63	73	88	61	90	10
YOR243C	XV	790211	792241	-	2031	513	488	708	411	702	89
YOR126C	XV	559961	560677	-	717	108	117	187	111	122	18
YOR070C	XV	455907	457820	-	1914	491	437	539	405	574	94
YOR328W	XV	931803	936497	+	4695	115	80	137	88	139	9
YOL056W	XV	223268	224179	+	912	355	247	545	351	526	57
YOR098C	XV	507948	511178	-	3231	948	819	701	623	968	134
YOL110W	XV	109176	109889	+	714	118	104	202	114	116	30
YOR213C	XV	744535	745281	-	747	94	127	191	101	129	18
YOR253W	XV	804377	804907	+	531	79	69	114	86	152	22
YOR008C-A	XV	342857	343081	-	225	2	4	4	3	2	0
YOL113W	XV	104326	106293	+	1968	298	276	337	264	406	63
YOR060C	XV	440390	441163	-	774	42	27	69	35	56	10
YOL076W	XV	187024	189414	+	2391	350	294	371	225	373	66
YOR186C-A	XV	683329	683538	-	210	0	0	0	0	0	0
YOR381W	XV	1055545	1057680	+	2136	103	114	140	118	144	39
YOR113W	XV	534075	536819	+	2745	592	397	416	495	675	109
YOR273C	XV	834452	836431	-	1980	645	611	1024	821	1290	221
tN(GUU)O1	XV	228331	228404	+	74	0	0	2	0	0	0
YOR161W-A	XV	637574	637654	+	81	0	0	0	0	0	0
YOL147C	XV	47933	48643	-	711	372	344	496	579	678	111
YOR338W	XV	956898	957989	+	1092	60	43	33	64	81	5
YOR178C	XV	667860	670241	-	2382	274	192	295	391	438	71
YOR188W	XV	685767	689180	+	3414	528	397	348	311	486	67
YOL159C	XV	17281	17796	-	516	49	39	80	42	70	10
YOR382W	XV	1059531	1059992	+	462	306	230	246	423	674	63
YOL071W	XV	196507	196995	+	489	164	189	315	176	206	48
YOR363C	XV	1020222	1023212	-	2991	538	432	493	413	650	76
YOR069W	XV	453768	455795	+	2028	196	198	265	162	252	45
YOR075W	XV	468212	469252	+	1041	123	84	172	76	123	20
YOR124C	XV	554824	558642	-	3819	651	557	862	590	856	143
YOR008W-B	XV	343929	344030	+	102	7	3	13	7	7	0
snR31	XV	841958	842182	-	225	41	25	109	40	37	10
YOL025W	XV	274957	276939	+	1983	219	179	274	169	254	24
YOR057W	XV	432186	433373	+	1188	365	321	424	249	420	59
YOR265W	XV	820454	820774	+	321	125	86	131	92	128	21
YOL127W	XV;XV	80348;80775	80360;81190	+;+	429	2051	1964	2788	1783	2563	412
YOR107W	XV	521353	522282	+	930	370	323	386	290	367	30
YOL142W	XV	55558	56280	+	723	143	162	194	83	185	26
YOR239W	XV;XV	784857;785689	785687;786744	+;+	1887	1534	1282	1750	899	1740	242
YOL091W	XV	145334	147163	+	1830	28	16	26	22	49	8
YOR317W	XV	909343	911445	+	2103	1661	1627	2198	1810	2739	362
YOR370C	XV	1029183	1030994	-	1812	975	885	913	808	1191	160
tM(CAU)O1	XV	710201	710272	+	72	0	1	0	0	0	0
YOR211C	XV	738924	741569	-	2646	243	246	291	167	302	35
YOR191W	XV	692475	697334	+	4860	311	373	471	304	490	60
YOL064C	XV	206103	207176	-	1074	1006	817	1234	494	659	148
tT(AGU)O1	XV	113802	113874	+	73	0	0	0	0	0	0
YOL049W	XV	238619	240094	+	1476	734	605	845	553	985	148
YOL043C	XV	248392	249534	-	1143	127	101	163	131	154	17
YOR043W	XV	410870	412330	+	1461	735	563	772	588	745	133
YOR331C	XV	943565	944122	-	558	0	0	0	0	0	0
YOR309C	XV	896698	897078	-	381	445	497	373	352	522	32
YOR104W	XV	517642	518490	+	849	73	67	92	43	108	11
YOL114C	XV	103317	103925	-	609	38	19	54	22	61	0
YOR300W	XV	880575	880883	+	309	0	1	3	0	3	0
YOR220W	XV	755328	756125	+	798	706	704	910	700	957	130
YOR378W	XV	1049511	1051058	+	1548	43	63	35	36	48	9
YOL059W	XV	217126	218448	+	1323	3366	2108	3032	2976	3919	712
YOR386W	XV	1066839	1068536	+	1698	136	138	267	136	209	22
YOL027C	XV	272003	273724	-	1722	631	518	783	448	760	121
snR62	XV	409765	409864	-	100	34	12	18	12	28	2
snR17a	XV;XV	780107;780278	780120;780596	+;+	333	95	113	828	123	104	76
YOL155C	XV	28703	31606	-	2904	706	537	675	812	1044	151
YOR375C	XV	1041678	1043042	-	1365	2824	2602	4746	2745	4448	784
snR35	XV	759326	759529	-	204	11	14	8	21	20	8
YOR100C	XV	513295	514278	-	984	8	8	7	21	39	6
YOL026C	XV	274012	274353	-	342	436	384	475	335	535	57
YOL012C	XV	303579	303983	-	405	256	328	489	304	466	43
YOR026W	XV	379781	380806	+	1026	230	208	286	241	297	41
YOR359W	XV	1011189	1012760	+	1572	338	266	199	192	253	43
YOR250C	XV	800970	802307	-	1338	211	172	207	148	222	30
YOL013C	XV	301380	303035	-	1656	482	451	573	425	675	104
YOR272W	XV	832813	834195	+	1383	217	180	214	148	242	32
tG(GCC)O2	XV	282164	282234	+	71	0	1	1	0	0	0
YOL164W-A	XV	4130	4312	+	183	13	0	2	7	10	0
YOL082W	XV	168727	169974	+	1248	576	540	836	553	709	108
snR36	XV	680685	680866	-	182	14	16	28	19	18	0
YOR035C	XV	397735	400104	-	2370	287	247	455	260	362	70
YOL016C	XV	294777	296120	-	1344	372	340	490	296	426	66
YOR007C	XV	338938	339978	-	1041	1527	1291	1974	1318	1832	347
YOR325W	XV	924577	925050	+	474	0	0	1	0	0	0
YOL085W-A	XV	161579	161791	+	213	0	4	7	4	4	0
YOL160W	XV	14313	14654	+	342	3	4	12	9	6	2
YOR361C	XV	1015361	1017652	-	2292	1151	1162	1944	1082	1654	211
YOL158C	XV	19491	21311	-	1821	263	210	337	190	392	73
YOR315W	XV	904760	905800	+	1041	596	648	577	515	868	70
YOR010C	XV	346195	346950	-	756	321	225	598	160	212	19
YOR384W	XV	1061564	1063648	+	2085	320	285	343	304	434	70
YOR234C	XV;XV	778555;779387	778859;779405	-;-	324	1617	1823	2179	1513	2124	302
YOR283W	XV	847453	848145	+	693	191	262	300	205	290	51
YOR020W-A	XV	371685	371957	+	273	114	90	202	114	139	23
YOL045W	XV	243497	246802	+	3306	188	208	226	128	235	40
YOR102W	XV	516423	516773	+	351	17	14	23	8	23	0
YOL128C	XV	78352	79479	-	1128	93	112	181	71	124	8
YOR360C	XV	1013241	1014821	-	1581	345	322	353	307	409	60
YOL097C	XV	136527	137825	-	1299	930	762	1329	819	1214	162
YOR164C	XV	643394	644332	-	939	338	376	713	301	486	57
YOR175C	XV	659815	661674	-	1860	1399	1324	1682	1040	1712	198
tP(UGG)O1	XV;XV	301097;301163	301132;301198	+;+	72	0	0	0	0	0	0
YOR086C	XV	483219	486779	-	3561	1268	1185	1535	1163	1595	254
YOR242C	XV	788742	789857	-	1116	68	50	91	52	70	11
YOR155C	XV	626628	627980	-	1353	300	304	484	266	371	56
YOL019W-A	XV	288420	288572	+	153	0	0	0	0	0	0
YOL030W	XV	268187	269641	+	1455	2575	2314	3257	2738	3743	557
YOR323C	XV	921535	922905	-	1371	736	514	906	511	742	126
YOL017W	XV	292529	294673	+	2145	105	92	121	103	147	20
YOR233W	XV	775846	778248	+	2403	356	285	306	239	393	65
YOL037C	XV	256666	257019	-	354	3	1	7	3	4	0
YOR083W	XV	479533	480420	+	888	97	60	127	80	94	34
YOL010W	XV	307938	309041	+	1104	128	98	120	67	91	14
YOR118W	XV	546857	548560	+	1704	438	366	516	399	524	77
YOR128C	XV	564476	566191	-	1716	2500	1986	2380	1558	2423	348
YOL125W	XV	83834	85264	+	1431	163	132	191	115	185	18
YOL004W	XV	316938	321548	+	4611	1108	902	1197	844	1335	163
YOR177C	XV	665785	667179	-	1395	6	16	26	16	20	4
YOR166C	XV	647126	648502	-	1377	258	283	288	253	356	57
YOR006C	XV	337680	338621	-	942	194	153	271	166	261	42
YOR324C	XV	923232	925040	-	1809	176	166	150	139	214	22
YOL024W	XV	277086	277604	+	519	6	12	4	7	2	0
YOR033C	XV	392416	394524	-	2109	169	174	226	163	202	33
YOL033W	XV	263475	265085	+	1611	100	62	117	82	90	14
YOL070C	XV	197220	198725	-	1506	630	543	599	528	608	106
YOR116C	XV	539763	544145	-	4383	468	367	421	322	503	44
YOL067C	XV	201985	202518	-	534	49	55	60	31	68	8
YOR145C	XV	605347	606171	-	825	153	92	144	86	146	23
YOR304C-A	XV	888520	888750	-	231	29	28	37	21	30	12
YOR192C	XV	698768	700567	-	1800	39	60	84	31	66	11
YOL109W	XV	110297	110638	+	342	950	1091	1983	727	1259	186
YOR078W	XV	472725	473369	+	645	282	195	252	154	236	35
YOR134W	XV	578564	579793	+	1230	52	59	68	80	147	14
YOR131C	XV	572182	572838	-	657	519	422	472	401	604	126
YOR368W	XV	1026843	1028048	+	1206	79	96	119	89	114	18
YOL111C	XV	108258	108896	-	639	1612	1344	1685	1120	1553	217
YOR168W	XV	649303	651732	+	2430	429	380	480	359	507	84
YOR226C	XV	761614	762084	-	471	67	92	106	76	99	20
YOL162W	XV	10119	10766	+	648	54	38	61	30	31	7
YOR334W	XV	944596	946008	+	1413	99	97	114	65	102	18
YOR241W	XV	786995	788641	+	1647	392	360	446	268	523	75
tP(UGG)O2	XV;XV	464450;464516	464485;464551	+;+	72	0	0	0	0	0	0
YOR245C	XV	794076	795332	-	1257	257	258	371	228	370	53
YOL009C	XV	309324	310139	-	816	160	139	197	125	170	14
YOR153W	XV	619840	624375	+	4536	1574	1572	2032	1214	2140	311
YOR358W	XV	1010161	1010889	+	729	126	144	183	118	140	51
YOR335W-A	XV	946568	946648	+	81	0	0	0	0	0	0
YOR170W	XV	651858	652163	+	306	5	29	20	18	17	2
YOR267C	XV	822588	824867	-	2280	1916	1488	1296	1402	2178	308
YOR081C	XV	476939	479188	-	2250	636	488	509	511	766	106
YOL145C	XV	49555	52788	-	3234	377	333	498	311	573	78
YOL156W	XV	25273	26976	+	1704	12	6	18	6	23	4
YOR322C	XV	918606	921062	-	2457	444	365	400	339	576	80
YOL044W	XV	247150	248301	+	1152	184	153	180	126	192	29
YOR054C	XV	427833	429857	-	2025	348	306	458	269	466	92
YOL031C	XV	266264	267529	-	1266	408	399	454	346	507	80
YOR034C-A	XV	397426	397668	-	243	39	33	55	38	52	2
YOR306C	XV	889867	891432	-	1566	343	258	370	300	386	44
YOR261C	XV	815915	816931	-	1017	617	393	635	417	562	118
YOR293W	XV;XV	867098;867587	867149;867852	+;+	318	2876	3708	4226	3340	5346	617
YOR062C	XV	442725	443531	-	807	120	107	165	142	183	33
YOR339C	XV	958362	958832	-	471	15	13	12	16	15	0
YOR067C	XV	451729	453462	-	1734	640	630	707	548	928	156
YOR312C	XV	900250	900767	-	518	3879	4574	5952	4301	6343	823
YOR094W	XV	502795	503346	+	552	81	125	163	59	130	16
YOL135C	XV	69376	70044	-	669	412	232	227	301	331	48
YOL105C	XV	114138	115808	-	1671	306	293	359	263	408	61
YOR329W-A	XV	939348	939557	+	210	0	4	0	0	0	1
YOR197W	XV	717086	718384	+	1299	1778	945	1036	1031	1327	273
YOL104C	XV	116396	117454	-	1059	176	129	220	123	158	22
YOR262W	XV	817292	818335	+	1044	148	127	226	97	188	14
YOR167C	XV	648804	649007	-	204	867	675	1617	801	1196	167
YOL015W	XV	297078	298838	+	1761	68	95	133	54	123	12
YOR161C	XV	636939	638558	-	1620	226	204	283	291	348	89
YOR393W	XV	1080276	1081589	+	1314	0	0	0	0	0	0
YOR105W	XV	518195	518521	+	327	0	1	0	0	0	0
YOR210W	XV	738320	738532	+	213	120	174	272	113	209	33
YOR364W	XV	1023371	1023739	+	369	0	0	0	0	1	0
YOL087C	XV	155287	158637	-	3351	740	610	864	656	1010	154
YOR127W	XV	561170	564193	+	3024	566	412	646	379	644	62
YOR184W	XV	679357	680544	+	1188	3322	2768	4199	2087	3114	530
YOR150W	XV	611999	612490	+	492	79	94	154	113	127	22
YOR179C	XV	671845	672411	-	567	57	67	100	57	105	15
YOR340C	XV	959202	960182	-	981	222	166	259	181	168	31
YOR354C	XV	1001147	1003225	-	2079	286	287	400	285	435	50
YOR217W	XV	749301	751886	+	2586	335	343	324	224	402	58
YOR298W	XV	875599	877038	+	1440	64	72	101	41	93	10
YOL006C	XV	313078	315387	-	2310	524	531	621	402	573	83
YOR259C	XV	812395	813708	-	1314	963	893	1546	832	1172	211
YOR318C	XV;XV	911784;912433	912085;912436	-;-	306	40	32	20	28	37	1
YOR320C	XV	913619	915094	-	1476	512	448	605	366	645	63
YOR222W	XV	758330	759253	+	924	1073	1015	1835	1142	1838	280
YOL165C	XV	1647	2078	-	432	0	1	0	0	0	0
YOL007C	XV	311342	312367	-	1026	570	551	502	412	595	85
YOR307C	XV	892731	894092	-	1362	253	338	315	302	402	49
YOL051W	XV	234940	238185	+	3246	838	541	497	609	812	157
YOR091W	XV	493433	494470	+	1038	496	471	389	381	546	78
YOR079C	XV	473475	474416	-	942	131	171	170	133	167	28
YOL022C	XV	280272	281498	-	1227	190	173	310	152	257	16
YOR278W	XV	842817	843644	+	828	233	208	340	238	332	47
YOR024W	XV	377847	378170	+	324	7	5	1	2	1	0
YOL148C	XV	45760	47574	-	1815	236	188	254	173	244	38
YOL078W	XV	181682	185212	+	3531	122	135	168	104	206	28
tP(UGG)O3	XV;XV	980683;980752	980718;980787	+;+	72	0	2	0	0	2	0
YOR089C	XV	490196	490828	-	633	758	703	986	699	875	196
YOL098C	XV	132725	135838	-	3114	1062	917	1125	811	1321	182
YOR171C	XV	652010	653884	-	1875	394	236	417	280	461	64
YOL089C	XV	150398	153490	-	3093	239	230	262	188	319	44
YOL150C	XV	44473	44784	-	312	0	0	0	0	0	0
YOR095C	XV	503552	504328	-	777	137	127	140	118	157	21
YOL146W	XV	48864	49448	+	585	72	102	154	73	136	18
YOR224C	XV	760825	761265	-	441	474	440	817	461	523	95
YOR302W	XV	882765	882842	+	78	1326	993	1032	569	723	114
YOR286W	XV	850280	850729	+	450	406	410	693	417	593	92
YOR046C	XV	414459	415907	-	1449	1047	895	1197	920	1281	158
tG(CCC)O	XV	594354	594425	-	72	5	2	0	4	0	1
YOR388C	XV	1071793	1072923	-	1131	6	12	36	6	20	4
YOR228C	XV	766869	767777	-	909	195	181	304	170	267	36
YOL112W	XV	106710	108188	+	1479	156	123	258	118	205	38
YOR141C	XV	589942	592587	-	2646	432	393	542	409	605	85
YOL131W	XV	73031	73357	+	327	4	9	15	13	20	2
YOR049C	XV	422668	423732	-	1065	216	195	205	126	156	50
YOL143C	XV	54595	55104	-	510	837	788	1132	714	1147	158
YOR172W	XV	654210	656570	+	2361	221	156	241	157	274	54
YOR149C	XV	609838	611388	-	1551	207	195	252	202	296	37
YOL164W	XV	6175	8115	+	1941	283	226	340	158	262	45
YOR011W	XV	349679	353863	+	4185	348	289	441	172	322	20
YOR071C	XV	459480	461276	-	1797	344	215	328	274	396	72
YOR022C	XV	373710	375857	-	2148	144	131	166	110	151	32
YOR125C	XV	559030	559731	-	702	121	147	235	156	191	54
YOL141W	XV	56452	58539	+	2088	36	38	21	8	27	8
YOR101W	XV	515244	516173	+	930	244	313	454	290	458	51
YOR263C	XV	818757	819164	-	408	2	2	1	1	0	0
YOR383C	XV	1060441	1061055	-	615	567	472	680	628	804	82
YOR056C	XV	430247	431626	-	1380	562	468	522	338	425	68
YOL075C	XV	189658	193542	-	3885	117	192	198	98	159	14
YOR073W-A	XV	467390	467623	+	234	0	0	0	0	1	0
YOR246C	XV	795801	796793	-	993	361	365	548	301	466	71
YOR042W	XV	408425	409660	+	1236	970	754	1172	807	1060	201
YOR236W	XV	780906	781541	+	636	456	354	465	251	345	32
YOR183W	XV	678872	679261	+	390	7	5	7	5	0	0
YOR176W	XV	662401	663582	+	1182	1494	1210	1717	1174	1570	270
YOR238W	XV	783677	784588	+	912	211	210	180	145	210	18
YOR367W	XV	1026007	1026609	+	603	295	305	429	306	505	52
YOR297C	XV	874743	875321	-	579	187	190	176	129	179	38
YOR310C	XV	896825	898360	-	1536	502	480	676	386	596	72
YOR063W	XV	444686	445849	+	1164	6673	6747	12215	6931	10080	1789
YOR189W	XV	689624	689974	+	351	122	110	119	83	173	19
YOL129W	XV	77560	78114	+	555	283	353	551	311	429	53
YOR280C	XV	844992	845792	-	801	369	239	367	217	298	45
YOR037W	XV	401555	402655	+	1101	230	171	276	217	350	26
YOR090C	XV	491123	492841	-	1719	532	521	546	519	722	84
YOR313C	XV	901858	902874	-	1017	12	11	16	12	22	9
YOL032W	XV	265429	266169	+	741	371	245	330	315	299	74
YOR158W	XV	632164	633120	+	957	350	365	461	299	454	42
YOR162C	XV	639560	641992	-	2433	237	235	257	209	298	56
YOL092W	XV	144204	145130	+	927	665	724	1036	624	985	92
YOL061W	XV	212244	213734	+	1491	528	520	674	498	677	116
YOR232W	XV	774573	775259	+	687	540	714	1053	603	898	115
YOR219C	XV	752214	755009	-	2796	612	581	774	476	796	102
YOR182C	XV;XV	678191;678791	678379;678793	-;-	192	970	696	1582	911	1205	158
YOL099C	XV	132017	132508	-	492	3	3	1	1	10	0
YOR294W	XV	868340	868951	+	612	278	308	325	215	294	26
YOR288C	XV	852121	853077	-	957	271	338	517	270	553	56
YOR110W	XV	528941	530248	+	1308	188	155	229	181	216	28
YOR040W	XV	407064	407921	+	858	90	113	110	140	138	23
YOL083W	XV	165714	166952	+	1239	91	96	128	106	133	26
YOL136C	XV	67561	68754	-	1194	843	677	739	760	1127	140
YOL130W	XV	74400	76979	+	2580	589	478	532	378	646	95
YOL021C	XV	282421	285426	-	3006	507	397	508	369	488	58
YOR282W	XV	847000	847320	+	321	3	2	2	0	0	0
YOL077W-A	XV	185438	185644	+	207	183	136	199	180	223	33
YOR319W	XV	912822	913463	+	642	202	163	258	150	228	37
YOR030W	XV	386825	388684	+	1860	313	236	318	251	363	37
YOR291W	XV	861175	865593	+	4419	401	386	533	383	609	114
YOL077C	XV	185848	186723	-	876	978	794	859	585	991	92
YOR390W	XV	1076784	1077911	+	1128	65	45	97	49	61	6
YOL052C-A	XV	231570	231755	-	186	401	287	708	832	755	128
YOR123C	XV	553176	554570	-	1395	862	689	1101	839	1019	164
YOR013W	XV	356751	357221	+	471	45	31	55	24	26	2
YOR249C	XV	798674	800731	-	2058	230	173	227	142	210	36
YOR362C	XV	1017880	1018746	-	867	2994	2245	3741	2313	3289	606
YOL058W	XV	219211	220473	+	1263	18272	18244	25974	12013	15559	2268
YOR143C	XV	601383	602342	-	960	118	104	161	105	168	8
YOR347C	XV	984942	986462	-	1521	304	250	351	277	346	74
YOL157C	XV	22525	24294	-	1770	22	17	52	24	32	0
YOL057W	XV	220767	222902	+	2136	476	436	614	407	666	114
YOR321W	XV	916030	918291	+	2262	371	356	486	313	416	83
YOR015W	XV	359993	360352	+	360	410	432	548	343	623	37
YOR111W	XV	530429	531127	+	699	61	81	136	72	76	15
YOL008W	XV	310312	310935	+	624	147	112	194	137	197	32
YOR279C	XV	843698	844630	-	933	84	91	107	118	121	30
YOR394C-A	XV	1084202	1084369	-	168	3	3	4	3	0	0
YOR180C	XV	674352	675167	-	816	100	81	182	96	154	16
YOL055C	XV	224420	226075	-	1656	157	125	201	127	194	14
snR5	XV	842403	842606	+	204	6	11	11	13	17	4
YOL139C	XV	60383	61024	-	642	2465	2372	3512	2304	3255	545
YOR287C	XV	850937	851839	-	903	70	41	48	39	44	6
YOR198C	XV	718653	720065	-	1413	891	852	1316	647	1058	157
YOR053W	XV	427817	428158	+	342	4	1	0	2	0	0
YOL054W	XV	228614	229834	+	1221	161	108	166	109	171	20
YOR012W	XV	356543	356956	+	414	23	25	33	22	43	3
YOL118C	XV	96608	96916	-	309	51	56	68	60	71	8
YOR034C	XV	394837	397086	-	2250	337	327	378	265	390	52
YOR374W	XV	1039840	1041399	+	1560	1622	1226	1578	1631	2291	449
YOR018W	XV	364369	366882	+	2514	481	455	530	462	668	116
YOL084W	XV	162356	165331	+	2976	30	46	90	77	112	23
YOR314W	XV	903043	903372	+	330	12	1	9	4	7	1
YOR050C	XV	424270	424617	-	348	90	73	87	45	79	13
YOR391C	XV	1078545	1079258	-	714	0	7	1	0	3	0
YOR327C	XV	930734	931081	-	348	206	203	265	156	234	28
YOR352W	XV	997213	998244	+	1032	135	128	232	147	197	26
YOR348C	XV	986899	988782	-	1884	39	38	66	64	81	26
YOL115W	XV	101475	103229	+	1755	399	265	414	285	367	63
YOR066W	XV	449436	451325	+	1890	668	464	451	421	707	101
YOR072W-A	XV	461791	462039	+	249	8	10	4	4	9	0
YOL096C	XV	138107	139045	-	939	134	122	188	136	190	29
tM(CAU)O2	XV	976421	976493	+	73	0	0	0	0	0	0
YOR020C	XV	370524	370844	-	321	587	603	1040	528	830	122
YOR133W	XV	575098	577626	+	2529	846	1098	1694	875	1427	177
YOR356W	XV	1007221	1009116	+	1896	332	326	448	326	503	64
YOR208W	XV	733925	736177	+	2253	324	246	290	248	416	38
YOR357C	XV	1009224	1009712	-	489	131	174	225	134	255	34
YOR277C	XV	841515	841823	-	309	6	1	4	0	8	2
YOR276W	XV	841333	841818	+	486	173	148	213	125	280	27
YOR247W	XV	797676	798308	+	633	2131	2013	1690	1971	2221	370
snR50	XV	259489	259578	+	90	12	16	9	16	12	0
YOL047C	XV;XV	241614;242505	242441;242747	-;-	1071	65	40	86	49	100	6
YOR221C	XV	756476	757558	-	1083	614	472	559	459	707	88
YOR344C	XV	977194	978069	-	876	1227	1038	1412	955	1706	209
YOR269W	XV	826385	827869	+	1485	101	76	133	88	100	18
YOR152C	XV	617518	618288	-	771	50	52	86	58	91	10
YOR103C	XV	516449	516841	-	393	5	7	6	3	12	1
YOR377W	XV	1046226	1047803	+	1578	566	477	679	424	750	69
YOR129C	XV	566877	569558	-	2682	157	141	189	170	223	44
YOL038C-A	XV	254926	255021	-	96	23	45	40	33	42	8
YOR156C	XV	628360	630540	-	2181	228	161	222	195	294	18
YOR329C	XV	936731	939349	-	2619	1071	759	701	790	1095	212
YOR351C	XV	995018	996511	-	1494	49	33	29	48	46	14
YOL040C	XV	253149	253577	-	429	15585	13754	17971	13234	19553	2690
YOL159C-A	XV	15233	15505	-	273	12	22	33	21	16	5
YOR051C	XV	424846	426084	-	1239	727	693	974	735	1040	144
YOR003W	XV	331455	332891	+	1437	222	155	276	180	253	29
YOR064C	XV	446079	446738	-	660	110	100	188	119	169	16
YOR073W	XV	464771	466543	+	1773	202	188	208	189	280	40
YOR201C	XV	720470	721708	-	1239	203	200	277	180	234	37
YOR065W	XV	447439	448368	+	930	968	905	1545	1074	1508	265
YOR186W	XV	683111	683545	+	435	20	15	19	20	28	6
YOR045W	XV	413852	414037	+	186	543	444	458	477	624	153
YOL018C	XV	290881	292074	-	1194	165	179	231	148	235	36
YOL133W	XV	70325	70690	+	366	108	109	140	81	148	24
YOR087W	XV	487707	489734	+	2028	383	356	588	312	434	75
YOL028C	XV	270633	271370	-	738	288	193	272	197	337	50
YOL086C	XV	159548	160594	-	1047	8926	5175	13090	6800	9234	5731
YOL108C	XV	111431	111886	-	456	168	167	253	140	210	31
YOL023W	XV	278056	280086	+	2031	145	138	163	109	210	24
YOR011W-A	XV	355652	355858	+	207	4	0	1	3	0	0
YOR165W	XV	644566	646896	+	2331	266	308	429	244	402	56
YOL068C	XV	200368	201879	-	1512	726	659	958	539	862	138
YOR138C	XV	584309	586324	-	2016	639	514	752	550	746	132
YOR016C	XV	360461	361084	-	624	377	393	590	384	583	103
YOL121C	XV;XV	92026;92831	92440;92850	-;-	435	2888	2878	3322	2694	3614	667
YOL126C	XV	81787	82920	-	1134	215	193	247	229	359	59
YOR235W	XV	779870	780184	+	315	1	0	4	0	1	0
YOR080W	XV	474594	476792	+	2199	159	115	180	93	180	18
YOR169C	XV	651376	651840	-	465	4	1	4	3	7	1
YOR028C	XV	383533	384420	-	888	93	143	193	316	462	92
YOR225W	XV	761392	761721	+	330	15	6	5	4	7	0
YOR108C-A	XV	524605	524814	-	210	0	0	0	0	0	0
YOR109W	XV	525278	528601	+	3324	1061	940	1160	837	1238	172
YOL093W	XV	142815	143696	+	882	209	194	255	164	228	43
YOR147W	XV	606607	608475	+	1869	155	170	226	144	255	39
YOR218C	XV	751476	751895	-	420	11	1	2	6	2	1
YOR254C	XV	805032	807023	-	1992	801	715	1068	658	1032	147
YOL080C	XV	180558	181427	-	870	123	85	111	58	96	11
YOR161W-B	XV	637975	638235	+	261	0	0	0	0	0	0
tY(GUA)O	XV;XV	288192;288245	288230;288280	+;+	75	0	0	0	0	0	0
YOR136W	XV	580250	581359	+	1110	3542	2875	4968	3503	4678	803
tR(ACG)O	XV	340299	340371	-	73	0	0	2	0	0	0
YOR192C-C	XV	703988	704224	-	237	7	3	12	12	12	3
YOR205C	XV	725564	727234	-	1671	315	262	281	172	313	26
YOR200W	XV	720417	720815	+	399	0	0	0	0	0	0
YOR305W	XV	889022	889750	+	729	217	219	314	171	273	59
YOR195W	XV	712866	715331	+	2466	84	88	115	67	120	16
YOL123W	XV	87844	89448	+	1605	1298	996	1463	1316	1769	278
YOR097C	XV	506978	507505	-	528	259	206	353	272	324	45
YOL083C-A	XV	166461	166601	-	141	0	0	0	0	0	0
YOL086W-A	XV	159173	159445	+	273	107	132	146	97	136	24
YOR337W	XV	954344	956623	+	2280	539	440	285	351	482	56
YOL100W	XV	129237	132482	+	3246	298	282	279	243	400	55
YOR289W	XV	853357	854112	+	756	177	208	352	214	324	45
YOR255W	XV	807271	808107	+	837	4	2	0	0	0	0
YOR304W	XV	884514	887876	+	3363	371	286	405	275	470	48
YOL163W	XV	9597	10106	+	510	32	17	41	8	9	1
YOR077W	XV	471899	472597	+	699	35	57	48	36	59	19
YOR074C	XV	466675	467589	-	915	108	108	168	82	126	26
YOR117W	XV	545029	546333	+	1305	883	763	1282	654	1083	113
YOR055W	XV	429478	429912	+	435	3	3	5	2	3	0
YOL166W-A	XV	585	740	+	156	0	0	0	0	0	0
YOL066C	XV	202696	204471	-	1776	219	139	205	150	260	48
YOR396W	XV	1085473	1090863	+	5391	0	0	0	0	0	0
YOR161C-C	XV	639121	639267	-	147	8	6	14	2	6	3
tV(AAC)O	XV	663812	663885	-	74	6	3	1	3	4	0
YOR151C	XV	612997	616671	-	3675	1283	1108	1474	1027	1509	240
YOR187W	XV	684030	685343	+	1314	1585	1623	2232	1388	1943	335
YOL001W	XV	325249	326130	+	882	208	271	247	203	311	48
YOR005C	XV	334509	337343	-	2835	202	173	258	191	294	30
YOR199W	XV	720181	720510	+	330	89	78	31	54	90	12
YOR355W	XV	1005137	1006705	+	1569	767	700	800	696	970	93
YOR290C	XV	855147	860258	-	5112	1109	975	1141	823	1268	137
YOR396C-A	XV	1090015	1090497	-	483	0	0	0	0	0	0
YOR047C	XV	416347	417681	-	1335	692	680	852	653	873	134
YOL014W	XV	299693	300067	+	375	70	42	75	52	89	11
YOR244W	XV	792531	793868	+	1338	157	189	261	154	226	44
YOL102C	XV	125997	126689	-	693	87	107	233	130	148	21
YOL060C	XV	214017	216137	-	2121	1363	1066	1251	1031	1520	230
YOL041C	XV	251267	252646	-	1380	273	311	348	185	323	45
YOL116W	XV	99809	100957	+	1149	205	207	346	238	257	57
YOR353C	XV	998453	1000828	-	2376	205	180	224	178	272	32
YOR299W	XV	878435	880675	+	2241	318	311	362	279	442	77
YOR366W	XV	1025256	1025609	+	354	0	1	0	0	1	1
tD(GUC)O	XV	571958	572029	+	72	50	47	141	64	53	34
YOR096W	XV;XV	505794;506339	505937;506767	+;+	573	861	949	1326	841	1565	184
YOR148C	XV	608640	609197	-	558	104	87	137	56	104	4
YOR301W	XV	880965	882272	+	1308	401	373	371	272	449	65
YOR257W	XV	811008	811493	+	486	216	200	261	180	287	56
YOR135C	XV	580159	580500	-	342	1	2	2	2	2	0
YOR032W-A	XV	392176	392376	+	201	14	13	13	6	14	3
YOR223W	XV	759782	760660	+	879	222	152	188	149	222	36
YOR076C	XV	469377	471620	-	2244	192	158	194	179	257	30
YOR231C-A	XV	773163	773363	-	201	0	0	0	0	0	0
YOR316C-A	XV	907726	907935	-	210	9	6	6	11	9	4
tS(GCU)O	XV;XV	274673;274729	274709;274773	+;+	82	4	0	2	0	0	0
YOR061W	XV	441534	442553	+	1020	524	402	649	398	696	111
YOR025W	XV	378219	379562	+	1344	682	539	600	344	647	79
YOR371C	XV	1031489	1034182	-	2694	205	204	192	126	196	17
YOL140W	XV	58759	60030	+	1272	699	782	1043	344	519	70
YOL062C	XV	210520	211995	-	1476	528	485	829	451	607	94
YOR292C	XV	865653	866582	-	930	123	95	141	133	192	14
tG(UCC)O	XV	110962	111033	-	72	0	0	0	0	0	0
YOR027W	XV	381053	382822	+	1770	899	655	1119	734	983	194
tT(AGU)O2	XV	354041	354113	-	73	0	0	1	0	0	0
YOR142W-B	XV	595112	600380	+	5269	2	3	0	1	1	1
YOR192C-A	XV	708416	709732	-	1317	0	0	0	0	0	0
YOL103W-B	XV	118000	123268	+	5269	4	11	14	10	14	5
YOR142W-A	XV	595112	596434	+	1323	0	0	0	0	0	0
YOR192C-B	XV	704419	709732	-	5314	72	43	42	45	59	12
YOR343W-B	XV	970578	975891	+	5314	150	112	131	102	168	22
YOR343W-A	XV	970578	971894	+	1317	0	0	0	0	0	0
YOL103W-A	XV	118000	119322	+	1323	0	0	0	0	0	0
YGL087C	VII;VII	346406;346894	346808;346904	-;-	414	1019	800	1224	805	1141	113
YGL156W	VII	210416	213667	+	3252	366	357	507	343	398	40
YGL015C	VII	465043	465435	-	393	15	9	9	11	10	0
RME2	VII	141898	144120	-	2223	0	0	2	3	2	0
YGR251W	VII	995639	996229	+	591	98	119	106	69	124	16
YGR162W	VII	824059	826917	+	2859	839	786	857	727	1088	149
tK(UUU)G2	VII;VII	700953;701012	700988;701048	-;-	73	0	0	0	0	1	0
YGR005C	VII	504657	505859	-	1203	485	387	549	407	571	109
YGL160W	VII	200561	202273	+	1713	450	356	408	317	503	75
snR46	VII	545370	545566	+	197	3	9	32	10	17	4
tD(GUC)G1	VII	531610	531681	+	72	1	0	2	0	1	0
YGL211W	VII	92512	93591	+	1080	160	172	258	155	227	33
YGR141W	VII	770569	771972	+	1404	230	174	280	146	275	38
YGL239C	VII	49431	49745	-	315	1	4	0	2	4	2
YGL097W	VII	321782	323230	+	1449	257	275	403	224	354	71
YGR030C	VII	545681	546157	-	477	95	88	110	56	104	10
YGR224W	VII	942806	944647	+	1842	151	139	199	142	197	27
YGR142W	VII	772454	773686	+	1233	109	108	137	99	120	24
YGR186W	VII	867774	869981	+	2208	852	690	968	647	908	166
YGR181W	VII	858287	858604	+	318	149	160	204	158	193	23
YGL081W	VII	357377	358339	+	963	32	36	41	28	52	3
YGR082W	VII	644044	644595	+	552	613	690	1253	642	710	140
YGL028C	VII	441281	442909	-	1629	1786	2010	1757	1306	1971	197
YGL021W	VII	454785	457067	+	2283	370	361	502	281	460	48
YGL110C	VII	301537	303411	-	1875	245	197	313	175	318	31
YGR167W	VII	832456	833157	+	702	1002	861	1350	990	1297	185
YGL017W	VII	459854	461365	+	1512	178	158	226	175	177	30
tA(UGC)G	VII	794417	794489	+	73	3	1	0	0	0	0
YGR156W	VII	800546	801823	+	1278	369	290	343	241	316	60
YGR291C	VII	1076283	1076504	-	222	0	0	0	0	0	0
YGR197C	VII	892497	894140	-	1644	393	292	381	274	370	44
YGR041W	VII	577487	579130	+	1644	466	409	498	369	551	73
YGL079W	VII	359444	360100	+	657	110	115	201	138	210	26
YGL107C	VII	304333	306273	-	1941	373	325	451	287	353	96
YGL168W	VII	187464	187796	+	333	69	36	55	22	62	8
YGL228W	VII	67598	69331	+	1734	773	778	755	646	991	166
YGR183C	VII;VII	859063;859474	859260;859476	-;-	201	394	380	631	407	585	98
YGL050W	VII	405776	406597	+	822	129	115	183	80	143	21
YGR273C	VII	1038715	1039239	-	525	2	0	2	0	0	0
YGR086C	VII	649598	650617	-	1020	2577	2384	3345	2555	3907	717
YGR228W	VII	949365	949709	+	345	3	1	0	0	0	0
YGL145W	VII	230243	232348	+	2106	297	222	285	203	301	41
YGR098C	VII	682566	687458	-	4893	331	327	353	282	392	70
YGR074W	VII	635712	636152	+	441	13	18	26	19	18	2
YGL098W	VII	317342	318079	+	738	127	134	211	126	224	28
snR7-S	VII	939494	939672	-	179	0	0	0	0	0	0
YGL096W	VII	325331	326161	+	831	145	153	145	146	224	40
YGR240C-A	VII	974577	974777	-	201	33	38	55	24	41	12
YGR172C	VII	842845	843591	-	747	207	253	303	241	295	32
YGR194C	VII	886073	887875	-	1803	730	538	1031	720	1040	155
YGL026C	VII	446412	448535	-	2124	2158	1842	2807	1765	2468	381
YGL213C	VII	90054	91247	-	1194	318	263	275	223	274	47
YGL248W	VII	35653	36762	+	1110	690	561	797	673	892	117
YGL075C	VII	366925	368088	-	1164	74	56	55	55	96	10
YGL256W	VII	15159	16307	+	1149	4145	5280	6509	5051	7254	152
YGL012W	VII	472855	474276	+	1422	2038	2049	2943	1395	1797	462
YGL082W	VII	355827	356972	+	1146	618	602	1000	643	813	182
YGR161C	VII	808629	809420	-	792	612	490	473	852	1093	115
tW(CCA)G1	VII;VII	287350;287420	287385;287455	-;-	72	0	0	0	2	0	0
YGR274C	VII	1039895	1043095	-	3201	430	299	375	277	508	92
YGR031C-A	VII	546809	547300	-	492	0	0	0	0	0	0
YGL037C	VII	427297	427947	-	651	6603	5464	9685	6835	8664	1469
YGL252C	VII	25718	27484	-	1767	657	596	878	504	861	152
YGL250W	VII	31910	32635	+	726	110	98	145	121	145	13
YGR260W	VII	1012485	1014089	+	1605	859	805	1134	916	1327	173
YGR159C	VII	806412	807656	-	1245	955	879	1070	776	1105	135
YGR006W	VII	506070	506825	+	756	68	90	82	46	99	18
YGL121C	VII	280777	281157	-	381	312	225	358	424	434	74
YGL040C	VII	419527	420555	-	1029	310	356	702	292	428	88
YGR130C	VII	751394	753844	-	2451	1435	1305	1805	1384	2084	404
YGR021W	VII	527632	528504	+	873	214	162	238	225	241	38
YGR097W	VII	678695	682135	+	3441	1493	1165	1035	1195	1766	249
YGL170C	VII	184153	185394	-	1242	19	10	16	9	18	0
YGL166W	VII	191129	191806	+	678	27	18	30	22	29	2
YGL104C	VII	308713	310173	-	1461	279	194	340	221	373	51
YGR149W	VII	789031	790329	+	1299	727	778	942	604	855	133
YGR195W	VII	888882	889622	+	741	230	233	353	189	339	67
tG(GCC)G2	VII	930953	931023	-	71	2	1	6	1	0	2
YGR250C	VII	991176	993521	-	2346	823	709	825	938	1347	163
YGL155W	VII	214081	215211	+	1131	162	134	218	126	172	37
YGL216W	VII	84885	87302	+	2418	427	377	393	345	436	46
YGR029W	VII;VII	543553;543722	543638;544205	+;+	570	284	241	428	311	312	62
YGL125W	VII	272520	274322	+	1803	2158	1441	1770	952	1160	248
YGR038W	VII	560682	561350	+	669	178	203	293	171	253	46
YGR008C	VII	508110	508364	-	255	1181	1114	2287	1426	1848	375
YGR248W	VII	985972	986739	+	768	318	296	607	501	510	95
YGL094C	VII	331118	334465	-	3348	450	426	512	349	534	84
YGR131W	VII	754726	755250	+	525	88	92	77	58	64	10
YGR163W	VII	827552	828577	+	1026	225	220	260	226	294	42
YGR125W	VII	742325	745435	+	3111	851	923	1087	823	1318	180
YGR279C	VII	1048798	1049958	-	1161	3963	3544	4376	3594	4570	776
YGL022W	VII	452404	454560	+	2157	2172	1787	2395	1670	2286	375
tD(GUC)G2	VII	544577	544648	-	72	1	1	3	3	1	1
YGR271W	VII	1031791	1037694	+	5904	248	236	320	202	334	49
YGL025C	VII	448764	449957	-	1194	423	290	263	306	353	73
YGL176C	VII	171415	173079	-	1665	155	151	211	179	224	20
YGR031W	VII	546441	547469	+	1029	103	104	123	112	159	20
YGL102C	VII	311505	311933	-	429	38	40	40	34	43	6
YGR182C	VII	858551	858904	-	354	249	218	266	241	355	26
YGR025W	VII	532639	532941	+	303	13	19	24	10	30	0
YGL113W	VII	295932	297938	+	2007	466	356	413	287	471	68
YGR188C	VII	872044	875109	-	3066	69	50	69	41	68	6
YGL162W	VII	198138	199037	+	900	261	168	174	196	242	46
YGL084C	VII	350616	352298	-	1683	563	484	571	458	618	118
snR10	VII	345986	346230	+	245	8	1	0	2	1	0
YGL196W	VII	129883	131169	+	1287	318	341	522	342	466	80
RME3	VII	33109	35013	-	1905	0	0	0	0	0	0
YGR230W	VII	951894	952307	+	414	86	93	102	69	105	26
YGR084C	VII	647123	648142	-	1020	555	426	500	441	573	122
YGL222C	VII	80659	81186	-	528	272	231	168	230	284	38
YGR166W	VII	830515	832197	+	1683	247	206	272	258	333	38
YGR122C-A	VII	735630	735758	-	129	12	23	50	23	23	3
YGR152C	VII	794674	795492	-	819	14	31	48	20	43	6
YGL210W	VII	93792	94460	+	669	576	454	561	424	543	74
YGR265W	VII	1021648	1022058	+	411	4	6	8	6	17	0
YGR157W	VII	802440	805049	+	2610	1151	1155	1973	765	1319	178
YGL240W	VII	48613	49365	+	753	25	16	22	29	32	10
YGR085C	VII	648383	648907	-	525	1973	2101	2550	1752	2724	379
YGR237C	VII	963298	965655	-	2358	636	510	623	649	886	120
YGL146C	VII	228751	229686	-	936	18	13	36	16	19	14
YGL153W	VII	216273	217298	+	1026	71	89	133	69	99	12
YGR075C	VII	636147	636875	-	729	69	100	107	90	131	21
tT(UGU)G2	VII	1004216	1004287	+	72	0	0	0	0	0	0
YGL169W	VII	186059	187339	+	1281	194	171	235	135	210	30
YGR187C	VII	870232	871416	-	1185	184	178	210	140	200	18
YGL167C	VII	187616	190468	-	2853	1117	1003	1461	970	1430	200
YGR050C	VII	592086	592442	-	357	42	51	66	26	49	2
YGR035W-A	VII	557565	557786	+	222	128	96	165	97	132	10
YGR217W	VII	924696	930815	+	6120	231	198	236	186	244	36
YGR068C	VII	625324	627084	-	1761	264	223	260	213	276	37
YGR296W	VII;VII	1084864;1085031	1084882;1090591	+;+	5580	0	0	0	0	0	0
YGR177C	VII	848829	850436	-	1608	406	424	344	159	250	22
YGL068W	VII	375087	375671	+	585	109	114	180	123	146	19
tN(GUU)G	VII	731137	731210	+	74	0	0	0	0	0	0
YGL018C	VII	459110	459664	-	555	203	205	172	180	190	39
YGL188C	VII	149343	149516	-	174	80	24	57	37	50	4
YGR126W	VII	745835	746527	+	693	78	44	55	37	91	8
YGL065C	VII	379760	381271	-	1512	218	287	365	205	402	46
YGL014W	VII	466141	468807	+	2667	961	749	816	677	944	105
YGL100W	VII	313234	314283	+	1050	356	348	486	346	460	55
YGR288W	VII	1070293	1071714	+	1422	103	120	199	86	161	28
YGL174W	VII	174545	175345	+	801	116	123	167	120	138	27
YGR211W	VII	915241	916701	+	1461	433	323	477	319	496	65
YGL204C	VII	111700	112005	-	306	121	128	139	146	155	25
YGR270W	VII	1027370	1031509	+	4140	735	711	902	565	966	129
YGR204W	VII	905934	908774	+	2841	10126	7018	9749	5621	7391	1329
YGR266W	VII	1022656	1024761	+	2106	211	162	244	153	247	40
YGL070C	VII	374459	374827	-	369	164	243	344	220	287	36
YGL225W	VII	76894	77907	+	1014	718	969	1404	858	1349	221
YGL120C	VII	281634	283937	-	2304	826	745	751	563	785	92
tE(UUC)G1	VII	328583	328654	+	72	15	3	27	9	14	4
YGR252W	VII	996869	998188	+	1320	151	143	213	154	227	31
YGL106W	VII	306560	307009	+	450	290	342	497	345	403	91
YGR284C	VII	1060658	1061590	-	933	534	629	1082	528	886	96
YGR032W	VII	548264	553951	+	5688	1319	1344	1475	1050	1104	124
YGR174C	VII	845893	846405	-	513	221	167	264	189	208	31
YGR208W	VII	911883	912812	+	930	364	361	491	287	495	50
YGL016W	VII	461666	464911	+	3246	234	201	254	232	275	46
YGR255C	VII	1002523	1003962	-	1440	600	632	802	513	709	107
YGR146C-A	VII	785276	785437	-	162	8	11	6	5	17	0
YGL194C	VII	140368	141726	-	1359	228	166	200	156	198	28
YGL138C	VII	248494	249531	-	1038	4	0	0	0	2	0
YGR091W	VII	666341	667825	+	1485	117	109	120	92	144	20
YGR200C	VII	899904	902270	-	2367	275	244	251	201	284	35
YGR191W	VII	880420	882231	+	1812	469	530	692	397	608	74
YGR270C-A	VII	1027382	1027600	-	219	0	0	0	0	0	0
YGL227W	VII	69671	72547	+	2877	299	294	374	285	417	74
YGR081C	VII	643148	643780	-	633	95	79	131	57	78	12
YGL243W	VII	43307	44509	+	1203	128	77	152	110	138	13
YGL194C-A	VII	139719	139961	-	243	71	100	172	73	80	10
YGR148C	VII	787312	787779	-	468	6361	6051	9506	6124	8733	1230
YGL136C	VII	252897	253859	-	963	190	174	276	164	239	32
YGR276C	VII	1043819	1045480	-	1662	243	251	353	175	355	42
YGL129C	VII	267723	269075	-	1353	291	312	323	257	374	34
tR(UCU)G2	VII	828723	828794	-	72	0	0	0	0	0	0
YGR053C	VII	594986	595837	-	852	52	38	86	43	64	12
YGR069W	VII	627083	627418	+	336	11	16	11	7	7	0
YGL224C	VII	78015	78857	-	843	435	324	515	245	423	65
YGL193C	VII	141916	142227	-	312	0	0	0	0	0	0
YGL020C	VII	457163	457870	-	708	415	413	533	355	463	62
YGL177W	VII	167559	167906	+	348	12	11	23	15	26	0
YGL189C	VII	148229	148588	-	360	6524	7681	10886	6750	10301	1734
YGR122W	VII	733935	735143	+	1209	118	114	149	127	228	42
YGL003C	VII	492474	494174	-	1701	245	245	266	208	247	42
YGR210C	VII	913503	914738	-	1236	407	312	532	342	472	77
tG(GCC)G1	VII	845649	845719	+	71	6	1	6	5	2	1
YGR079W	VII	640720	641832	+	1113	334	310	213	170	232	22
YGL115W	VII	292033	293001	+	969	475	488	808	447	704	88
YGL105W	VII	307437	308567	+	1131	2660	2689	2671	2412	3435	628
YGR026W	VII	532985	533821	+	837	1178	1414	2455	1258	2019	225
YGR087C	VII	651290	652981	-	1692	25	14	39	15	18	2
YGR278W	VII	1046731	1048464	+	1734	229	137	193	179	250	48
YGR042W	VII	579476	580291	+	816	326	292	226	327	400	46
YGR043C	VII	580435	581436	-	1002	222	140	272	276	333	43
YGL165C	VII	191398	191976	-	579	22	7	9	11	13	6
YGR110W	VII	713709	715046	+	1338	75	66	76	63	95	14
YGR089W	VII	656960	659770	+	2811	331	287	338	258	419	39
YGL158W	VII	207033	208571	+	1539	25	34	37	96	107	21
YGR262C	VII	1016974	1017759	-	786	487	357	473	352	416	73
YGL200C	VII	122694	123305	-	612	614	682	1245	641	957	145
YGL117W	VII	288512	289309	+	798	342	322	467	465	511	70
YGL186C	VII	151037	152776	-	1740	937	844	1098	669	973	122
YGR010W	VII	511545	512732	+	1188	143	121	151	121	212	30
YGR198W	VII	894693	897146	+	2454	713	645	789	466	751	98
YGR137W	VII	762888	763262	+	375	77	26	42	35	53	10
YGL058W	VII	393986	394504	+	519	263	262	347	233	330	48
YGL226W	VII	73340	73711	+	372	99	75	84	59	80	8
YGL055W	VII	398628	400160	+	1533	7329	6471	8080	5509	7768	862
YGL184C	VII	154615	156012	-	1398	1761	1474	1744	748	830	169
YGL024W	VII	449788	450123	+	336	33	11	4	11	21	1
tV(AAC)G3	VII	73829	73902	-	74	5	7	14	8	6	0
YGL151W	VII	217524	220922	+	3399	365	387	487	343	591	80
YGR101W	VII	693363	694403	+	1041	173	218	328	211	272	58
YGL230C	VII	63772	64215	-	444	7	3	8	6	4	0
YGR103W	VII	695417	697234	+	1818	408	612	781	388	765	92
YGR096W	VII	676621	677565	+	945	185	140	188	125	196	36
YGR112W	VII	717358	718527	+	1170	130	132	174	98	181	13
tI(AAU)G	VII	739122	739195	+	74	3	0	0	0	2	0
YGL013C	VII	469092	472298	-	3207	336	356	442	310	456	44
YGL076C	VII;VII;VII	364335;365433;365986	364964;365526;365996	-;-;-	735	3427	3570	5545	3441	5186	1159
YGR067C	VII	622372	624786	-	2415	71	75	43	54	77	4
YGR094W	VII	672186	675500	+	3315	2608	2321	3535	2031	3561	412
YGL226C-A	VII;VII	72749;73138	72988;73158	-;-	261	939	771	686	918	939	186
YGR045C	VII	583934	584296	-	363	8	2	20	7	6	2
YGR175C	VII	846933	848423	-	1491	1162	1247	1752	755	1018	123
YGL008C	VII	479910	482666	-	2757	12187	12943	17662	10468	18281	2294
YGR115C	VII	720372	721151	-	780	0	0	0	0	0	0
YGR108W	VII	703636	705051	+	1416	287	356	454	325	482	47
YGR218W	VII	932541	935795	+	3255	1376	1298	1654	1061	1746	186
YGR205W	VII	909213	910085	+	873	118	138	284	200	257	45
YGL073W	VII	368753	371254	+	2502	800	676	613	655	908	116
YGL009C	VII	476313	478652	-	2340	875	761	1192	532	692	139
YGL095C	VII	328874	330607	-	1734	436	399	625	360	646	76
YGL137W	VII;VII	249869;250087	249886;252738	+;+	2670	971	884	1422	762	1176	134
YGL214W	VII	90010	90495	+	486	8	5	7	6	6	1
YGR105W	VII	698599	698832	+	234	58	70	119	72	85	12
YGR001C	VII;VII;VII	497133;497459;498000	497365;497937;498034	-;-;-	747	378	427	571	360	503	74
tK(UUU)G1	VII;VII	115488;115548	115524;115583	+;+	73	1	0	0	0	0	0
YGL217C	VII	84839	85180	-	342	2	4	2	3	2	0
YGL173C	VII	175527	180113	-	4587	2570	1953	2749	2010	2792	411
YGL086W	VII	347119	349368	+	2250	211	204	306	198	354	51
YGR223C	VII	940869	942215	-	1347	346	265	369	238	421	48
tS(AGA)G	VII	561662	561743	-	82	0	0	1	0	0	0
YGR077C	VII	637744	639513	-	1770	472	388	498	300	517	80
YGL052W	VII	403437	403742	+	306	106	70	130	61	72	15
YGR285C	VII	1061852	1063153	-	1302	3109	2664	4078	2684	3596	590
YGL080W	VII	358636	359028	+	393	240	256	300	294	376	58
YGL207W	VII	98969	102076	+	3108	974	852	1407	705	1239	129
YGR261C	VII	1014321	1016750	-	2430	1140	831	1225	862	1319	163
YGR226C	VII	946792	947001	-	210	0	0	0	0	0	0
YGL140C	VII	241353	245012	-	3660	580	511	685	432	636	81
YGL078C	VII	360288	361859	-	1572	540	437	520	384	555	48
YGL199C	VII	123572	124042	-	471	0	0	0	0	0	0
YGR164W	VII	828625	828960	+	336	2	6	4	6	4	0
YGR150C	VII	790459	793053	-	2595	329	306	443	272	410	55
YGL006W-A	VII	485423	485533	+	111	6	3	8	2	1	0
YGR196C	VII	889733	892186	-	2454	261	254	344	201	347	85
YGL197W	VII	124698	129161	+	4464	653	616	584	472	895	97
YGR136W	VII	762428	763153	+	726	1141	722	662	823	1052	162
YGR153W	VII	796092	796745	+	654	64	38	100	51	57	12
YGL159W	VII	202721	203833	+	1113	108	120	165	73	157	24
YGR286C	VII	1063813	1064940	-	1128	361	387	420	347	477	71
YGL254W	VII	22304	23203	+	900	49	39	54	56	82	2
tH(GUG)G1	VII	110625	110696	-	72	1	0	6	0	0	0
YGR023W	VII	529264	530919	+	1656	260	170	198	281	358	57
snR48	VII	609584	609696	+	113	1	3	2	0	0	0
YGL063W	VII	383654	384766	+	1113	129	102	113	115	124	32
YGL154C	VII	215278	216096	-	819	84	96	139	96	157	42
YGL035C	VII	431548	433062	-	1515	655	475	438	776	873	132
YGR009C	VII	509047	511002	-	1956	489	412	446	386	602	116
YGR034W	VII;VII	555812;556308	555830;556672	+;+	384	1268	1467	2289	1376	2123	310
YGL064C	VII	381523	383208	-	1686	162	154	159	144	207	16
YGR118W	VII;VII	726974;727358	727038;727730	+;+	438	695	804	1337	769	1348	167
YGR277C	VII	1045644	1046561	-	918	191	168	213	146	221	38
YGR232W	VII	953960	954646	+	687	119	120	216	112	134	41
YGR227W	VII	947420	948997	+	1578	445	350	354	246	468	56
YGL142C	VII	236269	238119	-	1851	410	397	442	318	509	66
YGL143C	VII	234717	235958	-	1242	140	122	168	116	158	29
YGR222W	VII	939923	940804	+	882	260	301	457	291	417	40
YGL045W	VII	414102	415730	+	1629	577	402	538	480	662	94
YGL253W	VII	23935	25395	+	1461	3335	2927	6114	4518	6364	1127
YGR257C	VII	1006205	1007305	-	1101	315	230	285	236	269	52
YGL131C	VII	261648	265859	-	4212	142	123	134	94	178	14
YGR064W	VII	617621	617989	+	369	11	7	5	4	4	1
YGR263C	VII	1017967	1019241	-	1275	230	200	268	218	286	44
YGL049C	VII	406860	409604	-	2745	600	448	563	480	666	117
YGR296C-B	VII	1089746	1090228	-	483	0	0	0	0	0	0
YGL202W	VII	116059	117561	+	1503	3499	3215	4101	3137	4552	624
YGL258W-A	VII	9162	9395	+	234	1	0	8	3	6	2
YGR133W	VII	756896	757447	+	552	215	141	175	153	200	24
YGR109C	VII	705359	706501	-	1143	54	52	56	42	63	8
YGR037C	VII	559731	559994	-	264	2904	2517	4253	2596	3342	423
YGL077C	VII	362225	363916	-	1692	1206	1385	1842	1054	1512	226
YGR111W	VII	715828	717030	+	1203	326	343	503	291	470	59
YGR016W	VII	522261	522833	+	573	25	27	50	37	60	4
YGR245C	VII	979765	982068	-	2304	433	336	386	208	452	54
YGR287C	VII	1067222	1068991	-	1770	49	30	54	35	47	10
YGL244W	VII	41498	43174	+	1677	406	360	440	335	441	76
YGL057C	VII	394966	395829	-	864	98	75	168	107	142	6
YGL187C	VII	149704	150171	-	468	467	656	1126	674	950	142
YGR180C	VII	855264	856301	-	1038	3435	3358	4981	2954	3916	530
YGR116W	VII	720409	724764	+	4356	749	678	919	633	1020	160
YGL181W	VII	157906	159096	+	1191	592	416	595	337	573	110
YGR202C	VII	903474	904748	-	1275	1232	1078	1188	874	1327	186
YGL127C	VII	270392	270775	-	384	459	355	368	291	375	49
YGR203W	VII	905237	905683	+	447	73	77	136	63	68	25
YGL150C	VII	221104	225573	-	4470	733	593	677	512	798	112
YGR134W	VII	757770	761138	+	3369	152	173	271	172	259	28
YGR095C	VII	675671	676342	-	672	311	264	349	304	455	67
YGR214W	VII;VII	920575;921120	920664;921788	+;+	759	7925	6166	7250	6474	9625	1265
YGR269W	VII	1026636	1026962	+	327	16	15	12	18	24	4
YGR176W	VII	848720	849067	+	348	73	52	85	10	17	3
YGL263W	VII	2790	3932	+	1143	9	10	16	10	12	2
YGR057C	VII	604773	605501	-	729	84	136	137	65	133	18
YGL074C	VII	368596	368922	-	327	3	2	3	2	2	0
YGR007W	VII	506969	507940	+	972	624	619	748	455	662	134
YGR241C	VII	974875	976581	-	1707	785	618	558	694	985	141
YGR127W	VII	746798	747736	+	939	294	305	447	332	513	62
YGL219C	VII	82878	84257	-	1380	734	517	584	527	661	119
YGL061C	VII	388968	389711	-	744	168	155	199	134	172	36
YGR083C	VII	644860	646815	-	1956	554	391	587	476	623	92
YGL038C	VII	425362	426804	-	1443	566	568	691	590	748	134
YGL047W	VII	411552	412160	+	609	153	133	260	138	184	38
YGR244C	VII	978036	979319	-	1284	1030	851	1541	1179	1509	207
YGR289C	VII	1073963	1075813	-	1851	42	36	74	81	83	16
YGL089C	VII	344791	345153	-	363	2124	2359	4944	1509	2429	530
YGL180W	VII	160065	162758	+	2694	335	169	243	161	202	30
YGR146C	VII	784223	784858	-	636	265	189	261	197	301	25
YGL149W	VII	225572	225877	+	306	8	4	4	6	5	2
YGL242C	VII	44652	45197	-	546	264	245	433	280	413	94
YGR106C	VII	698989	699786	-	798	1609	1844	2560	1573	2647	304
YGR004W	VII	502938	504326	+	1389	133	137	190	101	161	39
YGR209C	VII	912913	913227	-	315	1179	1135	2173	1184	1483	211
YGR052W	VII	593596	594705	+	1110	459	493	958	912	1316	202
YGR158C	VII	805269	806021	-	753	122	134	153	84	161	20
YGR003W	VII	500132	502366	+	2235	133	143	194	77	145	30
YGR219W	VII	936035	936376	+	342	0	1	1	0	0	0
YGL247W	VII	36933	37526	+	594	131	81	121	82	107	9
YGR170W	VII	837142	840558	+	3417	914	722	883	617	950	142
YGR246C	VII	982482	984272	-	1791	390	299	409	302	350	68
YGL183C	VII;VII	156543;157283	157199;157285	-;-	660	13	11	27	5	19	4
YGR160W	VII	807073	807684	+	612	0	1	3	0	1	0
YGR204C-A	VII	909061	909174	-	114	6	8	19	11	10	6
YGR039W	VII	574888	575199	+	312	25	14	39	33	45	2
YGL059W	VII	392223	393698	+	1476	441	341	347	357	431	102
YGL123W	VII	277617	278381	+	765	2852	2988	5067	3159	4782	864
YGL099W	VII	314631	316553	+	1923	329	289	408	244	349	61
YGR102C	VII	694584	695135	-	552	181	143	208	171	217	22
YGL233W	VII	59122	61854	+	2733	537	469	646	476	697	68
YGL072C	VII	371003	371362	-	360	3	0	1	3	0	0
YGL056C	VII	396035	397618	-	1584	499	327	335	370	525	65
YGR104C	VII	697445	698368	-	924	373	226	246	279	330	50
YGR240C	VII	970771	973734	-	2964	3081	2436	4196	2947	4228	636
YGR243W	VII	977336	977776	+	441	126	121	154	316	270	50
YGR275W	VII	1043276	1043749	+	474	403	327	440	286	440	90
YGL088W	VII	345836	346201	+	366	1	0	0	2	0	0
YGR020C	VII	526973	527329	-	357	1173	1199	1841	1261	1745	222
YGR100W	VII	690245	693097	+	2853	915	643	1110	722	1088	145
YGR231C	VII	952548	953480	-	933	377	336	676	367	508	75
YGR215W	VII	922175	922507	+	333	95	70	133	72	107	18
YGR018C	VII	524365	524694	-	330	38	12	21	16	36	6
YGL152C	VII	216692	217369	-	678	1	0	0	0	0	0
YGL212W	VII	91432	92382	+	951	92	59	63	58	91	8
YGL066W	VII	377609	379582	+	1974	434	359	300	357	510	94
YGL060W	VII	390065	391990	+	1926	308	264	400	200	286	42
YGL185C	VII	153167	154306	-	1140	108	87	166	72	104	11
YGR145W	VII	781767	783890	+	2124	226	174	199	102	172	22
YGL011C	VII	474489	475247	-	759	942	812	1243	757	1019	166
YGR147C	VII	786054	786920	-	867	154	168	223	141	218	22
YGR036C	VII	558149	558868	-	720	134	132	206	110	188	36
YGL122C	VII	278946	280523	-	1578	1256	1049	967	836	1076	173
YGL261C	VII	6290	6652	-	363	0	3	3	2	0	0
YGL041C	VII	419022	419225	-	204	0	0	0	0	0	0
YGR099W	VII	687899	689965	+	2067	112	98	160	86	130	16
YGR046W	VII	584895	586052	+	1158	436	372	365	303	542	66
YGL188C-A	VII	148824	148964	-	141	25	20	17	13	21	0
YGR216C	VII	922633	924462	-	1830	363	306	402	264	446	62
tG(UCC)G	VII	779616	779687	+	72	0	0	0	0	0	0
YGR047C	VII	586392	589469	-	3078	209	203	331	175	275	34
YGR238C	VII	966039	968687	-	2649	385	322	366	324	401	60
YGR282C	VII	1057783	1058724	-	942	2116	2946	4153	2771	4167	695
YGL132W	VII	261580	261915	+	336	11	7	5	8	6	0
tA(AGC)G	VII	774349	774421	+	73	0	1	0	0	0	0
YGR169C	VII	834689	835903	-	1215	84	122	155	140	173	36
YGR063C	VII	617516	617824	-	309	48	23	43	27	44	5
YGR256W	VII	1004624	1006102	+	1479	26	35	65	59	53	8
YGL036W	VII	428601	431330	+	2730	531	478	556	486	716	132
YGR192C	VII	882812	883810	-	999	82644	68730	121274	77820	112271	21768
YGL191W	VII	144808	145197	+	390	572	519	906	521	793	124
YGR051C	VII	592906	593229	-	324	34	24	36	18	35	3
YGR013W	VII	514554	516416	+	1863	256	181	282	175	330	50
YGR123C	VII	736662	738203	-	1542	168	162	215	134	216	38
YGL209W	VII	95858	97006	+	1149	394	277	313	395	445	80
YGL163C	VII	193707	196403	-	2697	197	166	183	169	242	44
YGR296C-A	VII	1088870	1089445	-	576	0	0	0	0	0	0
YGL178W	VII;VII	167352;167995	167354;170571	+;+	2580	763	507	541	487	711	106
YGL092W	VII	337906	341859	+	3954	582	513	763	412	763	91
YGR132C	VII	755589	756452	-	864	337	309	535	340	574	77
YGL208W	VII	97338	98585	+	1248	333	238	252	302	377	66
tL(GAG)G	VII	700675	700756	+	82	0	0	0	0	2	0
YGR059W	VII	607563	609101	+	1539	8	10	4	8	13	0
YGR114C	VII	720265	720654	-	390	1	0	0	0	0	0
YGR128C	VII	747950	750091	-	2142	408	408	428	342	443	62
YGL246C	VII	37617	38780	-	1164	198	178	218	132	193	24
YGL190C	VII	145809	147389	-	1581	727	634	772	665	975	134
YGR033C	VII	554248	554967	-	720	414	452	672	415	677	84
YGL112C	VII	298178	299728	-	1551	549	482	630	403	582	76
YGL001C	VII	495453	496502	-	1050	746	574	1209	415	638	103
YGR168C	VII	833352	834482	-	1131	92	76	89	54	97	15
YGL093W	VII	334886	337639	+	2754	222	181	296	170	288	40
YGR120C	VII	730033	730821	-	789	170	153	217	130	199	24
YGR027C	VII	534132	534458	-	327	2617	1750	3161	2065	2831	383
YGL259W	VII	8470	8967	+	498	17	8	13	11	14	0
YGR294W	VII	1080306	1080668	+	363	7	6	12	11	8	3
YGR124W	VII	739944	741662	+	1719	2797	2389	3638	2636	3720	692
YGL103W	VII;VII	310967;311527	311015;311927	+;+	450	5	10	11	10	13	1
YGL062W	VII	385196	388732	+	3537	1425	1310	1871	1217	1985	346
YGR049W	VII	591314	591877	+	564	999	803	995	488	605	115
snR39	VII	365163	365251	-	89	9	3	10	13	6	0
YGR076C	VII	637104	637577	-	474	197	172	196	161	225	33
YGL161C	VII	199210	200142	-	933	550	561	819	589	824	140
YGR062C	VII	616328	617278	-	951	179	175	281	171	179	32
tV(AAC)G1	VII	412294	412367	-	74	0	0	5	1	0	2
YGL237C	VII	52731	53528	-	798	266	189	242	231	313	59
YGR024C	VII	531883	532596	-	714	129	148	231	117	215	31
YGR184C	VII	859901	865753	-	5853	939	939	1237	796	1188	148
YGR292W	VII	1076599	1078353	+	1755	22	8	15	8	20	2
YGR151C	VII	794655	794990	-	336	5	0	0	1	1	0
YGL034C	VII	433214	433579	-	366	2	0	4	2	5	0
YGL067W	VII	376101	377255	+	1155	204	195	319	193	280	44
YGR072W	VII	634304	635467	+	1164	195	144	240	203	265	38
YGL229C	VII	64503	66959	-	2457	165	115	178	140	286	37
YGR055W	VII	599417	601141	+	1725	5399	6030	7142	3118	4072	511
YGL044C	VII	416146	417036	-	891	287	220	357	236	345	46
YGL054C	VII	400871	401287	-	417	999	916	1109	976	1289	275
YGL119W	VII	284442	285947	+	1506	297	261	422	248	331	48
YGR068W-A	VII	626294	626389	+	96	0	0	0	0	0	0
YGR206W	VII	910432	910737	+	306	80	89	81	64	79	26
YGR121W-A	VII	733412	733627	+	216	8	4	6	8	9	0
YGL130W	VII	266145	267524	+	1380	732	515	646	552	686	172
YGL042C	VII	418288	418593	-	306	83	82	104	62	81	13
YGR090W	VII	662358	666071	+	3714	776	640	757	530	883	96
YGR221C	VII	937124	938992	-	1869	295	298	327	266	315	38
YGR143W	VII	775193	777508	+	2316	893	861	881	795	1101	164
tR(UCU)G1	VII	405470	405541	+	72	0	0	0	0	0	0
YGL218W	VII	83650	84300	+	651	0	0	0	0	0	0
YGL198W	VII	123591	124298	+	708	122	85	154	93	96	18
YGL083W	VII	353058	355472	+	2415	538	384	476	364	602	53
tC(GCA)G	VII	707108	707179	-	72	0	0	0	0	0	0
YGR071C	VII	631481	634063	-	2583	230	234	274	200	374	39
YGR259C	VII	1012481	1012921	-	441	0	0	0	0	0	0
YGR058W	VII	606136	607143	+	1008	268	166	187	182	274	34
YGL195W	VII	131525	139543	+	8019	1429	1310	2196	1260	1777	249
YGL192W	VII	142246	144048	+	1803	0	0	0	0	0	0
YGL206C	VII	102543	107504	-	4962	1352	1167	2015	1179	1877	254
YGR060W	VII	610564	611493	+	930	3101	3484	3956	1246	2158	298
YGL257C	VII	12481	14157	-	1677	406	439	517	357	578	70
YGL236C	VII	53787	55796	-	2010	138	141	150	126	151	23
YGR138C	VII	763762	765606	-	1845	1158	1047	1225	1439	1988	189
YGR015C	VII	521090	522076	-	987	142	150	200	151	213	30
YGL023C	VII	450197	452104	-	1908	616	466	396	397	567	73
YGL144C	VII	232450	234507	-	2058	168	114	162	141	153	19
YGL071W	VII	372012	374084	+	2073	451	389	281	310	417	68
tK(CUU)G3	VII	876394	876466	+	73	0	0	0	0	0	0
YGR080W	VII	642010	643008	+	999	573	587	783	593	681	115
YGL116W	VII	289809	291641	+	1833	341	271	292	188	301	46
YGR035C	VII	557072	557422	-	351	106	106	84	86	97	18
YGL201C	VII	117854	120907	-	3054	204	189	218	141	243	52
YGR212W	VII	917040	918446	+	1407	85	92	102	60	123	14
YGR154C	VII	796798	797868	-	1071	189	154	241	129	157	30
YGL241W	VII	45445	48459	+	3015	293	299	329	230	344	76
YGL262W	VII	5312	5839	+	528	0	0	0	0	0	0
YGR247W	VII	984966	985685	+	720	125	141	222	148	193	32
YGR199W	VII	897502	899781	+	2280	264	354	366	275	341	74
YGL260W	VII	6860	7090	+	231	0	0	0	0	0	0
YGR179C	VII	853675	854895	-	1221	260	263	288	169	314	42
YGR011W	VII	512497	512823	+	327	30	19	21	23	38	3
YGL111W	VII	299978	301369	+	1392	323	305	453	255	330	53
snR39B	VII	366374	366469	-	96	20	22	27	17	17	1
YGR073C	VII	635615	635986	-	372	0	0	0	0	0	0
YGR155W	VII	798543	800066	+	1524	5325	5551	9472	3874	5449	825
YGL114W	VII	293460	295637	+	2178	350	359	450	322	471	52
YGL255W	VII	20978	22108	+	1131	7359	9365	11184	6708	11435	1073
YGR066C	VII	620921	621799	-	879	72	68	76	66	90	11
YGR233C	VII	954674	958210	-	3537	460	411	549	305	535	86
YGR092W	VII	668189	669907	+	1719	395	326	544	300	392	70
YGL041W-A	VII	418825	419289	+	465	50	22	40	23	34	6
YGR171C	VII	840824	842551	-	1728	111	100	156	87	178	17
tW(CCA)G2	VII;VII	878710;878780	878745;878815	-;-	72	0	0	0	0	0	0
YGL171W	VII	182390	184084	+	1695	125	97	117	113	100	16
YGL029W	VII	440063	440425	+	363	74	62	74	59	86	18
YGR040W	VII	575398	576504	+	1107	158	165	200	115	257	25
YGR220C	VII	936074	936883	-	810	118	130	172	117	141	44
YGR268C	VII	1026057	1026653	-	597	387	231	281	286	297	86
YGL147C	VII	227754	228329	-	576	1294	1557	2462	1463	2458	341
tK(CUU)G1	VII	122269	122341	+	73	0	0	2	0	0	0
YGR144W	VII	780399	781379	+	981	15	11	26	19	28	0
YGR178C	VII	851047	853215	-	2169	1708	1347	1870	1221	1805	260
YGR113W	VII	718893	719924	+	1032	497	404	446	414	536	80
YGL203C	VII	112475	114664	-	2190	695	664	864	585	1035	110
YGL048C	VII	410069	411286	-	1218	1263	981	1888	912	1375	250
YGR207C	VII	910843	911628	-	786	229	225	344	224	266	36
YGR258C	VII	1007671	1010766	-	3096	322	313	392	324	498	50
YGL091C	VII	342056	343042	-	987	211	148	325	183	201	52
YGR093W	VII	670388	671911	+	1524	251	188	275	177	226	28
YGR119C	VII	728046	729671	-	1626	538	426	537	480	575	76
YGR213C	VII	918512	919465	-	954	54	50	72	66	60	15
YGR061C	VII	611889	615965	-	4077	2111	1624	2615	1462	2201	307
YGL182C	VII	157273	157596	-	324	15	0	2	0	1	2
YGR139W	VII	765726	766064	+	339	16	20	21	40	49	1
YGR121C	VII	731449	732927	-	1479	511	430	552	449	686	100
YGL043W	VII	417483	418412	+	930	380	303	331	297	428	78
YGR280C	VII	1050910	1051725	-	816	183	203	231	156	286	33
YGL085W	VII	349616	350440	+	825	126	107	168	89	143	18
YGL031C	VII	437467	437934	-	468	2268	2278	4378	2409	3533	510
YGR117C	VII	725049	726479	-	1431	263	242	379	262	385	37
YGR254W	VII	1000927	1002240	+	1314	13069	11970	26289	16713	22191	3081
YGR235C	VII	961360	962061	-	702	416	326	581	319	469	50
YGL124C	VII	274780	276714	-	1935	161	129	178	108	172	22
YGR236C	VII	962530	962817	-	288	6	1	6	1	8	1
YGL164C	VII	191978	193300	-	1323	128	109	107	65	151	30
YGR293C	VII	1079885	1080346	-	462	3	9	8	5	4	4
tL(CAA)G1	VII;VII	205521;205591	205558;205634	+;+	82	0	0	0	2	5	0
YGR264C	VII	1019598	1021853	-	2256	1131	1010	1340	953	1322	228
YGL234W	VII	56482	58890	+	2409	4174	3169	4454	2692	4169	690
YGL109W	VII	303513	303836	+	324	42	42	60	41	51	5
YGL238W	VII	49552	52434	+	2883	467	521	662	407	627	78
YGL041C-B	VII	418704	418886	-	183	2	0	3	2	3	0
YGR056W	VII	601661	604447	+	2787	439	411	419	308	550	51
YGR201C	VII	902520	903197	-	678	88	74	180	74	102	6
YGR239C	VII	969187	970053	-	867	483	419	456	440	600	95
YGR169C-A	VII	836387	836665	-	279	166	148	183	124	184	54
YGR185C	VII	866336	867520	-	1185	1521	1469	2135	1333	2072	283
YGR189C	VII	876669	878192	-	1524	1528	1676	1676	1104	1676	224
YGR022C	VII	529257	529586	-	330	0	0	0	0	0	0
YGR290W	VII	1075482	1075925	+	444	0	4	0	0	0	0
YGL205W	VII	108158	110404	+	2247	78	60	76	46	93	16
tK(CUU)G2	VII	185714	185786	-	73	0	0	0	0	0	0
YGL221C	VII	81426	82292	-	867	878	559	807	583	759	133
YGL108C	VII	303649	304071	-	423	38	49	54	30	72	14
YGL069C	VII	375050	375514	-	465	0	0	1	0	0	0
YGL135W	VII	254641	255294	+	654	2482	2486	3882	2558	3810	612
YGR253C	VII	998358	999140	-	783	705	688	1108	576	957	184
YGL053W	VII	402589	403302	+	714	237	256	349	198	349	39
YGL101W	VII	312193	312840	+	648	191	192	273	152	280	58
YGR271C-A	VII	1037800	1038501	-	702	148	134	154	87	162	21
YGR267C	VII	1025004	1025735	-	732	1080	1089	1539	973	1468	193
YGR234W	VII	959904	961103	+	1200	2705	2896	5517	2250	3441	763
YGL251C	VII;VII	27921;31579	31426;31636	-;-	3564	181	107	191	148	193	32
YGL141W	VII	238353	241085	+	2733	440	333	488	358	502	54
YGL245W	VII	39023	41149	+	2127	2498	1974	3663	2358	3044	496
YGL007W	VII	483260	483637	+	378	6	24	21	11	13	0
YGL005C	VII	489708	490547	-	840	113	142	184	116	227	22
YGL215W	VII	87981	89339	+	1359	2868	1830	1430	1903	2470	310
YGR173W	VII	843854	844960	+	1107	101	107	154	98	108	6
YGL249W	VII	33098	35212	+	2115	9	10	12	9	14	0
YGR161W-C	VII	810227	810505	+	279	30	47	69	45	53	16
YGR229C	VII	949382	950899	-	1518	603	633	792	596	833	116
YGR070W	VII	627806	631273	+	3468	359	301	394	336	550	62
YGR135W	VII	761392	762168	+	777	649	636	1128	648	1106	140
YGL014C-A	VII	466237	466398	-	162	0	0	0	0	0	0
YGR225W	VII;VII	945145;946421	946327;947019	+;+	1782	19	4	22	18	20	4
YGL258W	VII	11110	11730	+	621	305	496	358	417	552	14
tT(UGU)G1	VII	661749	661820	+	72	1	0	0	0	0	0
YGL139W	VII	245716	248124	+	2409	383	449	459	329	573	59
YGL172W	VII	180700	182118	+	1419	651	526	696	542	572	119
YGR088W	VII	654634	656322	+	1689	643	490	851	902	1386	292
YGL126W	VII	270997	272139	+	1143	364	330	587	359	403	102
YGR140W	VII	767429	770299	+	2871	158	134	124	106	172	32
YGR129W	VII	750400	751047	+	648	73	83	94	66	96	29
YGL027C	VII	443642	446143	-	2502	451	421	613	434	621	90
tL(CAA)G2	VII;VII	423092;423162	423129;423205	+;+	82	0	0	0	2	0	0
YGL231C	VII	63048	63620	-	573	870	793	662	816	1200	171
YGL019W	VII	458156	458992	+	837	668	537	1167	603	810	134
tR(UCU)G3	VII	736340	736411	+	72	2	0	6	0	1	0
YGR017W	VII	523787	524680	+	894	364	347	410	365	613	77
YGR107W	VII	702667	703116	+	450	11	8	11	5	10	1
YGL039W	VII	423961	425007	+	1047	554	518	719	379	641	48
tL(CAA)G3	VII;VII	857378;857454	857421;857491	-;-	82	1	0	0	0	2	0
YGL123C-A	VII	277634	277864	-	231	0	0	0	0	0	0
YGL002W	VII	494517	495167	+	651	288	289	443	320	398	47
YGR044C	VII	582990	583892	-	903	879	751	988	780	1066	155
YGR193C	VII	884509	885741	-	1233	1202	837	1100	775	1100	196
YGL033W	VII;VII;VII	435625;435750;436375	435679;436312;436401	+;+;+	645	4	0	2	4	7	0
YGR165W	VII	829116	830153	+	1038	400	309	416	311	390	62
YGL030W	VII;VII	439091;439324	439093;439638	+;+	318	2406	2166	3123	2154	3049	576
YGL128C	VII	269293	270144	-	852	185	135	111	152	173	40
YGL063C-A	VII	384502	384651	-	150	0	0	0	0	0	0
YGL007C-A	VII	482941	483027	-	87	4	1	3	2	6	0
YGL175C	VII	173285	174322	-	1038	55	32	64	29	55	12
YGL223C	VII	79112	80365	-	1254	371	378	376	326	405	48
YGR190C	VII	880296	880661	-	366	37	42	35	31	32	12
YGL004C	VII	490703	491956	-	1254	212	247	385	223	317	48
YGL148W	VII	226399	227529	+	1131	2758	2642	3439	2293	3607	586
YGR281W	VII	1052824	1057257	+	4434	762	696	1080	640	840	150
tH(GUG)G2	VII	319781	319852	+	72	0	0	6	0	0	2
tF(GAA)G	VII;VII	440716;440771	440751;440807	-;-	73	0	0	0	0	0	0
YGR078C	VII	639772	640371	-	600	193	191	258	116	142	36
YGL133W	VII	257707	261501	+	3795	442	318	414	350	515	78
tV(AAC)G2	VII	823482	823555	+	74	0	0	4	2	0	0
YGR295C	VII	1081584	1082729	-	1146	350	530	916	483	903	112
YGR048W	VII	589826	590911	+	1086	190	171	361	204	242	20
YGR065C	VII	618077	619858	-	1782	595	517	631	241	346	72
YGL051W	VII	403687	404391	+	705	36	42	49	37	56	5
YGL220W	VII	82374	82736	+	363	110	180	274	171	183	34
YGR019W	VII	525229	526644	+	1416	789	644	1228	793	1322	204
YGL010W	VII	475545	476069	+	525	168	190	244	137	183	42
YGL090W	VII	343319	344584	+	1266	154	223	267	155	252	32
YGR054W	VII	596693	598621	+	1929	1156	894	1075	740	1154	137
YGR174W-A	VII	846655	846741	+	87	12	7	10	12	18	4
YGL032C	VII	436570	436833	-	264	10	8	4	8	10	2
tE(UUC)G2	VII	401527	401598	-	72	1	0	0	0	0	0
YGL179C	VII	163409	165091	-	1683	402	332	423	298	510	77
tE(UUC)G3	VII	541850	541921	+	72	0	0	2	0	0	0
YGR002C	VII	498476	499906	-	1431	419	302	329	266	401	61
YGL134W	VII	255663	256964	+	1302	201	140	232	140	238	24
YGL235W	VII	55279	55815	+	537	0	0	3	0	0	0
YGL006W	VII	485921	489442	+	3522	617	560	982	609	857	102
YGR028W	VII	542203	543291	+	1089	141	190	258	154	245	26
YGR283C	VII	1059015	1060040	-	1026	168	123	156	129	133	28
YGR249W	VII	988049	989419	+	1371	228	188	198	251	441	69
snR82	VII	316788	317055	+	268	141	82	485	151	113	106
snR7-L	VII	939459	939672	-	214	1	1	0	1	1	0
YGL232W	VII;VII	62075;62190	62131;63002	+;+	870	144	129	162	124	139	30
YGL157W	VII	209006	210049	+	1044	1194	1063	1686	989	1685	218
YGL118C	VII	288014	288451	-	438	2	3	2	4	2	1
YGR012W	VII	513159	514340	+	1182	207	142	189	137	191	30
YGR242W	VII	976415	976723	+	309	3	4	4	3	8	0
YGR014W	VII	516943	520863	+	3921	1448	1161	946	764	1186	203
YGR038C-A	VII	566145	567467	-	1323	0	0	0	0	0	0
YGR161C-C	VII	821693	823015	-	1323	0	0	0	0	0	0
YGR027W-A	VII	536057	537379	+	1323	0	0	0	0	0	0
YGR109W-A	VII	707610	708482	+	873	0	0	0	0	0	0
YGR027W-B	VII	536057	541325	+	5269	58	50	34	18	77	4
YGR038C-B	VII	562199	567467	-	5269	6	4	3	4	3	2
YGR161C-D	VII	817747	823015	-	5269	27	24	21	30	53	6
YGR161W-A	VII	811738	813054	+	1317	0	0	0	0	0	0
YGR109W-B	VII	707610	712254	+	4645	452	364	426	239	352	52
YGR161W-B	VII	811738	817051	+	5314	1	0	0	0	0	0
YLL050C	XII;XII	39804;40401	40221;40414	-;-	432	909	890	1919	970	1451	166
YLL032C	XII	74270	76747	-	2478	231	201	225	139	265	44
YLR466W	XII	1067087	1071235	+	4149	6	12	12	12	5	0
YLR054C	XII;XII	248717;250948	250860;250978	-;-	2175	15	19	19	16	17	2
YLR437C	XII	1011622	1012023	-	402	107	100	166	129	179	45
YLR217W	XII	572909	573232	+	324	1	1	0	0	0	0
YLL056C	XII	27409	28305	-	897	78	59	109	43	86	8
YLR128W	XII;XII	398530;398627	398532;399433	+;+	810	166	169	184	138	177	27
YLR279W	XII	704309	704698	+	390	14	5	11	14	22	1
YLR075W	XII	282927	283592	+	666	2191	2477	5355	2572	3528	838
YLR052W	XII	247201	247953	+	753	574	462	464	519	622	86
YLR159C-A	XII	485711	485842	-	132	0	0	0	0	0	0
YLR025W	XII	194452	195174	+	723	374	292	417	241	458	56
YLR049C	XII	243886	245172	-	1287	96	90	149	72	111	33
YLR308W	XII	747937	748875	+	939	7	3	6	4	9	2
YLR032W	XII	204991	208500	+	3510	220	162	218	148	220	36
ETS2-2	XII	460712	460922	-	211	1	2	3	3	3	0
YLR251W	XII	641464	642057	+	594	131	138	287	133	204	30
YLR321C	XII	776584	777864	-	1281	233	210	220	193	242	37
YLR327C	XII	783127	783387	-	261	419	322	738	412	428	82
YLR154C-H	XII	468827	468958	-	132	0	0	0	0	0	0
YLR247C	XII	628684	633354	-	4671	312	301	382	226	407	34
YLR167W	XII	498947	499405	+	459	8834	7570	14207	7822	12781	1747
YLR220W	XII	576825	577793	+	969	194	171	267	215	274	41
YLR455W	XII	1053629	1054543	+	915	199	228	251	202	298	51
YLR282C	XII	705071	705412	-	342	2	0	4	1	0	0
YLR094C	XII	327730	329238	-	1509	553	424	473	384	588	54
YLR272C	XII	683672	687202	-	3531	148	132	170	114	201	11
YLR264C-A	XII	673828	673944	-	117	365	263	526	254	427	47
YLR338W	XII	804346	805203	+	858	1	1	0	0	4	1
YLR181C	XII	516678	517670	-	993	158	169	224	127	162	27
YLR458W	XII	1056455	1056835	+	381	0	0	0	0	1	0
YLR180W	XII	515262	516410	+	1149	7476	6066	9160	3350	4110	800
YLR250W	XII	640317	641021	+	705	265	246	409	249	318	51
YLR222C-A	XII	582006	582236	-	231	1	1	2	1	4	0
YLR424W	XII	973395	975521	+	2127	36	34	71	47	63	9
YLR253W	XII	642627	644336	+	1710	343	282	415	266	369	55
YLR390W-A	XII	903724	904440	+	717	2455	2679	3191	3077	3640	529
YLR233C	XII	607425	609524	-	2100	91	96	196	118	173	14
YLR347W-A	XII	824789	824929	+	141	0	0	0	0	0	0
YLR117C	XII	382471	384534	-	2064	370	293	400	255	480	35
YLR110C	XII	369697	370098	-	402	31311	30315	40173	30024	41541	7299
YLR072W	XII	278862	280943	+	2082	381	350	383	364	467	61
YLR069C	XII	271630	273915	-	2286	486	447	508	394	568	92
YLR403W	XII	925568	927619	+	2052	672	539	631	497	791	132
YLR008C	XII	165577	166083	-	507	244	226	349	193	310	52
YLR231C	XII	605758	607119	-	1362	293	277	387	286	395	62
YLR264W	XII	673131	673334	+	204	36	78	118	59	137	13
YLR164W	XII	493883	494389	+	507	70	53	91	69	75	12
YLR079W	XII	286820	287674	+	855	426	368	518	361	525	67
YLR103C	XII	343989	345941	-	1953	96	94	140	66	152	20
YLR170C	XII	500579	501049	-	471	0	0	0	0	0	0
YLR228C	XII	600019	602463	-	2445	537	445	430	532	733	120
YLL036C	XII	66745	68256	-	1512	330	307	254	212	371	29
YLR467C-A	XII	1077050	1077532	-	483	0	0	0	0	0	0
YLR198C	XII	547286	547645	-	360	15	18	7	8	22	2
snR61	XII	794486	794575	-	90	2	6	13	2	9	4
YLR411W	XII	947253	947978	+	726	69	70	72	55	77	8
YLR056W	XII	253861	254958	+	1098	3838	4223	4636	1190	2183	307
YLR429W	XII	990777	992732	+	1956	1197	1208	1595	1037	1777	252
YLL060C	XII	21138	21839	-	702	130	117	169	100	145	17
YLR310C	XII	752224	756993	-	4770	830	638	879	673	1082	174
YLR342W	XII	809997	815627	+	5631	5497	4771	5470	4774	6281	927
YLR017W	XII	177608	178621	+	1014	425	316	319	298	454	68
tL(UAG)L2	XII;XII	732090;732147	732127;732190	+;+	82	0	0	0	0	0	0
YLR304C	XII	735212	737548	-	2337	2160	2237	4837	2154	3808	630
YLL052C	XII	35912	36361	-	450	9	19	23	12	29	1
YLR027C	XII	196829	198085	-	1257	3581	2319	3341	2432	3010	710
YLR214W	XII	568567	570627	+	2061	210	242	270	157	304	30
ITS2-2	XII	464319	464550	-	232	0	0	0	0	0	0
YLL062C	XII	16639	17613	-	975	418	340	631	133	165	39
YLR378C	XII	875736	877178	-	1443	1667	1442	1674	1271	1815	267
YLR023C	XII	185498	187129	-	1632	650	544	593	629	1036	145
YLR425W	XII	982894	986817	+	3924	374	266	349	269	434	72
YLR073C	XII	281019	281621	-	603	170	117	109	112	122	16
YLL008W	XII	131729	133987	+	2259	460	420	335	308	436	48
YLL063C	XII	14648	16072	-	1425	126	99	167	70	138	16
YLR449W	XII	1030834	1032012	+	1179	788	597	994	475	810	140
YLL046C	XII	46714	47463	-	750	5	1	1	0	2	0
YLR089C	XII	318237	320015	-	1779	1149	961	1245	950	1157	210
RDN18-1	XII	455933	457732	-	1800	0	0	0	0	0	0
YLR020C	XII	181789	183405	-	1617	265	304	391	222	344	44
YLR190W	XII	535214	536689	+	1476	415	415	467	352	585	53
YLR045C	XII	235037	237703	-	2667	421	412	530	324	459	81
YLR285W	XII	707360	708145	+	786	129	154	192	154	180	32
YLR322W	XII	777628	777942	+	315	0	0	2	0	0	0
YLR276C	XII	695046	696830	-	1785	613	578	618	485	696	76
YLR346C	XII	822287	822592	-	306	41	41	76	34	50	9
YLR156W	XII	472113	472457	+	345	0	0	0	0	0	0
YLR135W	XII	413281	415527	+	2247	167	125	168	132	216	28
YLR261C	XII	668237	668563	-	327	0	0	3	0	0	0
YLL066C	XII;XII	6120;9550	9450;9836	-;-	3618	3	5	5	6	10	0
YLR077W	XII	283872	285623	+	1752	193	172	295	151	281	42
YLR144C	XII	429677	432016	-	2340	250	236	279	173	312	40
YLR414C	XII	953353	954144	-	792	696	612	738	573	764	162
YLR030W	XII	203290	204081	+	792	71	52	95	43	111	8
YLR301W	XII	730825	731559	+	735	420	448	824	399	719	88
YLR252W	XII	641957	642262	+	306	80	77	151	91	117	25
YLR427W	XII	988428	990440	+	2013	681	524	676	557	740	105
YLR200W	XII	549012	549356	+	345	689	587	688	488	784	112
YLR150W	XII	440467	441288	+	822	6173	5760	8696	5914	8531	1538
YLL021W	XII	100947	105347	+	4401	595	395	526	342	674	72
YLR078C	XII;XII	285736;286557	286467;286559	-;-	735	161	148	230	104	198	47
YLR153C	XII	445524	447575	-	2052	1774	1581	2879	1406	2254	355
YLR404W	XII	928743	929600	+	858	243	195	161	135	200	30
YLR014C	XII	172268	174982	-	2715	53	56	83	50	76	6
YLL005C	XII	137940	140546	-	2607	176	155	245	172	256	24
tQ(UUG)L	XII	448650	448721	-	72	0	1	0	0	2	0
YLR262C	XII	668244	668891	-	648	51	48	73	22	65	18
YLR296W	XII	722978	723304	+	327	1	0	2	0	2	0
YLR234W	XII	609783	611753	+	1971	44	53	46	36	52	21
YLR096W	XII	332590	336033	+	3444	724	593	575	541	717	114
YLR271W	XII	682737	683561	+	825	140	117	201	133	179	34
YLR033W	XII	208761	210269	+	1509	302	280	382	302	426	106
YLR278C	XII	699999	704024	-	4026	789	622	642	760	1038	135
YLL055W	XII	30109	31704	+	1596	291	270	418	161	243	36
YLR266C	XII	675619	677724	-	2106	218	267	405	200	294	36
YLL030C	XII	80356	80697	-	342	0	0	0	0	0	0
YLR323C	XII	778173	778952	-	780	111	93	127	75	153	14
YLR007W	XII	164392	165402	+	1011	268	198	290	210	324	61
YLR406C-A	XII	932206	932355	-	150	0	1	0	1	1	2
YLL015W	XII	116432	121111	+	4680	409	439	636	320	641	84
YLR343W	XII	816094	817761	+	1668	252	230	299	270	374	43
YLR269C	XII	680866	681216	-	351	23	9	23	16	23	0
tN(GUU)L	XII	975983	976056	-	74	0	0	0	0	0	0
YLR210W	XII	562008	563390	+	1383	106	103	160	73	112	14
YLR058C	XII	257992	259401	-	1410	8236	7033	10895	4836	7139	859
YLR145W	XII	432168	432773	+	606	35	41	81	47	61	10
YLR080W	XII	287916	289250	+	1335	68	80	128	64	103	15
YLR443W	XII	1022625	1023971	+	1347	82	91	97	74	99	16
YLR325C	XII	781143	781379	-	237	3963	4174	7225	4335	7032	566
YLL006W	XII	136586	137866	+	1281	192	164	257	93	196	16
YLR074C	XII	281956	282456	-	501	281	228	246	175	326	40
RDN5-5	XII	485697	485815	+	119	0	0	0	0	0	0
YLR311C	XII	757265	757612	-	348	2	2	6	7	9	0
YLR191W	XII	537272	538432	+	1161	142	148	206	129	165	33
YLR235C	XII	611532	611930	-	399	0	0	0	0	0	0
YLR364C-A	XII	855523	855645	-	123	0	0	0	0	0	0
ITS2-1	XII	455182	455413	-	232	0	0	0	0	0	0
YLR288C	XII	713480	714904	-	1425	113	111	128	99	121	40
YLL001W	XII	147890	150163	+	2274	487	445	666	350	489	83
YLR409C	XII	934414	937233	-	2820	270	231	240	182	196	30
YLR099C	XII	339744	340928	-	1185	538	407	457	360	385	56
YLR131C	XII	404510	406822	-	2313	663	643	580	497	762	96
YLR362W	XII	849866	852019	+	2154	242	225	295	206	343	38
YLR256W	XII	646415	650923	+	4509	2109	1729	1963	1244	1726	296
YLR068W	XII	271008	271463	+	456	147	96	76	115	148	7
YLR101C	XII	342566	342961	-	396	3	4	7	7	2	0
YLR341W	XII	807385	808818	+	1434	41	31	34	35	65	6
YLL054C	XII	32673	35204	-	2532	211	145	159	169	202	35
YLR186W	XII	523632	524390	+	759	281	312	396	229	344	29
YLR143W	XII	427329	429386	+	2058	150	164	220	115	174	31
YLR368W	XII	857540	859336	+	1797	127	138	148	122	171	28
YLR393W	XII	907079	907918	+	840	27	23	22	21	58	2
YLR176C	XII	507797	510232	-	2436	186	165	181	178	271	24
YLR126C	XII	394765	395520	-	756	116	81	129	82	120	16
YLR099W-A	XII	341325	341588	+	264	119	55	91	71	80	14
YLR423C	XII	971917	973170	-	1254	65	92	110	60	60	15
YLR357W	XII	841331	844000	+	2670	389	322	373	268	429	65
YLR197W	XII	546097	547611	+	1515	608	706	957	485	971	121
ETS1-1	XII	457733	458432	-	700	0	0	0	0	0	0
YLR187W	XII	524865	527945	+	3081	283	226	188	189	321	34
RDN5-2	XII	468813	468931	+	119	0	0	0	0	0	0
YLL034C	XII	70633	73146	-	2514	217	210	273	128	203	22
YLL023C	XII	97997	98836	-	840	839	910	1084	928	1340	211
YLR065C	XII	266373	266918	-	546	178	179	211	154	241	35
YLL031C	XII	77152	80205	-	3054	768	662	676	550	897	128
YLR419W	XII	958428	962735	+	4308	302	271	349	249	359	30
YLR149C-A	XII	440370	440456	-	87	12	15	23	14	36	4
YLR294C	XII	721701	722030	-	330	338	396	516	343	547	22
YLR405W	XII	929789	930892	+	1104	221	231	274	164	312	41
YLR157C-C	XII	482059	482190	-	132	0	0	0	0	0	0
YLR463C	XII	1066265	1066816	-	552	0	0	0	0	0	0
YLR026C	XII	195450	196472	-	1023	384	288	391	288	401	66
YLR267W	XII	678212	679924	+	1713	155	136	227	145	214	28
YLR093C	XII;XII	326513;327400	327258;327415	-;-	762	519	536	767	485	753	108
YLR085C	XII	300673	301989	-	1317	175	152	242	165	235	19
YLR246W	XII	627118	628197	+	1080	317	274	368	284	404	50
YLR433C	XII	1004347	1006008	-	1662	254	242	319	250	277	59
YLR227C	XII	590562	592043	-	1482	163	209	246	150	178	25
YLR012C	XII	169982	170281	-	300	2	0	8	2	4	0
YLR111W	XII	370391	370723	+	333	7	8	19	7	17	1
YLR152C	XII	442958	444688	-	1731	377	265	398	327	528	68
YLR370C	XII	861718	862254	-	537	930	855	1169	879	949	198
YLL026W	XII	88623	91349	+	2727	2330	2046	3926	2141	3484	666
YLR289W	XII	715089	717026	+	1938	56	45	55	70	67	12
YLL066W-B	XII	5605	5775	+	171	0	0	2	0	0	0
YLR114C	XII	374944	377238	-	2295	471	441	617	401	607	130
YLR213C	XII	566654	567922	-	1269	52	52	61	30	36	10
YLR146C	XII	432823	433725	-	903	153	165	262	180	213	41
YLR445W	XII;XII	1024189;1024655	1024572;1024837	+;+	567	0	2	3	0	4	0
RDN18-2	XII	465070	466869	-	1800	0	0	0	0	0	0
YLR169W	XII	500335	500688	+	354	165	98	220	139	159	31
YLR202C	XII;XII	550194;550575	550458;550636	-;-	327	53	52	74	69	57	11
YLL053C	XII	35503	35961	-	459	31	41	48	36	68	5
YLR333C	XII	795573	795899	-	327	489	688	854	514	962	104
YLR082C	XII	292394	293572	-	1179	149	101	201	126	150	23
YLR193C	XII	540009	540536	-	528	195	152	286	198	240	27
YLL043W	XII	49938	51947	+	2010	778	638	914	674	798	180
YLR337C	XII	802653	805106	-	2454	1459	847	1057	979	1313	185
YLL066W-A	XII	6486	6968	+	483	0	0	0	0	0	0
YLR039C	XII	225426	228596	-	3171	305	309	346	327	415	56
YLR457C	XII	1055812	1056771	-	960	159	139	155	115	146	25
YLR377C	XII	873746	874792	-	1047	23	31	33	31	37	4
YLR104W	XII	346585	346980	+	396	254	290	365	240	343	43
YLR319C	XII	769318	771684	-	2367	154	162	232	141	205	30
YLR184W	XII	522106	522453	+	348	0	1	0	2	3	0
YLR317W	XII	765655	766089	+	435	0	0	0	0	0	0
YLL003W	XII	143201	146041	+	2841	204	174	270	155	232	36
YLR004C	XII	157934	159505	-	1572	66	75	74	52	81	18
YLR407W	XII	932967	933653	+	687	160	198	246	144	199	23
YLR336C	XII	799697	802396	-	2700	103	121	149	68	138	8
YLR430W	XII	993434	1000129	+	6696	981	714	788	605	893	101
YLR436C	XII	1007421	1011245	-	3825	569	522	531	593	932	157
YLR347C	XII	823828	826413	-	2586	414	336	510	344	495	90
YLR324W	XII	779215	780786	+	1572	326	344	582	307	476	74
tV(AAC)L	XII	687859	687932	-	74	6	2	13	4	10	2
YLR460C	XII	1059757	1060887	-	1131	29	15	57	26	23	6
YLR113W	XII	371620	372927	+	1308	964	753	1147	762	1290	222
YLR046C	XII	238001	238813	-	813	215	139	167	152	245	33
YLR125W	XII	393484	393894	+	411	2	12	20	22	10	0
YLR196W	XII	543968	545698	+	1731	580	468	511	369	560	78
YLR363W-A	XII	853461	853718	+	258	79	83	124	65	88	8
YLL061W	XII	17956	19707	+	1752	829	701	1241	342	422	81
YLR119W	XII	385534	386175	+	642	143	116	175	127	189	33
snR57	XII	794937	795024	-	88	3	17	32	9	8	6
YLL020C	XII	105556	105861	-	306	7	8	12	10	26	0
YLR163C	XII	491866	493254	-	1389	510	450	627	414	550	98
YLL014W	XII	121322	121648	+	327	192	206	359	202	290	25
YLR129W	XII	399657	402488	+	2832	480	410	428	251	445	42
tD(GUC)L2	XII	793918	793989	+	72	0	0	1	1	0	0
YLR173W	XII	502421	504247	+	1827	258	245	356	259	328	50
YLR090W	XII	320701	322080	+	1380	187	198	305	178	225	30
YLR286W-A	XII	708562	708696	+	135	0	0	0	0	0	0
snR55	XII	794697	794794	-	98	8	4	9	5	17	2
YLR259C	XII	663284	665002	-	1719	1537	1187	2172	1233	1635	351
YLR219W	XII	574151	576337	+	2187	1315	968	1123	1062	1475	233
YLR401C	XII	922442	924448	-	2007	327	273	281	186	297	34
YLL058W	XII	23569	25296	+	1728	251	198	369	122	206	36
YLR177W	XII	511054	512940	+	1887	1664	1272	1880	1722	2163	312
YLR415C	XII	954259	954597	-	339	5	6	10	3	16	0
YLR467W	XII	1072508	1077898	+	5391	1	5	2	3	3	1
YLR302C	XII	732191	732553	-	363	2	1	5	2	4	1
YLR185W	XII;XII	522663;523029	522669;523288	+;+	267	921	822	1054	826	1203	200
YLR060W	XII	260979	262766	+	1788	1747	1397	2036	1480	1966	360
YLR313C	XII	760750	762342	-	1593	68	87	157	67	107	12
YLR303W	XII	732542	733876	+	1335	15729	10985	20113	5309	5727	903
YLR154W-B	XII	454392	454556	+	165	0	0	0	0	0	0
YLL029W	XII	81461	83710	+	2250	1126	782	1132	900	1030	241
YLL047W	XII	46672	47055	+	384	0	0	0	2	1	0
YLR285C-A	XII	708168	708338	-	171	125	112	122	102	108	25
YLR001C	XII	151389	153977	-	2589	523	429	513	359	550	88
snR79	XII	348427	348510	-	84	2	6	20	5	5	2
YLR465C	XII	1067045	1067353	-	309	0	0	0	0	0	0
YLR015W	XII	175227	176744	+	1518	140	163	126	121	197	28
YLR432W	XII	1002557	1004128	+	1572	1849	1830	2453	1767	2630	387
YLR081W	XII	290212	291936	+	1725	91	47	64	51	64	12
YLR166C	XII	495429	498044	-	2616	257	250	264	226	306	74
YLR383W	XII	885288	888632	+	3345	153	96	180	83	189	20
YLR035C	XII	212369	214456	-	2088	166	166	219	182	256	44
YLR044C	XII	232390	234081	-	1692	28997	23620	34230	27704	39684	6489
YLR293C	XII	720771	721430	-	660	2410	2384	3124	2180	3043	248
YLR399W-A	XII	920869	920973	+	105	0	0	0	0	0	0
YLR192C	XII	538792	539589	-	798	1151	1014	1486	915	1413	242
YLR300W	XII	728955	730301	+	1347	4013	4018	5581	3024	4016	675
YLR098C	XII	337527	339473	-	1947	262	231	327	239	291	44
YLR448W	XII;XII	1028854;1029253	1028868;1029768	+;+	531	1682	1771	2360	1512	2357	356
YLR381W	XII	879723	881924	+	2202	128	89	155	118	173	32
YLR280C	XII	704483	704833	-	351	0	0	0	0	0	0
snR44	XII	856710	856920	+	211	173	246	314	232	362	28
YLR367W	XII;XII	856442;857058	856574;857317	+;+	393	893	1004	1509	938	1499	164
YLR309C	XII	749034	751769	-	2736	217	201	339	182	322	53
YLR299W	XII	726069	728051	+	1983	712	499	822	522	779	125
YLR224W	XII	586464	587573	+	1110	451	422	450	375	473	99
YLR029C	XII	201976	202590	-	615	3495	3123	5631	3448	4750	1018
YLR373C	XII	868662	871367	-	2706	399	367	329	365	574	76
YLR092W	XII	323544	326225	+	2682	1949	1594	2126	482	673	101
YLL018C-A	XII	108676	108972	-	297	249	156	240	227	263	70
RDN25-2	XII	460923	464318	-	3396	0	0	0	0	0	0
YLR066W	XII	267169	267723	+	555	329	332	472	263	399	48
RDN58-1	XII	455414	455571	-	158	0	0	0	0	0	0
YLR146W-A	XII	433870	434058	+	189	323	198	118	131	239	13
YLR175W	XII	506134	507585	+	1452	1106	1052	1310	828	1359	190
YLR402W	XII	924889	925080	+	192	6	6	6	8	4	3
YLR158C	XII	482549	483637	-	1089	0	0	0	0	0	0
YLL051C	XII	37333	39471	-	2139	516	419	460	374	523	62
YLR314C	XII	762575	764137	-	1563	1300	1065	1328	978	1498	232
YLR438C-A	XII	1013909	1014178	-	270	137	98	119	92	104	35
YLR209C	XII	560797	561732	-	936	411	365	538	385	510	86
YLR019W	XII	180288	181481	+	1194	1315	1064	1002	955	1305	284
YLR123C	XII	391078	391407	-	330	10	9	10	9	9	3
YLR353W	XII	834352	836163	+	1812	332	274	380	308	390	64
YLR361C	XII	847388	849124	-	1737	96	133	175	125	166	21
YLL033W	XII	73409	74101	+	693	54	48	65	45	72	13
YLR389C	XII	899577	902660	-	3084	851	866	1229	779	1151	163
YLR438W	XII	1012501	1013775	+	1275	207	151	181	254	390	73
YLR290C	XII	717145	717978	-	834	694	533	746	620	741	84
YLR270W	XII	681186	682238	+	1053	330	303	553	315	486	86
YLR194C	XII	540809	541573	-	765	440	417	454	298	441	68
YLR006C	XII	161755	163893	-	2139	886	619	813	757	1003	166
YLR223C	XII	582233	585490	-	3258	726	545	518	382	605	74
YLR195C	XII	541937	543304	-	1368	562	496	822	456	705	156
YLL016W	XII	112847	115993	+	3147	202	254	308	208	351	44
YLL067W-A	XII	843	1325	+	483	0	0	0	0	0	0
YLR398C	XII	915156	919019	-	3864	560	498	666	375	630	86
YLR418C	XII	956914	958095	-	1182	330	286	427	266	411	67
YLR010C	XII	167320	167802	-	483	26	23	76	29	38	2
YLR307W	XII	745620	746525	+	906	2	8	10	0	0	0
YLR356W	XII	840321	840914	+	594	933	618	796	747	790	122
YLR431C	XII	1000342	1001703	-	1362	165	163	207	140	206	22
YLR109W	XII	368781	369311	+	531	9691	9160	12470	7969	11835	2073
tI(UAU)L	XII;XII	605300;605396	605335;605432	-;-	73	0	0	0	5	0	0
YLR364W	XII	854062	854391	+	330	218	158	267	79	86	9
YLR106C	XII	349006	363738	-	14733	1261	1073	1466	912	1350	213
YLR083C	XII	294091	296094	-	2004	593	713	910	658	1007	108
YLR274W	XII	691555	693882	+	2328	264	245	301	245	338	46
YLR413W	XII	951156	953183	+	2028	3438	3250	2999	2778	3873	474
YLR412C-A	XII	950267	950473	-	207	2	0	0	0	2	0
YLR340W	XII	805887	806825	+	939	5570	5504	8786	5557	7560	1296
YLR055C	XII	251272	253080	-	1809	418	340	390	264	370	66
YLR254C	XII	644404	644973	-	570	178	189	243	202	209	35
YLL017W	XII	112234	112545	+	312	45	29	39	53	61	11
YLR121C	XII	388744	390270	-	1527	510	403	573	432	565	72
tA(AGC)L	XII	656934	657006	-	73	0	1	0	1	5	0
YLL042C	XII	52087	52590	-	504	32	19	39	23	50	4
YLR157W-D	XII	475764	475976	+	213	0	0	0	0	0	0
YLR211C	XII;XII	563792;564514	564454;564531	-;-	681	99	74	106	63	120	21
YLR400W	XII	922063	922536	+	474	14	7	14	4	14	0
YLR105C	XII	347047	348180	-	1134	170	214	247	218	285	49
YLR142W	XII	425186	426616	+	1431	65	24	35	42	57	4
YLR376C	XII	872826	873554	-	729	89	70	105	80	108	12
YLR318W	XII	766542	769196	+	2655	81	80	73	76	94	6
YLR239C	XII	616332	617318	-	987	292	229	355	271	322	53
YLR262C-A	XII	669468	669662	-	195	224	229	429	209	301	28
tE(UUC)L	XII	797178	797249	+	72	1	0	0	0	0	0
YLL037W	XII	66562	66942	+	381	2	0	1	2	0	0
YLR452C	XII	1039270	1041366	-	2097	1782	1574	1532	879	1403	206
YLR372W	XII	867354	868391	+	1038	918	1254	1466	836	1613	253
YLR154W-C	XII	454696	455070	+	375	0	0	0	0	0	0
ETS2-1	XII	451575	451785	-	211	0	0	0	0	0	0
YLR363C	XII	852495	853151	-	657	45	84	134	50	86	11
YLR207W	XII	556788	559289	+	2502	439	327	374	318	421	94
YLR312W-A	XII	759480	760241	+	762	126	147	186	153	199	20
YLR188W	XII	528300	530387	+	2088	631	584	705	407	666	81
YLR011W	XII	169103	169678	+	576	122	70	106	68	101	24
YLR159W	XII	485345	485689	+	345	0	0	0	0	0	0
YLR328W	XII	784913	786118	+	1206	327	278	414	327	406	58
YLR171W	XII	500733	501122	+	390	2	0	3	2	3	0
YLR241W	XII	620473	622821	+	2349	706	686	1060	660	1050	109
YLR245C	XII	626502	626930	-	429	50	46	50	52	73	20
YLR360W	XII	846103	847422	+	1320	184	162	226	164	239	39
snR30	XII	198784	199389	+	606	123	78	357	134	120	87
YLR205C	XII	552724	553677	-	954	53	66	69	55	93	6
RDN25-1	XII	451786	455181	-	3396	0	0	0	0	0	0
YLR161W	XII	488997	489341	+	345	0	0	0	0	0	0
YLR287C	XII	710991	712058	-	1068	168	172	196	154	216	25
YLR366W	XII	855538	855843	+	306	0	0	0	0	0	0
YLR410W	XII	937541	940981	+	3441	833	842	977	674	1125	134
YLR230W	XII	604574	604879	+	306	77	92	122	67	123	10
YLR097C	XII	336231	337265	-	1035	120	90	205	112	215	20
YLR397C	XII	912550	914892	-	2343	333	250	346	272	348	52
YLR120C	XII	386511	388220	-	1710	1476	1170	1378	1163	1793	248
YLR335W	XII	797430	799592	+	2163	1024	1020	1196	752	1293	113
YLR399C	XII	919536	921596	-	2061	482	402	606	360	657	79
YLL044W	XII	48216	48662	+	447	0	0	0	0	0	0
YLR453C	XII	1041799	1042986	-	1188	95	63	101	73	87	12
YLL057C	XII	25756	26994	-	1239	39	47	68	59	78	8
YLR388W	XII	898651	898821	+	171	1755	2432	2371	2050	3067	348
YLR249W	XII	636780	639914	+	3135	9140	7503	10584	7734	10970	1834
YLR151C	XII	441715	442737	-	1023	24	44	68	52	77	8
YLR260W	XII	665844	667907	+	2064	148	155	166	114	202	25
YLL010C	XII	129330	130613	-	1284	786	610	632	640	868	139
YLR133W	XII	408445	410193	+	1749	763	614	782	558	791	141
YLR329W	XII;XII	786442;786713	786615;787333	+;+	795	22	20	41	26	28	0
snR6	XII	366235	366346	+	112	2	0	0	0	2	0
YLL011W	XII	127523	128992	+	1470	167	135	147	84	147	17
YLR384C	XII	888851	892900	-	4050	599	575	825	540	718	112
YLR203C	XII	550650	551960	-	1311	464	488	549	430	622	91
YLR156C-A	XII	472479	472610	-	132	0	0	0	0	0	0
YLR394W	XII	907950	909398	+	1449	291	222	234	236	380	50
YLR021W	XII	183623	184162	+	540	91	79	123	73	118	28
YLR331C	XII	790669	791046	-	378	0	0	1	1	4	0
YLR450W	XII	1032627	1035764	+	3138	1156	1044	1115	899	1196	202
YLR140W	XII	423474	423800	+	327	2	1	2	1	1	0
YLR157W-E	XII	481873	482037	+	165	0	0	0	0	0	0
YLR390W	XII	903066	903404	+	339	208	196	335	209	252	40
YLR291C	XII	718317	719462	-	1146	534	482	735	372	574	80
RDN5-4	XII	482045	482163	+	119	0	0	0	0	0	0
YLR408C	XII	933885	934253	-	369	23	21	30	16	40	8
YLR240W	XII	617533	620160	+	2628	247	199	264	205	322	48
YLR018C	XII	178707	179606	-	900	316	309	285	335	427	78
YLR344W	XII;XII	819312;819778	819330;820142	+;+	384	1943	2523	3445	2207	3404	391
YLR412W	XII	948368	949192	+	825	429	397	464	310	479	68
YLR447C	XII	1026856	1027893	-	1038	1176	1163	2385	1170	1815	264
YLR361C-A	XII	849383	849679	-	297	90	76	85	53	83	20
YLR112W	XII	370791	371210	+	420	54	53	86	70	62	15
YLR435W	XII	1006378	1006995	+	618	128	118	172	75	136	19
YLR084C	XII	296589	300251	-	3663	538	534	503	368	516	58
snR34	XII	899180	899382	+	203	17	15	42	11	8	4
YLR091W	XII	322297	323178	+	882	177	155	161	132	184	20
YLR275W	XII;XII	694378;694473	694382;694800	+;+	333	144	124	131	99	148	18
YLR102C	XII	342970	343767	-	798	56	59	77	46	62	13
YLR263W	XII	670340	672823	+	2484	98	116	108	100	114	6
YLR379W	XII	876922	877296	+	375	45	60	54	39	68	4
tL(UAG)L1	XII;XII	592519;592582	592562;592619	-;-	82	8	4	10	9	11	2
YLR459W	XII	1057334	1058518	+	1185	541	585	719	476	702	112
YLR316C	XII;XII;XII	765266;766130;766250	766073;766181;766358	-;-;-	969	70	78	112	98	117	18
YLR277C	XII	697156	699495	-	2340	239	226	298	206	305	40
tP(UGG)L	XII;XII	92548;92615	92583;92650	+;+	72	0	0	0	0	0	0
YLR229C	XII	604212	604787	-	576	538	426	729	376	553	106
YLR120W-A	XII	388672	388773	+	102	14	6	12	13	22	2
YLR048W	XII;XII	242232;242681	242321;243349	+;+	759	4021	3769	5191	3705	5833	748
YLL059C	XII	22474	22980	-	507	26	38	23	18	32	5
YLR238W	XII	614755	616191	+	1437	264	242	249	230	353	52
YLR283W	XII	705186	706130	+	945	91	79	118	73	104	14
YLR298C	XII	724721	725416	-	696	613	432	540	433	569	101
YLR232W	XII	606830	607177	+	348	6	4	3	1	4	0
YLR086W	XII	302243	306499	+	4257	385	311	406	261	376	48
YLR053C	XII	248100	248426	-	327	15	20	49	26	59	11
YLL041C	XII	53131	53931	-	801	753	637	1092	820	1082	207
YLR330W	XII	787664	789679	+	2016	1433	1104	1710	1134	1677	326
YLR244C	XII	625168	626331	-	1164	1041	939	1212	851	1253	205
YLR299C-A	XII	727911	728003	-	93	0	0	0	0	0	0
YLL019W-A	XII	106908	107000	+	93	0	0	0	0	0	0
YLR258W	XII	660716	662833	+	2118	3008	2795	5189	3085	4247	711
YLR174W	XII	504591	505829	+	1239	86	69	110	72	95	16
YLR444C	XII	1023686	1023988	-	303	1	1	4	1	6	1
YLR315W	XII	764808	765269	+	462	43	37	43	54	50	5
YLR374C	XII	871453	871842	-	390	0	0	2	0	0	0
YLR154W-F	XII	455883	456023	+	141	0	0	0	0	0	0
tR(ACG)L	XII	374355	374427	+	73	0	0	0	0	1	0
YLR172C	XII	501260	502162	-	903	550	477	774	420	737	91
YLR273C	XII	689083	691029	-	1947	66	80	131	72	138	11
tK(UUU)L	XII;XII	875376;875436	875412;875471	+;+	73	2	0	2	0	2	2
YLL012W	XII	125534	127255	+	1722	278	218	256	80	154	20
YLR022C	XII	184174	184926	-	753	500	370	442	370	517	90
YLR382C	XII	882067	884751	-	2685	270	212	345	227	332	72
YLR041W	XII	229377	229697	+	321	1	3	3	5	8	1
YLR466C-A	XII	1070387	1070869	-	483	0	0	0	0	0	0
YLR268W	XII	680200	680844	+	645	624	516	741	459	738	66
YLR420W	XII	963785	964879	+	1095	695	561	817	514	793	99
ITS1-1	XII	455572	455932	-	361	0	0	0	0	0	0
YLR137W	XII	417006	418109	+	1104	135	152	211	122	160	32
YLR087C	XII	306855	315731	-	8877	370	343	383	291	389	49
YLL049W	XII	40666	41205	+	540	52	54	114	71	82	18
tL(CAA)L	XII;XII	628383;628454	628420;628497	+;+	82	6	9	15	9	7	4
RDN37-1	XII;XII;XII	451786;455414;455933	455181;455571;457732	-;-;-	5354	0	0	0	0	0	0
YLR426W	XII;XII	987062;987213	987141;988113	+;+	981	310	245	382	259	334	54
YLL035W	XII	68580	70478	+	1899	262	207	207	158	239	24
YLL009C	XII	131205	131414	-	210	317	254	341	231	267	53
YLR036C	XII	221521	222132	-	612	140	153	230	139	248	29
YLR118C	XII	384725	385408	-	684	186	183	256	205	259	33
ETS1-2	XII	466870	467569	-	700	0	0	0	0	0	0
YLR406C	XII;XII	931065;931699	931349;931755	-;-	342	1371	1585	2043	1418	2305	305
ITS1-2	XII	464709	465069	-	361	0	0	0	0	0	0
YLR136C	XII	415801	416658	-	858	46	36	53	42	83	8
YLR385C	XII	892992	893390	-	399	6	5	2	3	7	2
YLR281C	XII	704493	704960	-	468	8	5	13	4	6	2
YLR138W	XII	418437	421394	+	2958	736	545	737	515	784	120
YLL019C	XII	105686	107899	-	2214	678	533	580	628	942	132
YLR284C	XII	706198	707040	-	843	48	66	94	77	109	19
YLR295C	XII	721999	722373	-	375	348	392	547	418	457	91
YLR307C-A	XII	746848	747111	-	264	0	0	0	0	0	0
YLR349W	XII	827521	828027	+	507	17	9	13	8	4	1
YLR248W	XII	634252	636084	+	1833	1022	894	1538	952	1428	185
YLL006W-A	XII	136345	136521	+	177	1	0	0	0	0	0
YLR127C	XII	395758	398319	-	2562	215	202	244	144	294	36
YLR002C	XII	154343	156334	-	1992	167	177	217	137	208	22
YLR168C	XII	499578	500270	-	693	675	568	877	558	801	156
YLR342W-A	XII	815810	815983	+	174	91	48	71	66	72	6
YLR031W	XII	204225	204785	+	561	39	35	45	27	45	4
RDN5-3	XII	472465	472583	+	119	0	0	0	0	0	0
YLR189C	XII	530797	534393	-	3597	443	415	677	388	538	110
YLR358C	XII	843487	844050	-	564	9	3	6	7	4	1
YLR134W	XII	410723	412414	+	1692	146	173	239	146	183	42
YLR051C	XII	246324	246977	-	654	133	144	150	87	142	18
YLR466C-B	XII	1071594	1071710	-	117	31	32	28	21	26	10
YLR215C	XII	570776	571858	-	1083	96	105	172	90	161	25
YLR206W	XII	554578	556419	+	1842	2702	2034	1833	2164	2948	479
tI(AAU)L2	XII	1052071	1052144	-	74	0	0	0	0	0	0
YLR201C	XII	549511	550293	-	783	245	273	390	264	368	44
YLL018C	XII	109902	111575	-	1674	3482	3020	4619	3038	4499	622
YLL025W	XII	94747	95121	+	375	47	30	65	38	46	18
YLR392C	XII	904749	906305	-	1557	214	199	290	199	246	29
YLR063W	XII	264157	265254	+	1098	57	61	70	39	57	9
tA(UGC)L	XII	214883	214955	-	73	0	0	0	0	0	0
YLR124W	XII	391600	391944	+	345	26	20	26	20	27	1
YLR350W	XII	828730	829380	+	651	1225	1143	1270	1136	1403	238
YLR312C	XII	757637	758833	-	1197	58	42	69	61	76	12
YLR204W	XII	552270	552605	+	336	103	83	105	122	110	28
YLL007C	XII	134302	136299	-	1998	150	143	169	138	199	31
YLR141W	XII	423683	424774	+	1092	106	102	126	88	108	22
tD(GUC)L1	XII	427132	427203	+	72	0	0	0	0	0	0
YLL038C	XII	65775	66518	-	744	148	125	148	123	143	22
YLR257W	XII	658826	659791	+	966	2240	1993	3355	2548	3779	509
YLR108C	XII	366667	368124	-	1458	153	114	283	187	284	66
YLR163W-A	XII	492812	492925	+	114	0	0	0	0	0	0
YLR416C	XII	954491	954889	-	399	3	2	5	1	3	0
YLR375W	XII	871697	872728	+	1032	1512	1270	1476	1555	2077	289
YLR287C-A	XII;XII	712537;713156	712725;713158	-;-	192	2500	2686	5235	2882	3691	761
YLR154W-E	XII	455433	455636	+	204	0	0	0	0	0	0
YLR155C	XII	469317	470405	-	1089	0	0	0	0	0	0
tS(AGA)L	XII	167944	168025	-	82	0	0	0	0	0	0
YLR003C	XII	156855	157730	-	876	186	244	264	166	277	12
YLR221C	XII	578362	579024	-	663	284	256	419	205	376	41
YLR355C	XII	838066	839253	-	1188	4409	4046	5218	3075	4177	538
YLR464W	XII;XII	1066572;1067364	1067084;1067501	+;+	651	0	0	0	0	0	0
YLR446W	XII	1025214	1026515	+	1302	123	123	122	139	184	35
YLR237W	XII	612367	614163	+	1797	300	266	308	184	278	43
YLR441C	XII	1018141	1018908	-	768	3533	4408	7679	3710	6838	764
YLR178C	XII	513162	513821	-	660	1652	1218	1774	1495	1720	349
YLR028C	XII	199540	201315	-	1776	1437	1276	1846	1329	1949	275
YLR043C	XII	231702	232013	-	312	1925	1979	3323	1908	2391	507
YLR218C	XII	573466	573918	-	453	88	57	112	70	110	28
YLR243W	XII	624203	625021	+	819	227	224	318	159	252	42
YLR148W	XII	434641	437397	+	2757	127	127	216	123	217	28
YLR162W-A	XII	490406	490594	+	189	4	2	7	10	3	0
YLR462W	XII	1065956	1066564	+	609	1	1	1	0	5	0
RDN37-2	XII;XII;XII	460923;464551;465070	464318;464708;466869	-;-;-	5354	0	0	0	0	0	0
YLR095C	XII	329677	332115	-	2439	1106	922	852	902	1224	190
YLR199C	XII;XII	547853;548764	548677;548769	-;-	831	253	229	268	211	307	27
YLR154W-A	XII	452438	452623	+	186	0	0	0	0	0	0
YLR154C	XII	447982	448314	-	333	113	96	213	105	140	30
YLL064C	XII	13083	13445	-	363	0	0	0	0	0	0
YLR461W	XII	1062919	1063281	+	363	3	8	20	4	10	0
tL(UAA)L	XII	962972	963055	-	84	9	1	1	2	4	0
YLR265C	XII	674427	675455	-	1029	198	242	308	216	397	28
YLR428C	XII	990617	990961	-	345	0	0	0	0	0	0
YLR242C	XII	622918	623883	-	966	69	63	81	64	93	15
YLR351C	XII	829489	830364	-	876	492	527	876	459	636	120
YLR306W	XII;XII	744151;744288	744153;744851	+;+	567	76	96	167	93	116	12
YLR130C	XII	402794	404062	-	1269	1006	939	1428	965	1476	257
YLL028W	XII	84804	86564	+	1761	682	478	637	424	667	126
YLR183C	XII	520543	522012	-	1470	100	131	200	112	171	36
tR(CCG)L	XII	818609	818680	+	72	0	0	0	0	0	0
YLR042C	XII	229966	230451	-	486	126	117	161	64	149	21
YLR396C	XII	910235	912310	-	2076	173	159	228	131	223	32
YLR122C	XII	390954	391331	-	378	23	28	17	25	24	2
YLR326W	XII	782174	782896	+	723	243	176	301	211	330	46
YLR024C	XII	187663	193281	-	5619	233	188	214	144	215	39
YLR442C	XII	1019315	1022251	-	2937	203	221	286	186	326	38
YLR380W	XII	878282	879508	+	1227	1563	1090	1186	808	1265	154
YLR061W	XII;XII	263194;263595	263205;263948	+;+	366	4	4	5	7	4	1
YLR386W	XII	893628	896270	+	2643	276	272	350	243	324	61
YLR387C	XII	896374	897672	-	1299	443	350	499	226	400	80
YLR422W	XII	965897	971695	+	5799	432	358	395	279	457	48
YLR354C	XII	836350	837357	-	1008	5133	4928	8813	5323	7715	996
YLR434C	XII	1006025	1006408	-	384	13	7	14	7	10	1
YLL039C	XII	64062	65207	-	1146	1237	1313	1883	1240	1784	250
YLR149C	XII	437631	439823	-	2193	295	307	397	336	473	89
YLR208W	XII	559551	560444	+	894	1022	801	1307	878	1232	209
RDN5-6	XII	489349	489469	+	121	0	0	0	1	0	0
YLR115W	XII	377985	380564	+	2580	361	266	352	236	364	25
YLR005W	XII	160049	161434	+	1386	431	372	428	318	475	95
YLR147C	XII	434158	434463	-	306	225	241	222	190	254	34
YLR076C	XII	283185	283607	-	423	39	5	12	10	9	0
YLR162W	XII	489573	489929	+	357	0	0	0	3	0	0
YLR451W	XII	1036093	1038753	+	2661	467	454	483	425	524	68
YLR212C	XII	564860	566281	-	1422	268	204	267	179	287	36
YLR454W	XII	1043998	1051884	+	7887	484	446	630	428	642	78
YLR437C-A	XII	1012459	1012686	-	228	1	0	0	4	2	0
YLR064W	XII	265456	266277	+	822	347	429	400	353	527	61
YLR132C	XII	407283	408155	-	873	352	308	407	299	414	63
YLR182W	XII	517940	520351	+	2412	284	289	392	301	388	87
YLR038C	XII	224921	225172	-	252	154	161	276	125	246	46
YLR107W	XII	364116	365330	+	1215	170	149	225	146	170	13
YLR139C	XII	421542	423473	-	1932	305	270	234	260	383	37
YLR305C	XII	738161	743863	-	5703	506	469	570	351	611	78
YLR339C	XII	805784	806335	-	552	0	0	0	0	0	0
YLR062C	XII	263577	263954	-	378	14	14	22	14	20	3
YLR334C	XII	796698	797078	-	381	5	2	0	1	0	0
YLL002W	XII	146291	147601	+	1311	128	86	170	116	138	20
YLR070C	XII	274141	275211	-	1071	86	60	64	62	110	12
YLR157C	XII	472969	474057	-	1089	0	0	0	0	0	0
YLR226W	XII	589354	590541	+	1188	37	72	66	53	93	8
YLL048C	XII	41280	46265	-	4986	973	897	996	676	1075	155
YLL024C	XII	95566	97485	-	1920	2666	2073	3718	2213	3144	688
YLR009W	XII	166537	167136	+	600	392	470	574	289	525	54
YLR057W	XII	255306	257855	+	2550	678	354	426	294	488	51
YLR348C	XII	826977	827873	-	897	335	254	359	197	334	54
YLR439W	XII	1014491	1015450	+	960	557	328	379	416	555	77
YLR236C	XII	611794	612117	-	324	6	0	0	2	0	0
YLR345W	XII	820511	822040	+	1530	436	390	743	468	620	116
YLR050C	XII	245587	246072	-	486	234	278	392	275	282	93
YLR332W	XII	790676	791806	+	1131	219	182	200	140	241	36
YLR369W	XII	859552	861525	+	1974	206	167	261	166	211	49
YLL065W	XII	11726	12076	+	351	0	0	0	0	0	0
tX(XXX)L	XII;XII	784354;784410	784389;784453	+;+	80	2	0	4	0	0	0
RDN5-1	XII	459676	459796	+	121	10	8	18	6	5	1
YLR417W	XII	955010	956710	+	1701	427	328	524	332	510	88
YLR179C	XII	514108	514713	-	606	1349	1084	1783	848	1039	223
YLR013W	XII	171339	171764	+	426	0	0	2	2	2	0
YLR116W	XII	380822	382252	+	1431	453	385	402	345	558	52
YLR371W	XII	862714	866784	+	4071	516	427	512	367	678	108
YLR222C	XII	579318	581771	-	2454	234	177	244	143	190	26
YLR365W	XII	855199	855531	+	333	3	0	3	0	0	0
YLR440C	XII	1015568	1017697	-	2130	208	184	220	197	288	37
YLR059C	XII	259738	260547	-	810	646	563	619	564	779	154
YLR165C	XII	494494	495258	-	765	135	126	126	106	174	11
YLR421C	XII	965090	965560	-	471	229	231	439	217	390	45
YLL027W	XII	87403	88155	+	753	835	813	897	811	1262	181
YLR292C	XII	719789	720370	-	582	352	343	624	324	470	68
YLR034C	XII	210512	211933	-	1422	394	396	670	351	562	85
YLR016C	XII	176802	177416	-	615	108	127	233	121	167	32
YLR255C	XII	645600	645953	-	354	6	15	7	5	12	1
YLR297W	XII	724044	724433	+	390	338	372	462	319	506	48
YLR225C	XII	587695	588918	-	1224	310	298	475	260	469	52
YLR047C	XII	239347	241407	-	2061	198	159	239	143	260	32
YLL022C	XII	99044	100201	-	1158	273	239	355	276	282	36
tI(AAU)L1	XII	734802	734875	+	74	0	0	2	2	0	0
YLR395C	XII	909729	909965	-	237	807	699	913	661	1009	120
YLL067C	XII;XII	585;4015	3915;4301	-;-	3618	3	3	4	2	2	0
YLR359W	XII	844282	845730	+	1449	2333	2358	3523	1955	3196	402
YLR456W	XII	1055070	1055684	+	615	70	89	79	51	76	6
YLR067C	XII	267813	270710	-	2898	148	148	204	116	202	19
RDN58-2	XII	464551	464708	-	158	0	0	0	0	0	0
YLR040C	XII	228908	229582	-	675	1343	1407	1103	946	1495	233
YLL013C	XII	122075	124714	-	2640	567	398	521	393	554	66
YLR320W	XII	771940	776304	+	4365	187	176	214	152	260	32
YLL045C	XII	47859	48629	-	771	2711	3008	5214	3061	4319	632
YLR352W	XII	831116	833539	+	2424	270	350	374	269	467	60
YLR160C	XII	486201	487289	-	1089	0	0	0	0	0	0
YLR071C	XII	275378	278626	-	3249	624	648	669	616	755	101
YLR286C	XII	708448	710136	-	1689	12075	11449	8952	9321	12428	1409
YLR037C	XII	222685	223059	-	375	35	44	69	48	51	7
YLL004W	XII	141073	142923	+	1851	108	104	124	86	104	16
YLR100W	XII	341810	342853	+	1044	349	383	548	231	347	61
YLR088W	XII	316107	317951	+	1845	491	347	497	290	416	76
YLR216C	XII	572096	573211	-	1116	640	486	940	499	778	97
YLL040C	XII	54211	63645	-	9435	994	716	1022	688	1044	142
YLR154C-G	XII	462522	462671	-	150	0	0	0	0	0	0
YLR410W-B	XII	941483	946796	+	5314	113	63	70	97	178	22
YLR410W-A	XII	941483	942799	+	1317	0	0	0	0	0	0
YLR157C-A	XII	480279	481601	-	1323	0	0	0	0	0	0
YLR256W-A	XII	651117	652439	+	1323	95	87	76	91	106	18
YLR035C-A	XII	215440	218907	-	3468	12	4	7	7	2	2
YLR227W-A	XII	593438	594760	+	1323	0	0	0	0	0	0
YLR157C-B	XII	476333	481601	-	5269	4	2	2	0	8	2
YLR227W-B	XII	593438	598706	+	5269	196	199	168	114	185	36
YPL071C	XVI	420048	420518	-	471	184	144	188	119	151	16
YPL208W	XVI	157842	159593	+	1752	194	152	293	160	250	40
YPL102C	XVI	360003	360305	-	303	0	0	0	0	2	0
YPL217C	XVI	139620	143171	-	3552	465	405	478	314	522	66
YPL197C	XVI	174343	174756	-	414	8	3	5	9	7	2
YPR139C	XVI	813156	814058	-	903	350	377	442	308	370	56
YPR169W	XVI	878690	880168	+	1479	1066	774	1123	573	907	116
YPL257W	XVI	63279	63860	+	582	58	43	68	42	77	6
snR41	XVI	719148	719242	-	95	55	44	56	30	43	9
YPL009C	XVI	535820	538936	-	3117	648	595	741	413	735	123
YPL183C	XVI	199495	202536	-	3042	482	347	378	271	351	46
YPR065W	XVI	679693	680799	+	1107	618	587	505	599	910	147
YPR099C	XVI	729757	730113	-	357	1	0	0	0	3	0
YPR032W	XVI	634123	637224	+	3102	296	207	269	227	387	32
tM(CAU)P	XVI	338848	338919	-	72	0	0	2	4	3	0
YPR194C	XVI	924304	926937	-	2634	622	582	808	538	953	120
YPL084W	XVI	394038	396572	+	2535	601	509	711	500	808	104
YPR101W	XVI	730492	731019	+	528	120	99	161	118	133	32
YPL179W	XVI	208157	209806	+	1650	762	658	716	543	797	95
YPL224C	XVI	126634	128088	-	1455	259	254	374	258	371	39
tG(GCC)P2	XVI	860379	860449	+	71	0	0	0	0	0	0
snR17b	XVI;XVI	281056;281504	281373;281517	-;-	332	33	15	122	13	22	14
YPR204W	XVI	944603	947701	+	3099	90	75	105	60	119	20
YPR103W	XVI	732349	733212	+	864	1433	1174	1594	1171	1609	290
YPR155C	XVI	835563	837413	-	1851	190	159	307	219	258	43
YPL250W-A	XVI	75702	75989	+	288	0	0	0	0	0	0
YPL244C	XVI	87014	88033	-	1020	540	459	519	354	473	101
YPR141C	XVI	815734	817923	-	2190	135	114	150	97	117	30
YPL275W	XVI	18369	19079	+	711	20	16	16	18	30	2
YPR156C	XVI	837909	839777	-	1869	1238	1139	1494	1136	1843	183
YPL240C	XVI	96496	98625	-	2130	464	482	1036	570	792	133
YPR188C	XVI	911988	912479	-	492	85	96	146	101	115	8
YPL111W	XVI	339944	340945	+	1002	387	304	437	513	905	256
YPR119W	XVI	771653	773128	+	1476	340	360	362	236	503	77
YPL192C	XVI	182655	183056	-	402	21	16	38	17	34	0
YPL059W	XVI	444579	445031	+	453	196	220	321	167	296	47
YPL218W	XVI;XVI	138698;138865	138725;139409	+;+	573	518	554	1092	571	769	116
tI(AAU)P1	XVI	819529	819602	+	74	2	0	0	2	0	0
YPL264C	XVI	43283	44344	-	1062	126	109	140	79	118	28
YPL198W	XVI;XVI;XVI	173152;173572;174073	173162;173665;174702	+;+;+	735	482	395	646	399	490	118
YPL006W	XVI	544631	548143	+	3513	378	337	510	377	484	84
YPR161C	XVI	864449	866422	-	1974	592	530	617	429	690	98
YPL145C	XVI	278395	279699	-	1305	1236	1140	1529	946	1654	225
YPL092W	XVI	373793	375169	+	1377	721	628	691	492	746	113
YPR181C	XVI	897361	899667	-	2307	1729	1532	1795	1381	2279	314
YPR171W	XVI	883828	885558	+	1731	351	326	348	273	454	61
YPR122W	XVI	782045	785671	+	3627	762	654	811	500	776	72
YPL091W	XVI	375502	376953	+	1452	947	883	1614	794	1202	202
YPL137C	XVI	292817	296647	-	3831	693	554	676	560	881	119
YPL014W	XVI	527547	528692	+	1146	2803	1853	2084	2413	3651	348
YPL164C	XVI	239350	241497	-	2148	130	171	194	152	254	24
YPL163C	XVI	241918	242700	-	783	1392	1358	1012	1076	1508	210
YPR069C	XVI	684556	685437	-	882	533	611	873	521	884	95
YPL038W-A	XVI	480182	480373	+	192	2	6	15	6	9	1
YPR072W	XVI	690107	691789	+	1683	901	769	1126	722	1050	150
YPR067W	XVI	682220	682777	+	558	303	302	450	295	322	49
YPL175W	XVI;XVI	218630;218747	218646;220088	+;+	1359	137	138	170	124	178	33
YPL088W	XVI	381965	382993	+	1029	133	99	166	76	120	22
YPL125W	XVI	313388	316486	+	3099	410	343	452	320	492	62
YPL090C	XVI;XVI	377291;378390	377995;378395	-;-	711	875	1125	1869	969	1857	180
YPR120C	XVI	773875	775182	-	1308	63	83	88	37	99	15
YPR198W	XVI	934034	935665	+	1632	240	229	251	225	267	28
YPR053C	XVI	665788	666243	-	456	77	65	84	68	82	15
YPR106W	XVI	740061	741392	+	1332	322	287	326	236	335	34
YPL250C	XVI	74309	74719	-	411	904	842	1291	644	636	122
YPL051W	XVI	459963	460559	+	597	100	75	156	55	113	12
YPR013C	XVI	584632	585585	-	954	394	266	290	362	628	49
YPL121C	XVI	320962	321630	-	669	4	4	6	0	0	0
YPR068C	XVI	682941	684353	-	1413	96	92	118	100	146	23
YPR160W-A	XVI	861934	862014	+	81	0	0	0	0	0	0
YPR202W	XVI;XVI	943032;943199	943050;943896	+;+	717	4	9	7	3	10	0
YPL270W	XVI	30482	32803	+	2322	751	674	778	610	754	152
YPL248C	XVI	79711	82356	-	2646	189	201	244	186	244	28
YPR058W	XVI	673751	674674	+	924	171	190	256	164	234	65
YPL004C	XVI	550632	551657	-	1026	4887	4731	8623	5673	7375	1354
YPR110C	XVI	745828	746835	-	1008	682	667	891	628	857	114
YPL042C	XVI	473040	474707	-	1668	273	171	261	185	354	37
YPR149W	XVI	829918	830439	+	522	1753	2257	3366	2360	3518	530
YPL172C	XVI	224353	225741	-	1389	201	176	258	163	249	37
YPR009W	XVI	576552	577358	+	807	246	210	301	222	252	41
YPL039W	XVI	479225	480175	+	951	53	57	76	57	69	8
YPR051W	XVI	664960	665490	+	531	39	26	50	23	32	6
YPR134W	XVI	798051	798857	+	807	178	170	245	140	210	27
YPR118W	XVI	767752	768987	+	1236	380	404	610	338	534	90
YPR019W	XVI	596750	599551	+	2802	684	619	683	445	669	144
YPL213W	XVI	150614	151330	+	717	161	149	199	126	218	36
YPR121W	XVI	778583	780301	+	1719	251	182	258	185	215	38
YPL054W	XVI	455759	456664	+	906	240	150	301	192	210	43
YPL123C	XVI	317641	318945	-	1305	182	163	269	173	274	48
YPL144W	XVI	280480	280926	+	447	88	108	195	94	133	20
YPR036W-A	XVI	645950	646153	+	204	6951	5624	7557	10711	10050	1370
YPL140C	XVI	287514	289034	-	1521	222	176	277	169	326	46
snR70	XVI	718887	719050	-	164	21	38	74	24	52	3
YPL202C	XVI	168088	169338	-	1251	527	346	442	308	467	60
YPL114W	XVI	335948	336367	+	420	0	0	0	0	0	0
tI(AAU)P2	XVI	880296	880369	-	74	0	0	0	1	0	0
YPL045W	XVI	467260	469656	+	2397	257	228	276	212	362	42
YPL267W	XVI	38169	38798	+	630	186	151	192	98	176	22
YPL133C	XVI	299888	301228	-	1341	86	99	147	97	110	16
tA(AGC)P	XVI	856902	856974	+	73	7	5	7	7	2	0
YPL263C	XVI	44551	46506	-	1956	438	384	525	280	478	86
YPL097W	XVI	364952	366430	+	1479	86	69	108	72	94	12
YPR130C	XVI	793374	793781	-	408	12	2	5	5	7	1
YPR177C	XVI	892313	892684	-	372	0	0	0	0	0	0
YPR124W	XVI	786208	787428	+	1221	410	458	562	551	723	94
YPR157W	XVI	841266	842669	+	1404	234	180	376	212	353	22
YPR004C	XVI	564007	565041	-	1035	567	524	668	392	666	58
YPR080W	XVI	700594	701970	+	1377	5802	5250	7457	4914	7680	1240
YPL162C	XVI	243206	244027	-	822	92	106	141	111	169	12
YPL200W	XVI	171484	171954	+	471	0	6	9	6	1	2
YPR057W	XVI	672471	673496	+	1026	190	183	273	169	212	34
YPR100W	XVI	729791	730213	+	423	166	50	131	67	82	18
YPR033C	XVI	637379	639019	-	1641	697	698	1035	556	890	124
YPR174C	XVI	888043	888708	-	666	115	150	126	97	159	19
YPR151C	XVI	831055	831675	-	621	12	5	13	9	8	0
YPR180W	XVI	895961	897004	+	1044	256	210	314	159	284	48
YPL210C	XVI	154290	156212	-	1923	716	735	799	555	851	86
tC(GCA)P1	XVI	435893	435964	-	72	3	0	1	1	1	0
YPL155C	XVI	257216	259336	-	2121	241	204	249	172	256	40
YPL225W	XVI	126006	126446	+	441	290	261	504	245	385	56
YPL081W	XVI;XVI	404950;405458	404956;406044	+;+	594	556	552	1035	460	690	89
YPL266W	XVI	39121	40077	+	957	249	214	313	200	282	48
YPR002W	XVI	558385	559935	+	1551	44	51	85	54	113	10
YPL127C	XVI	308828	309604	-	777	1179	862	1344	1059	1190	206
YPR108W	XVI	742454	743743	+	1290	1140	955	1279	952	1359	234
YPR172W	XVI	885796	886398	+	603	416	325	579	369	501	75
tF(GAA)P2	XVI;XVI	622540;622595	622575;622631	-;-	73	2	0	0	0	0	0
YPR200C	XVI	939279	939671	-	393	31	21	38	20	30	2
YPL058C	XVI	445842	450377	-	4536	1077	1024	1453	1030	1546	221
YPL073C	XVI	418499	418984	-	486	0	1	0	1	1	0
YPR197C	XVI	933898	934461	-	564	0	0	1	2	3	0
YPR088C	XVI	711403	713028	-	1626	503	445	676	470	564	107
YPL254W	XVI	69485	70951	+	1467	268	216	336	204	284	54
YPR010C-A	XVI;XVI	582373;582702	582558;582734	-;-	219	123	150	236	181	192	36
YPL223C	XVI	128632	129138	-	507	26	36	38	25	40	10
YPR056W	XVI	671126	672142	+	1017	200	183	267	207	286	33
YPR006C	XVI	567269	568996	-	1728	96	71	95	75	119	18
YPR129W	XVI	792687	793736	+	1050	851	576	630	674	872	108
YPR199C	XVI	938148	939032	-	885	373	306	421	381	450	54
YPL062W	XVI	431895	432299	+	405	3	0	0	2	0	0
YPR113W	XVI	752257	752919	+	663	981	1073	1589	1008	1510	243
YPL166W	XVI	237338	237979	+	642	88	73	70	72	140	23
YPR020W	XVI	599870	600217	+	348	85	120	228	145	193	26
YPL160W	XVI	246990	250262	+	3273	1623	1487	2109	1273	1962	245
YPL147W	XVI	273255	275867	+	2613	91	56	112	84	118	16
YPL107W	XVI	349119	349865	+	747	96	103	93	74	143	39
YPL169C	XVI	229039	230838	-	1800	719	584	607	518	793	142
YPR169W-A	XVI	883239	883457	+	219	0	0	0	0	0	0
YPR170W-A	XVI	883378	883563	+	186	0	0	0	0	0	0
YPR014C	XVI	587189	587518	-	330	22	19	52	6	42	0
YPR049C	XVI	661137	664673	-	3537	138	161	208	147	203	25
YPL087W	XVI	383455	384408	+	954	574	502	857	347	679	91
YPR115W	XVI	754877	758128	+	3252	1320	1203	1615	896	1375	239
YPL184C	XVI	195950	197788	-	1839	994	704	972	735	951	137
YPR111W	XVI	747306	749000	+	1695	197	177	241	166	193	23
YPR203W	XVI	943880	944188	+	309	0	0	1	0	0	0
YPR189W	XVI	912664	916962	+	4299	335	305	414	238	374	49
YPR034W	XVI	639525	640958	+	1434	573	448	529	406	637	104
YPL189W	XVI	189154	190983	+	1830	128	140	147	66	96	16
YPL246C	XVI	84509	85297	-	789	848	771	988	735	971	137
YPL020C	XVI	512313	514178	-	1866	305	259	375	267	407	44
YPL255W	XVI	67725	68882	+	1158	79	122	129	82	131	12
YPL196W	XVI	175043	175864	+	822	142	141	231	208	188	40
YPR135W	XVI	799234	802017	+	2784	152	128	224	122	187	28
YPR044C	XVI	654524	654877	-	354	1	0	4	3	7	0
YPL061W	XVI	432588	434090	+	1503	5986	4089	6639	3881	6509	1694
YPL238C	XVI	100474	100863	-	390	2	1	0	0	2	0
YPL052W	XVI;XVI	458799;459007	459005;459678	+;+	879	152	143	165	99	117	12
YPR112C	XVI	749256	751919	-	2664	305	301	350	150	347	49
YPL186C	XVI	194512	195426	-	915	269	185	306	331	290	54
YPR148C	XVI	826833	828140	-	1308	697	579	977	571	942	146
YPL276W	XVI	17948	18385	+	438	8	17	9	13	17	0
YPL280W	XVI	11887	12600	+	714	3	0	4	0	2	0
YPR143W	XVI	818323	819075	+	753	198	201	242	117	229	23
YPL261C	XVI	48996	49304	-	309	4	1	5	2	4	0
YPL034W	XVI	486712	487209	+	498	32	32	47	18	30	2
YPL116W	XVI	329606	331699	+	2094	161	241	287	209	307	48
YPL131W	XVI	303121	304014	+	894	8499	8874	12484	8721	12595	2050
YPR017C	XVI	593486	593917	-	432	179	209	282	162	262	65
YPL012W	XVI	529723	533409	+	3687	499	440	465	279	472	38
YPL017C	XVI	518734	520233	-	1500	218	194	210	172	223	36
YPL010W	XVI	535018	535587	+	570	371	392	753	380	545	55
YPR173C	XVI	886524	887837	-	1314	500	396	660	423	606	112
YPL233W	XVI	106172	106822	+	651	78	64	55	40	85	16
YPR024W	XVI	610481	612724	+	2244	783	804	1076	550	869	155
YPL152W-A	XVI	264602	264700	+	99	1	2	1	0	0	0
YPL187W	XVI	193648	194145	+	498	12372	13469	19329	11232	14986	2819
YPR191W	XVI	919381	920487	+	1107	1464	1418	2505	1536	2207	301
YPR170C	XVI	882983	883318	-	336	1	0	1	0	7	0
YPR123C	XVI	786141	786575	-	435	12	8	5	7	19	2
YPR142C	XVI	818130	818693	-	564	0	0	0	0	0	0
YPL063W	XVI	429939	431369	+	1431	839	891	1067	708	1181	108
YPR007C	XVI	569336	571378	-	2043	4	10	15	8	14	0
YPR084W	XVI	706972	708342	+	1371	357	298	311	304	446	68
YPL149W	XVI	271310	272194	+	885	196	131	181	89	156	15
YPL089C	XVI	379120	381150	-	2031	585	423	405	397	512	90
YPR166C	XVI	876282	876629	-	348	72	63	75	42	78	8
YPR167C	XVI	876847	877632	-	786	2083	1286	2236	551	632	120
YPL231W	XVI	108652	114315	+	5664	8985	7919	11968	6514	8816	1237
YPR025C	XVI	613377	614558	-	1182	495	369	608	354	493	90
YPL098C	XVI	364386	364727	-	342	104	89	198	89	113	27
YPR147C	XVI	825645	826559	-	915	244	270	310	199	309	54
YPL129W	XVI;XVI	305298;305412	305306;306137	+;+	735	669	598	1018	597	740	108
YPR153W	XVI;XVI	833689;833828	833693;834245	+;+	423	14	5	23	6	10	2
YPR164W	XVI	870703	874926	+	4224	353	296	278	244	390	47
YPL026C	XVI	500675	502183	-	1509	150	135	223	252	358	40
YPR001W	XVI	556377	557837	+	1461	41	35	77	50	55	8
YPL282C	XVI	7933	8427	-	495	0	0	0	0	0	0
YPR178W	XVI	892332	893729	+	1398	134	118	142	82	182	18
YPR061C	XVI	675977	676882	-	906	83	70	95	102	98	7
YPL180W	XVI	205248	207647	+	2400	285	296	297	247	361	65
YPL142C	XVI	282686	283003	-	318	157	188	106	91	363	12
YPL019C	XVI	514511	517018	-	2508	803	749	1111	584	1043	94
YPL258C	XVI	53498	55153	-	1656	157	116	132	99	127	20
YPL022W	XVI	506697	509999	+	3303	383	351	443	326	523	52
YPL279C	XVI	13228	14355	-	1128	84	86	97	60	87	14
YPL044C	XVI	469926	470474	-	549	0	0	0	0	0	0
YPR193C	XVI	922909	923379	-	471	11	6	8	5	11	0
YPL001W	XVI	554605	555729	+	1125	100	84	140	78	126	14
YPR083W	XVI	704854	706593	+	1740	151	155	150	120	198	23
YPR195C	XVI	927965	928294	-	330	50	42	44	40	42	5
YPL057C	XVI	451909	453057	-	1149	294	272	461	355	495	70
YPL211W	XVI	153495	154040	+	546	165	228	258	148	252	40
YPL041C	XVI	475118	475741	-	624	78	56	133	93	98	22
YPR003C	XVI	561504	563768	-	2265	183	162	204	125	256	34
YPL181W	XVI	203421	204941	+	1521	338	300	451	281	437	59
YPR168W	XVI	878076	878549	+	474	41	53	46	26	36	8
YPL185W	XVI	195253	195648	+	396	7	4	16	5	6	0
YPL040C	XVI	475993	479001	-	3009	159	138	170	159	242	24
YPL070W	XVI	420948	422786	+	1839	645	541	607	437	694	99
YPR159W	XVI	857583	859745	+	2163	923	874	997	762	1127	148
YPL002C	XVI	553627	554328	-	702	146	151	184	101	193	23
snR51	XVI	718700	718806	-	107	33	22	44	29	30	3
YPL227C	XVI	120163	121167	-	1005	191	203	279	167	187	36
YPL067C	XVI	425251	425847	-	597	122	118	182	124	160	19
YPL236C	XVI	101608	102702	-	1095	202	176	264	162	231	45
YPL151C	XVI	266180	267535	-	1356	143	111	164	152	170	24
YPL234C	XVI	104946	105440	-	495	928	1064	1608	990	1419	185
YPL015C	XVI	525810	526883	-	1074	1444	912	1270	1080	1394	244
YPR035W	XVI	642208	643320	+	1113	8839	7525	11181	10658	15615	2615
YPR037C	XVI	646448	647038	-	591	78	66	77	75	79	3
YPR184W	XVI	902044	906654	+	4611	960	587	1112	995	958	165
YPL135W	XVI	297553	298050	+	498	321	301	440	415	512	126
YPL215W	XVI	147416	148423	+	1008	214	236	316	234	231	46
YPL112C	XVI	337436	338620	-	1185	401	380	485	395	536	112
tK(UUU)P	XVI;XVI	769207;769266	769242;769302	-;-	73	3	1	1	0	0	2
YPR146C	XVI	825347	825676	-	330	74	49	70	28	36	14
YPR087W	XVI	711354	711674	+	321	14	6	12	1	9	1
tW(CCA)P	XVI;XVI	56169;56239	56204;56274	-;-	72	5	8	11	7	11	2
YPL154C	XVI	259714	260931	-	1218	3036	3153	5021	2872	4206	590
YPL136W	XVI	296286	296654	+	369	0	0	0	0	0	0
YPR094W	XVI	720637	720960	+	324	67	52	73	47	73	18
YPR074C	XVI	692796	694838	-	2043	3571	2919	3559	3044	4016	780
YPL056C	XVI	453430	453735	-	306	186	107	173	175	157	14
YPL189C-A	XVI	188307	188513	-	207	89	96	93	96	120	20
YPR082C	XVI	704225	704656	-	432	198	158	165	145	193	24
YPR133C	XVI	795978	797210	-	1233	295	270	432	287	408	78
YPL047W	XVI	465962	466261	+	300	116	123	213	95	151	26
YPL077C	XVI	409368	410090	-	723	50	57	96	71	67	14
YPR016W-A	XVI	593096	593356	+	261	43	38	48	47	45	4
YPL272C	XVI	26611	28164	-	1554	390	307	404	62	163	22
YPR050C	XVI	664953	665366	-	414	0	0	0	0	0	0
YPR108W-A	XVI	744175	744387	+	213	0	0	0	0	0	0
YPR070W	XVI	685898	687598	+	1701	247	238	263	234	319	30
YPL176C	XVI	216012	218363	-	2352	452	493	676	423	625	87
YPL220W	XVI	135790	136443	+	654	1128	1238	2275	1269	1985	354
YPL065W	XVI	427927	428655	+	729	174	194	214	175	205	42
YPL074W	XVI	415763	418027	+	2265	260	242	333	278	462	48
YPL032C	XVI	488887	491364	-	2478	1221	1030	1084	945	1258	159
YPL167C	XVI	232593	237107	-	4515	215	199	279	180	265	51
tN(GUU)P	XVI	810676	810749	+	74	8	9	9	3	6	1
YPR185W	XVI	907218	909434	+	2217	841	675	780	611	941	131
YPR160C-A	XVI	862577	862861	-	285	0	0	0	0	0	0
YPL038W	XVI	480535	481068	+	534	80	70	78	58	88	14
YPR145W	XVI	822620	824338	+	1719	5525	4883	6442	4675	7597	1336
YPL165C	XVI	237956	239077	-	1122	222	264	377	238	350	49
YPL193W	XVI	181403	182548	+	1146	204	145	145	98	181	24
YPL003W	XVI	552020	553408	+	1389	258	183	431	205	342	43
YPL178W	XVI	212158	212784	+	627	807	543	793	567	712	118
YPL013C	XVI	528985	529350	-	366	144	129	271	145	185	40
YPR012W	XVI	584309	584563	+	255	68	28	58	66	56	7
YPR042C	XVI	650435	653662	-	3228	401	309	321	305	476	57
YPL103C	XVI	358000	359406	-	1407	150	119	178	127	177	38
YPR028W	XVI;XVI	623527;623711	623577;624202	+;+	543	1152	1503	2118	1462	2036	256
YPR039W	XVI	647012	647347	+	336	0	0	0	0	0	0
YPR089W	XVI	713275	715941	+	2667	500	438	544	433	651	62
YPL075W	XVI;XVI	412254;413013	412261;415362	+;+	2358	754	761	910	711	1112	138
YPR196W	XVI	931376	932788	+	1413	87	68	91	82	100	6
YPR077C	XVI	697131	697502	-	372	0	0	0	0	0	0
YPL024W	XVI	503517	504242	+	726	108	77	107	91	121	24
YPR008W	XVI	573018	575102	+	2085	814	772	903	805	1179	159
YPR071W	XVI	688172	688807	+	636	259	190	162	154	250	35
YPL182C	XVI	203306	203689	-	384	3	1	5	4	0	2
tC(GCA)P2	XVI	775765	775836	-	72	9	11	11	5	2	0
YPR062W	XVI	677165	677641	+	477	831	695	980	715	1045	214
YPL277C	XVI	15405	16868	-	1464	28	38	42	32	48	14
YPR125W	XVI	787961	789325	+	1365	276	265	241	189	322	50
YPR131C	XVI	793911	794498	-	588	130	149	225	143	197	35
YPL221W	XVI	133043	135424	+	2382	892	819	974	883	1349	168
YPR073C	XVI	691933	692418	-	486	141	189	335	234	315	54
YPL262W	XVI	47336	48802	+	1467	1578	1183	1725	1144	1474	248
snR45	XVI	821732	821903	+	172	5	7	16	8	16	2
YPR036W	XVI	643836	645272	+	1437	2687	2017	2981	2100	2815	653
YPL031C	XVI;XVI	492018;493021	492918;493037	-;-	918	596	512	752	573	652	126
YPL237W	XVI	100496	101353	+	858	834	757	1184	728	967	127
YPL053C	XVI	457118	458458	-	1341	395	467	614	335	661	62
YPR109W	XVI	744689	745573	+	885	252	182	326	221	271	25
YPR159C-A	XVI	860314	860415	-	102	0	1	1	0	1	0
YPL122C	XVI	319226	320767	-	1542	189	220	244	198	311	35
YPL085W	XVI	387067	393654	+	6588	994	901	989	779	1228	188
YPR104C	XVI	733623	736433	-	2811	378	331	334	241	384	102
YPR186C	XVI	909733	911022	-	1290	100	70	107	50	73	10
YPR201W	XVI	939922	941136	+	1215	46	53	58	30	66	12
YPL138C	XVI	291366	292427	-	1062	124	100	184	100	137	25
YPR030W	XVI	627880	631245	+	3366	118	127	104	125	176	25
YPR190C	XVI	917077	919041	-	1965	279	255	297	171	233	41
YPL043W	XVI	469939	471996	+	2058	372	295	353	240	337	48
YPL108W	XVI	348446	348952	+	507	23	39	37	24	27	8
YPL105C	XVI	352863	355412	-	2550	1177	1079	1249	960	1430	168
YPL168W	XVI	231217	232509	+	1293	160	179	173	187	248	43
YPR018W	XVI	594476	596296	+	1821	294	236	292	198	325	54
YPR132W	XVI;XVI	794965;795395	795029;795767	+;+	438	1242	1063	1985	1080	1796	261
YPL222C-A	XVI	131870	132115	-	246	0	0	0	0	0	0
YPR137W	XVI	802359	804080	+	1722	142	116	161	113	168	20
YPL219W	XVI	136750	138228	+	1479	205	147	212	196	208	42
tS(UGA)P	XVI	689565	689646	+	82	0	0	0	0	0	0
YPL029W	XVI	495506	497719	+	2214	158	142	226	164	208	22
YPL113C	XVI	335953	337143	-	1191	21	45	31	24	57	6
YPL190C	XVI	185317	187725	-	2409	938	804	809	800	1102	163
YPL241C	XVI;XVI	95372;96234	96153;96258	-;-	807	61	91	116	61	124	16
YPL281C	XVI	9557	10870	-	1314	0	0	1	0	0	0
YPL023C	XVI	504339	506312	-	1974	324	319	502	295	556	60
YPR043W	XVI;XVI	654166;654571	654167;654847	+;+	279	1	1	1	1	2	0
YPR116W	XVI	758648	759481	+	834	14	11	24	14	12	4
YPL252C	XVI	73363	73881	-	519	250	173	211	173	161	30
YPR047W	XVI	657529	658938	+	1410	178	156	231	145	230	54
YPL119C-A	XVI	324024	324287	-	264	23	13	26	20	34	2
YPL194W	XVI	179277	181115	+	1839	160	116	146	89	139	20
YPL157W	XVI	254814	255761	+	948	80	104	129	56	99	11
YPL177C	XVI	213042	213962	-	921	841	583	602	602	733	119
YPR165W	XVI	875368	875997	+	630	1219	1321	2251	1303	2080	311
YPL037C	XVI	481428	481901	-	474	1789	1417	2274	1543	2218	463
YPR093C	XVI	719558	720424	-	867	119	106	94	117	155	30
tG(GCC)P1	XVI	572269	572339	+	71	1	0	7	0	1	2
YPR066W	XVI	681213	682112	+	900	115	128	195	137	162	32
YPL247C	XVI	82625	84196	-	1572	888	695	1083	876	1187	196
YPL101W	XVI	360209	361579	+	1371	582	400	509	364	465	61
YPL064C	XVI	428711	429616	-	906	182	211	279	182	259	42
YPL256C	XVI	64977	66614	-	1638	1007	873	858	652	874	196
YPL099C	XVI	363520	364068	-	549	93	91	111	92	133	22
YPR023C	XVI	608826	610031	-	1206	1253	853	1233	801	967	158
YPL093W	XVI	370978	372921	+	1944	636	552	666	447	541	60
YPL134C	XVI	298571	299503	-	933	148	135	167	153	198	32
YPL153C	XVI	261727	264192	-	2466	89	62	100	76	102	16
YPL222W	XVI	130162	132228	+	2067	172	125	207	154	175	29
YPR075C	XVI	695737	696819	-	1083	266	292	364	241	409	83
YPL118W	XVI	326628	327662	+	1035	242	257	384	264	342	60
YPL239W	XVI	99484	100086	+	603	293	237	339	204	295	50
YPR136C	XVI	802325	802837	-	513	1	0	0	0	0	0
YPL033C	XVI	487362	488207	-	846	1	4	3	1	6	0
YPR045C	XVI	655140	656552	-	1413	378	349	511	380	482	89
YPR038W	XVI	646836	647195	+	360	0	0	0	0	0	0
YPR011C	XVI	583062	584042	-	981	117	95	124	96	191	29
YPL100W	XVI	361872	363362	+	1491	220	201	346	232	358	64
YPL076W	XVI	410443	411285	+	843	204	191	207	212	273	28
YPL027W	XVI	499665	500402	+	738	4	10	8	2	9	2
YPL271W	XVI	30079	30267	+	189	692	767	1068	932	968	188
YPL128C	XVI	306533	308221	-	1689	441	313	356	301	473	71
YPL139C	XVI	289669	291051	-	1383	110	103	162	109	171	16
YPL005W	XVI	548486	550306	+	1821	97	82	141	78	141	28
YPL148C	XVI	272294	272815	-	522	56	56	94	37	67	5
YPL080C	XVI	406172	406498	-	327	106	45	107	43	59	7
YPL265W	XVI	41043	42869	+	1827	1439	1379	1295	1840	2863	361
snR59	XVI	173827	173904	+	78	1	0	2	1	4	0
YPR052C	XVI	665693	665974	-	282	398	365	835	493	567	70
YPR145C-A	XVI	824690	824926	-	237	35	44	60	8	9	0
YPL096W	XVI	366927	368018	+	1092	195	176	277	135	213	24
YPR078C	XVI	697147	698265	-	1119	0	6	4	4	2	0
YPL104W	XVI	355700	357676	+	1977	201	179	247	193	229	26
YPR074W-A	XVI	695018	695188	+	171	0	0	2	0	0	0
YPL283W-B	XVI	643	1125	+	483	0	0	0	0	0	0
YPR162C	XVI	866715	868304	-	1590	202	161	204	162	224	34
YPL030W	XVI	493543	495246	+	1704	297	273	316	228	265	44
YPL069C	XVI	422885	423892	-	1008	297	210	325	182	301	48
YPL188W	XVI	191406	192650	+	1245	677	680	859	456	583	106
YPL201C	XVI	169770	171155	-	1386	41	27	36	27	24	4
YPL207W	XVI	159909	162341	+	2433	1037	1003	1266	816	1405	135
YPR021C	XVI	600649	603357	-	2709	272	328	455	316	472	70
YPL253C	XVI	71063	73006	-	1944	115	126	192	136	173	21
YPR040W	XVI	647305	648375	+	1071	262	220	218	251	289	53
YPL143W	XVI;XVI	282122;282666	282140;282970	+;+	324	4	3	6	4	8	0
YPL132W	XVI	301716	302618	+	903	136	135	189	126	198	34
YPL171C	XVI	226169	227371	-	1203	13	14	40	32	30	2
YPL126W	XVI	310210	312900	+	2691	528	456	355	308	487	68
YPR063C	XVI;XVI	677812;678280	678193;678320	-;-	423	797	846	1151	815	900	184
YPR187W	XVI;XVI	911257;911353	911276;911800	+;+	468	392	385	459	364	474	81
YPL007C	XVI	542082	543848	-	1767	114	162	184	152	246	20
YPL209C	XVI	156490	157593	-	1104	74	46	60	33	69	6
YPR182W	XVI	900194	900454	+	261	424	352	372	337	326	96
YPL242C	XVI	90622	95109	-	4488	321	323	432	253	467	39
YPL205C	XVI	163922	164266	-	345	11	7	27	14	14	2
YPL278C	XVI	15053	15355	-	303	9	5	14	7	7	3
YPR086W	XVI	710101	711138	+	1038	447	417	517	374	573	90
YPR117W	XVI	760025	767494	+	7470	630	542	618	490	764	84
YPL096C-A	XVI	366529	366735	-	207	252	191	233	202	246	42
YPR092W	XVI	718379	718684	+	306	2	10	11	3	9	3
YPL086C	XVI	384773	386446	-	1674	150	129	222	115	175	20
YPR005C	XVI	565787	566671	-	885	130	103	154	136	214	27
YPR046W	XVI	656799	657344	+	546	116	118	194	102	152	24
tK(CUU)P	XVI	582062	582134	+	73	4	0	0	0	0	0
YPL269W	XVI	33013	34947	+	1935	168	191	214	154	224	18
YPL135C-A	XVI	297678	297851	-	174	0	0	0	0	0	0
YPR105C	XVI	736984	739569	-	2586	599	537	677	391	588	105
YPL158C	XVI	252034	254310	-	2277	568	443	449	372	670	78
tE(UUC)P	XVI	210192	210263	-	72	0	0	2	0	0	0
YPL094C	XVI	369839	370663	-	825	623	570	754	490	752	125
YPR176C	XVI	891101	892078	-	978	155	170	215	172	205	44
YPL191C	XVI	183597	184679	-	1083	88	69	139	66	147	8
YPR204C-A	XVI	946856	947338	-	483	0	0	0	0	0	0
YPR163C	XVI	868645	869955	-	1311	1085	990	1752	1043	1562	182
YPL229W	XVI	117067	117687	+	621	226	156	190	225	233	39
YPR160W	XVI	861306	864014	+	2709	2933	2361	4737	3545	3319	582
YPL049C	XVI	462481	463839	-	1359	1846	1484	1406	1392	1931	344
YPL066W	XVI	426233	427672	+	1440	930	691	652	713	1022	110
YPL183W-A	XVI	199095	199376	+	282	309	259	271	274	287	66
YPL235W	XVI	103232	104647	+	1416	532	443	615	381	515	102
YPL141C	XVI	283464	286061	-	2598	548	451	413	307	588	62
tF(GAA)P1	XVI;XVI	560198;560253	560233;560289	-;-	73	10	5	25	16	8	0
YPR144C	XVI	819765	821423	-	1659	426	331	292	269	391	48
YPL249C-A	XVI;XVI	75699;76224	75985;76239	-;-	303	18	17	14	14	24	2
YPR128C	XVI	791218	792204	-	987	134	154	201	131	171	29
YPR054W	XVI	666280	667446	+	1167	113	116	145	104	135	31
YPL156C	XVI	255913	256767	-	855	230	256	341	195	267	39
YPL173W	XVI	223143	224036	+	894	150	135	174	107	174	32
YPR098C	XVI;XVI	728947;729482	729385;729528	-;-	486	454	470	725	576	619	90
YPL260W	XVI	49303	50958	+	1656	377	361	567	398	642	90
YPL251W	XVI	73625	73927	+	303	1	2	0	0	0	0
YPL016W	XVI	521014	524958	+	3945	321	260	341	280	365	58
YPR095C	XVI	721037	724717	-	3681	422	323	401	334	562	63
YPR079W	XVI	698869	700014	+	1146	460	438	452	413	543	98
YPR010C	XVI	577585	581196	-	3612	1235	1154	1138	793	1249	148
YPL046C	XVI	466644	466943	-	300	62	54	75	43	68	11
YPL021W	XVI	511101	511664	+	564	0	0	3	4	2	0
YPL268W	XVI	35236	37845	+	2610	154	184	228	188	256	31
YPL283C	XVI;XVI	280;5989	5840;6007	-;-	5580	0	0	0	0	0	0
YPL206C	XVI	162632	163597	-	966	174	212	373	203	305	50
YPR055W	XVI	667676	670873	+	3198	245	246	332	216	317	56
YPR138C	XVI	810984	812453	-	1470	783	646	836	677	1039	119
YPL243W	XVI	88517	90316	+	1800	968	796	1327	707	1167	122
YPR127W	XVI	790083	791120	+	1038	458	375	551	581	647	82
YPL095C	XVI	368071	369441	-	1371	266	174	388	311	377	43
YPR027C	XVI	620425	621258	-	834	105	102	164	155	160	24
YPL232W	XVI	107275	108147	+	873	1224	1026	1467	857	1081	189
YPL124W	XVI	316755	317516	+	762	91	95	110	76	112	10
YPR041W	XVI	648704	649921	+	1218	1077	899	1246	943	1365	211
YPL083C	XVI	396702	398105	-	1404	107	66	106	68	131	17
YPL048W	XVI	464401	465648	+	1248	1940	1642	2775	1797	2532	367
YPL120W	XVI	322071	323744	+	1674	94	127	137	106	170	18
YPL117C	XVI	327864	328730	-	867	799	705	730	644	784	169
YPR126C	XVI	789077	789385	-	309	9	2	2	6	3	0
YPR091C	XVI	716156	718468	-	2313	821	766	948	710	1245	104
YPR059C	XVI	674314	674700	-	387	2	5	8	3	6	0
YPL214C	XVI	148569	150191	-	1623	216	209	316	194	260	24
YPL203W	XVI	166256	167398	+	1143	371	418	560	445	653	88
YPL273W	XVI	25087	26064	+	978	1359	1475	1827	1494	2457	354
YPR081C	XVI	702114	703970	-	1857	243	238	310	153	288	44
YPL011C	XVI	533642	534703	-	1062	418	357	331	286	403	65
YPR097W	XVI	725394	728615	+	3222	325	405	573	323	512	72
YPL274W	XVI	22938	24701	+	1764	1936	1706	3026	828	1101	167
YPR158W	XVI	843262	844020	+	759	79	115	159	96	141	32
YPL050C	XVI	460779	461966	-	1188	665	592	716	555	873	115
YPR114W	XVI	753301	754248	+	948	1255	1179	1284	1041	1739	210
YPL110C	XVI	341068	344739	-	3672	184	147	206	143	194	21
YPL161C	XVI	244319	246220	-	1902	264	225	296	220	234	35
YPR022C	XVI	603911	607312	-	3402	351	311	358	252	459	71
tT(UGU)P	XVI	744284	744355	+	72	0	0	0	0	0	0
YPR175W	XVI	888974	891043	+	2070	177	157	173	119	204	13
YPL068C	XVI	424215	425096	-	882	162	120	118	96	148	15
YPL055C	XVI	453992	454990	-	999	593	339	350	434	478	104
YPL079W	XVI;XVI	406636;407068	406646;407539	+;+	483	4540	4980	7325	4858	7704	1401
YPL150W	XVI	268188	270893	+	2706	268	256	383	244	340	42
YPR192W	XVI	921860	922777	+	918	43	30	38	48	73	4
YPL226W	XVI	121767	125357	+	3591	1163	1001	1250	924	1339	203
YPL115C	XVI	332100	335486	-	3387	497	500	542	443	665	77
YPL283W-A	XVI	1426	2001	+	576	0	0	0	0	0	0
YPL170W	XVI	228314	228772	+	459	492	381	674	341	436	43
YPL245W	XVI	85586	86950	+	1365	207	171	270	184	240	47
YPR140W	XVI	814391	815536	+	1146	331	352	540	322	379	40
YPR048W	XVI	659182	661053	+	1872	131	111	152	54	130	18
YPR102C	XVI	731224	731748	-	525	1700	1677	2796	1427	2544	372
YPL036W	XVI	482843	485686	+	2844	56	52	74	60	74	9
YPR015C	XVI	590283	591026	-	744	19	25	23	26	39	0
YPR133W-A	XVI	797557	797709	+	153	1102	957	1562	745	1151	92
YPL146C	XVI	276162	277529	-	1368	193	173	246	137	242	45
YPR107C	XVI	741438	742064	-	627	113	100	163	84	124	22
YPL035C	XVI	486564	486911	-	348	3	12	9	8	13	0
YPL082C	XVI	398480	404083	-	5604	390	382	449	281	460	46
YPR064W	XVI	678951	679370	+	420	12	10	16	13	30	1
YPL216W	XVI	143821	147129	+	3309	203	219	264	176	250	44
YPL152W	XVI	265028	266104	+	1077	149	123	216	110	169	15
YPL230W	XVI	115312	116487	+	1176	360	279	397	465	602	62
YPL159C	XVI	250907	251668	-	762	260	294	332	228	338	33
YPR183W	XVI	900755	901558	+	804	1210	1139	1389	1182	1363	258
YPL204W	XVI	164276	165760	+	1485	2980	2142	1801	1973	2675	410
YPL109C	XVI;XVI	345264;345597	345444;347389	-;-	1974	192	180	221	159	216	36
YPL249C	XVI	76669	79353	-	2685	502	371	498	346	592	78
YPR154W	XVI	834565	835212	+	648	1169	862	673	850	1027	124
YPR026W	XVI	615379	619014	+	3636	160	146	234	158	234	38
YPR076W	XVI	696476	696850	+	375	0	0	0	0	0	0
YPR170W-B	XVI;XVI	883239;883487	883387;883595	+;+	258	23	23	29	17	37	3
YPR016C	XVI	592332	593069	-	738	1156	889	1318	897	1096	265
YPL060W	XVI	434523	435764	+	1242	83	69	121	86	123	18
YPR029C	XVI	624469	626967	-	2499	407	392	562	370	638	65
YPR002C-A	XVI	560569	560766	-	198	0	6	2	2	7	2
YPL106C	XVI	350194	352275	-	2082	2630	2390	3765	2513	3344	546
YPR085C	XVI	708497	709828	-	1332	217	196	254	178	269	45
YPL008W	XVI	539385	541970	+	2586	261	273	343	248	364	58
YPR152C	XVI	832061	833458	-	1398	116	97	122	106	134	20
YPL212C	XVI	151515	153149	-	1635	743	455	512	390	610	64
YPL119C	XVI	324411	326264	-	1854	102	98	134	102	120	21
YPL078C	XVI	408010	408744	-	735	560	623	1163	572	942	126
YPL195W	XVI	176223	179021	+	2799	655	449	804	400	606	90
YPL025C	XVI	502473	503030	-	558	12	4	17	12	23	4
YPR060C	XVI	674861	675631	-	771	436	430	485	314	447	61
YPL199C	XVI	172033	172755	-	723	481	367	630	351	501	90
YPL228W	XVI	118382	120031	+	1650	443	411	486	374	537	63
YPL018W	XVI	517651	518760	+	1110	97	76	77	95	117	23
YPL259C	XVI	51244	52671	-	1428	628	533	646	576	717	106
YPR150W	XVI	830999	831520	+	522	9	3	2	4	2	0
YPL072W	XVI	418512	420011	+	1500	225	132	141	164	188	42
YPL130W	XVI	304387	305058	+	672	0	0	4	2	4	0
YPR179C	XVI	893797	895764	-	1968	126	116	207	133	199	25
YPR096C	XVI	724842	725144	-	303	34	18	14	16	19	4
YPL028W	XVI	498096	499292	+	1197	2060	1711	3203	1279	2032	278
YPL174C	XVI	220167	222773	-	2607	133	150	169	108	201	7
YPR031W	XVI	631515	633761	+	2247	203	132	244	120	161	32
YPL257W-A	XVI	56748	58070	+	1323	0	0	0	0	0	0
YPR158W-A	XVI	844709	846031	+	1323	0	0	0	0	0	0
YPL257W-B	XVI	56748	62016	+	5269	5	1	1	0	5	2
YPR158C-D	XVI	850989	856257	-	5269	212	197	164	128	198	18
YPR137C-A	XVI	808947	810269	-	1323	0	0	0	0	0	0
YPR137C-B	XVI	805001	810269	-	5269	11	1	1	4	4	1
YPR158W-B	XVI	844709	849980	+	5272	9	3	11	17	11	0
YPL060C-A	XVI	437333	442742	-	5410	9	0	2	2	6	0
YPR158C-C	XVI	854935	856257	-	1323	0	0	0	0	0	0
YMR172W	XIII	605981	608140	+	2160	348	272	228	232	434	68
YMR027W	XIII	325877	327289	+	1413	857	727	1252	827	1111	159
YML089C	XIII	91041	91409	-	369	0	6	10	5	0	0
YMR290C	XIII	850074	851591	-	1518	744	729	706	569	832	82
YMR139W	XIII	546125	547237	+	1113	344	288	542	332	517	92
YMR191W	XIII	645656	646777	+	1122	185	195	285	201	261	80
YMR244C-A	XIII	758517	758831	-	315	13	8	7	6	14	4
YMR091C	XIII	450058	451365	-	1308	236	218	389	231	325	68
YMR173W-A	XIII	608897	610081	+	1185	579	356	723	339	376	41
YMR180C	XIII	622251	623213	-	963	96	130	185	145	189	25
YML020W	XIII	231149	233143	+	1995	206	161	197	118	214	27
YML088W	XIII	92235	94241	+	2007	194	183	255	175	230	24
YML077W	XIII	111865	112344	+	480	143	113	147	109	191	35
YML125C	XIII	20761	21699	-	939	744	727	1008	560	859	110
YMR318C	XIII	911061	912143	-	1083	1085	945	1764	1027	1389	257
YMR115W	XIII	497704	499209	+	1506	237	144	197	162	230	52
YMR266W	XIII	798518	801379	+	2862	1344	1321	1227	921	1464	200
YML057W	XIII	160180	161994	+	1815	824	644	959	635	966	158
YML055W	XIII	164790	165326	+	537	125	167	193	131	143	22
YMR105C	XIII	475897	477606	-	1710	1100	1011	2740	1327	1775	373
YMR268C	XIII	802888	804222	-	1335	136	99	104	83	135	14
YML133W-B	XIII	827	1309	+	483	0	0	0	0	0	0
YML090W	XIII	90744	91130	+	387	27	42	15	27	55	14
YML101C	XIII	69735	70088	-	354	86	103	189	89	156	19
YMR012W	XIII	291134	294967	+	3834	2422	2001	2411	1704	2743	407
tY(GUA)M2	XIII;XIII	837928;837981	837966;838016	+;+	75	0	0	0	0	0	0
YMR202W	XIII	667537	668205	+	669	1153	1207	1674	644	1018	166
YMR083W	XIII	434788	435915	+	1128	2845	1971	3729	2387	2853	659
snR76	XIII	297725	297833	+	109	4	10	14	14	14	0
YMR017W	XIII	307489	308682	+	1194	11	8	9	12	14	2
YML085C	XIII;XIII	97941;99376	99259;99400	-;-	1344	1560	1265	1972	1221	1784	245
YML013W	XIII	244149	245903	+	1755	448	385	466	332	510	82
YMR224C	XIII	718575	720653	-	2079	128	127	223	129	204	26
YMR059W	XIII	391099	391485	+	387	71	68	83	79	107	15
YMR072W	XIII	411569	412120	+	552	1126	1204	1943	1178	1987	208
YMR304W	XIII	874987	878679	+	3693	1037	812	1236	851	1143	186
YML087C	XIII	94431	95369	-	939	58	55	70	53	39	13
YMR195W	XIII	654034	654417	+	384	1564	1015	1559	2156	2314	367
YMR240C	XIII	749930	751240	-	1311	466	339	419	392	559	54
YMR308C	XIII	888952	892221	-	3270	1250	1041	1161	930	1416	180
YML001W	XIII	267174	267800	+	627	353	345	649	333	520	57
YML114C	XIII	42043	43575	-	1533	592	582	386	452	603	104
YMR319C	XIII	912880	914538	-	1659	826	963	1459	899	1333	174
YML075C	XIII	115734	118898	-	3165	704	701	799	481	704	107
YMR075W	XIII	413982	416036	+	2055	213	187	195	185	249	28
YML129C	XIII	14541	14753	-	213	185	185	257	217	260	35
YML073C	XIII;XIII	123227;124158	123742;124172	-;-	531	1885	1961	3150	1730	2897	363
YMR149W	XIII	560996	561856	+	861	1275	1198	1311	1113	1619	268
YMR233W	XIII	739185	739865	+	681	78	91	196	95	143	19
YMR048W	XIII	366981	367934	+	954	61	41	72	36	66	11
YML030W	XIII	216435	216914	+	480	78	74	131	57	125	28
YMR118C	XIII	502144	502734	-	591	19	40	44	36	52	6
YMR260C	XIII	789378	789839	-	462	852	986	1615	911	1382	167
YMR135W-A	XIII	539911	540444	+	534	5	3	9	1	5	0
tM(CAU)M	XIII	572883	572955	-	73	1	0	4	1	0	0
YML056C	XIII;XIII	162194;163717	163308;164176	-;-	1575	765	813	1072	679	1215	142
YML064C	XIII	145139	145876	-	738	256	244	227	242	314	58
YML132W	XIII	7244	8383	+	1140	106	34	55	61	70	8
YML113W	XIII	44045	44791	+	747	241	216	103	150	210	30
YML058W-A	XIII	158760	158966	+	207	17	26	34	10	9	2
YMR136W	XIII	541199	542881	+	1683	1113	900	705	1092	1803	152
YML091C	XIII	87123	90731	-	3609	447	388	519	437	684	104
YMR199W	XIII	662644	664284	+	1641	829	643	626	724	920	141
YMR286W	XIII	841942	842202	+	261	189	162	207	121	173	43
YMR025W	XIII	323300	324187	+	888	62	66	93	69	91	10
YMR112C	XIII	494100	494495	-	396	97	85	117	55	78	7
YML127W	XIII	17064	18809	+	1746	569	488	594	486	749	168
YML005W	XIII	260221	261609	+	1389	219	167	236	150	236	25
YMR160W	XIII	575066	577516	+	2451	355	287	370	274	424	50
YMR046W-A	XIII	362702	362830	+	129	6	2	6	11	4	1
YMR096W	XIII	458408	459301	+	894	678	432	661	530	786	151
YML133C	XIII;XIII	461;3891	3791;4684	-;-	4125	4	6	6	2	6	2
YMR246W	XIII	759807	761891	+	2085	5324	4444	5580	3602	5498	552
YMR052C-A	XIII	380069	380434	-	366	9	6	11	10	11	1
YMR120C	XIII	507502	509280	-	1779	8383	7251	8871	5337	8382	1022
YMR052W	XIII	379586	380200	+	615	82	62	98	59	94	9
YML100W-A	XIII	70138	70311	+	174	5	0	2	4	4	0
YML049C	XIII	174220	178305	-	4086	349	315	394	230	405	64
YMR065W	XIII	399702	401216	+	1515	88	125	184	64	111	8
YMR098C	XIII	460771	462609	-	1839	294	350	434	287	309	38
YMR302C	XIII	870073	872625	-	2553	664	708	847	637	937	126
YMR075C-A	XIII	415688	416053	-	366	12	3	7	6	15	3
YML060W	XIII	151871	153001	+	1131	58	57	100	45	68	8
YMR080C	XIII	426712	429627	-	2916	855	609	771	659	968	156
YMR156C	XIII	570300	571016	-	717	134	124	134	119	209	12
YMR294W	XIII	856966	858087	+	1122	105	86	118	62	113	14
YMR167W	XIII	594886	597195	+	2310	222	201	282	221	288	43
YMR242W-A	XIII	754297	754386	+	90	0	4	5	5	3	0
YMR079W	XIII;XIII	424989;425154	424997;426059	+;+	915	1074	706	776	746	974	156
YMR275C	XIII	815651	818581	-	2931	481	384	430	403	514	64
YMR100W	XIII	466300	468162	+	1863	463	365	529	373	539	81
YMR030W-A	XIII	337313	337603	+	291	23	14	10	9	13	1
YMR161W	XIII	577718	578392	+	675	321	240	294	232	300	67
YMR183C	XIII	626921	627808	-	888	1375	1147	1402	1050	1354	151
YML021C	XIII	229734	230813	-	1080	296	280	375	282	348	51
YML074C	XIII	120089	121324	-	1236	1748	1478	2167	1256	1824	427
YMR157C	XIII	571277	572044	-	768	200	170	298	199	244	42
YMR110C	XIII	490394	491992	-	1599	918	801	1570	1014	1433	200
YMR097C	XIII	459424	460527	-	1104	149	133	191	117	181	39
YMR111C	XIII	492404	493792	-	1389	178	139	152	132	172	25
YML011C	XIII	246895	247428	-	534	204	161	225	128	182	30
YMR064W	XIII	397903	399459	+	1557	453	410	492	308	529	64
YML082W	XIII	101862	103811	+	1950	270	236	305	194	262	46
YMR300C	XIII	865559	867091	-	1533	1681	1318	1759	1120	1463	234
YMR262W	XIII	793726	794667	+	942	307	299	543	307	438	62
YMR031C	XIII	332212	334743	-	2532	1071	1013	1279	908	1545	245
YMR016C	XIII	303236	305593	-	2358	752	490	561	471	688	95
YMR066W	XIII	401541	404237	+	2697	190	178	197	137	252	28
YMR007W	XIII	279960	280340	+	381	45	58	74	56	74	12
YMR201C	XIII;XIII	665845;667018	666933;667044	-;-	1116	155	96	127	89	126	25
YMR232W	XIII	736926	738959	+	2034	102	94	148	66	82	8
YMR200W	XIII	664752	665522	+	771	630	675	625	659	864	139
YMR297W	XIII	861922	863520	+	1599	4404	3924	5039	4011	5392	810
YML026C	XIII;XIII	222987;223782	223380;223828	-;-	441	2067	2349	3807	2166	3535	531
YML023C	XIII	226994	228664	-	1671	249	226	305	190	313	44
YMR143W	XIII;XIII	551928;552496	551951;552903	+;+	432	2100	2559	3865	2287	3857	426
YMR073C	XIII	412268	412873	-	606	295	257	350	240	338	60
YML069W	XIII	135500	137158	+	1659	598	511	664	456	745	119
YML050W	XIII	173139	174074	+	936	35	41	65	41	82	4
YML099W-A	XIII	74229	74558	+	330	39	24	27	24	34	3
YMR211W	XIII	689083	690510	+	1428	71	112	146	96	132	12
tF(GAA)M	XIII;XIII	352280;352335	352316;352370	+;+	73	0	0	0	3	1	0
YMR283C	XIII	835326	836867	-	1542	76	68	142	77	142	22
snR74	XIII	298138	298225	+	88	2	0	5	0	0	0
RNA170	XIII	667288	667456	-	169	9	7	10	7	6	2
YML078W	XIII	111002	111550	+	549	151	153	313	147	226	19
YMR142C	XIII;XIII	550206;551204	550801;551207	-;-	600	2486	2761	4347	2444	4035	592
YMR203W	XIII	668492	669655	+	1164	665	709	1158	626	985	84
YMR077C	XIII	421484	422149	-	666	62	65	85	69	109	15
YMR245W	XIII	758563	759183	+	621	33	32	43	26	25	12
YMR284W	XIII	838187	839995	+	1809	134	146	210	115	213	20
YMR089C	XIII	445609	448086	-	2478	545	584	756	384	702	94
YMR134W	XIII	537838	538551	+	714	249	254	261	168	268	25
YMR290W-A	XIII	851422	851769	+	348	13	11	10	5	5	1
YMR095C	XIII	457285	457959	-	675	81	64	112	109	153	30
snR83	XIII	626349	626654	+	306	1023	788	2875	799	605	642
snR73	XIII	298307	298412	+	106	0	0	0	0	0	0
tH(GUG)M	XIII	363064	363135	+	72	1	2	1	3	2	0
YMR099C	XIII	463934	464827	-	894	1374	1347	2190	1328	2019	224
YMR132C	XIII	534944	535570	-	627	54	68	94	70	92	7
YML115C	XIII	40187	41794	-	1608	387	390	384	381	500	71
snR11	XIII	652275	652532	+	258	207	124	309	155	212	29
YMR086W	XIII	439208	442090	+	2883	668	550	701	441	926	96
YMR044W	XIII	355384	356811	+	1428	163	131	252	152	206	32
YMR222C	XIII	715638	716309	-	672	324	252	350	270	334	78
YMR272W-A	XIII	810466	810579	+	114	0	0	0	0	0	0
YMR321C	XIII	917579	917896	-	318	12	12	6	17	37	0
YML131W	XIII	10198	11295	+	1098	269	195	433	233	353	80
YML038C	XIII	202775	204103	-	1329	395	374	510	299	465	65
YML122C	XIII	26038	26418	-	381	47	30	51	25	31	6
YMR036C	XIII	341856	343520	-	1665	242	204	283	172	303	40
YML012W	XIII	246116	246751	+	636	433	458	785	410	710	71
YML100W	XIII	70624	73920	+	3297	2019	1598	2609	2769	3742	584
YMR312W	XIII	898405	899226	+	822	156	169	187	155	209	28
YML112W	XIII	45063	45953	+	891	259	214	196	210	213	49
YML099C	XIII	74398	77040	-	2643	250	249	253	186	287	44
YML123C	XIII	24037	25800	-	1764	740	703	814	517	863	97
tV(AAC)M3	XIII	586636	586709	-	74	0	0	0	0	0	0
YMR141C	XIII	549736	550044	-	309	106	83	104	83	122	12
YMR324C	XIII	922202	922444	-	243	0	0	0	0	1	0
YMR207C	XIII	677193	683564	-	6372	285	244	299	208	320	50
YMR236W	XIII	742971	743444	+	474	263	184	291	157	320	27
YML034C-A	XIII	209428	209826	-	399	0	0	0	1	0	0
YMR204C	XIII	670063	671325	-	1263	223	223	227	180	263	46
YMR011W	XIII	288079	289704	+	1626	491	337	311	704	1084	125
YML008C	XIII	251839	252990	-	1152	2886	2862	3881	1511	2416	340
YMR109W	XIII	486587	490246	+	3660	1179	939	1249	943	1534	197
YMR004W	XIII	274017	275552	+	1536	608	481	545	374	633	81
YMR158C-A	XIII	573194	573331	-	138	35	15	15	20	15	3
YMR216C	XIII	698811	701039	-	2229	668	551	669	542	783	121
YMR159C	XIII	574476	574928	-	453	0	0	0	0	0	0
YMR307C-A	XIII	887731	887925	-	195	0	0	0	0	0	0
YMR272C	XIII	809623	810777	-	1155	2085	1894	2712	2435	2883	520
YMR106C	XIII	478301	480190	-	1890	88	75	111	62	129	6
YML092C	XIII	85987	86739	-	753	1244	1005	1893	929	1446	226
tV(AAC)M2	XIII	420588	420661	-	74	5	6	10	8	7	0
YML104C	XIII	58939	62322	-	3384	352	264	326	246	413	36
YML058W	XIII	159383	159697	+	315	1298	1478	1988	1270	1674	230
tW(CCA)M	XIII;XIII	379303;379373	379338;379408	-;-	72	0	0	0	0	0	0
YMR148W	XIII	560366	560812	+	447	280	246	312	295	402	40
YMR168C	XIII	597332	599158	-	1827	200	179	264	161	242	42
YML063W	XIII	146482	147249	+	768	8943	10163	13063	9357	15105	1624
YMR008C	XIII	280590	282584	-	1995	1756	1498	1775	1418	2263	344
YMR294W-A	XIII	858209	858568	+	360	30	25	13	16	38	1
YMR177W	XIII	616566	618098	+	1533	126	105	151	89	125	26
YMR213W	XIII	693381	695153	+	1773	263	192	220	200	308	60
YMR192W	XIII	647118	649280	+	2163	288	192	284	208	286	52
YMR326C	XIII	923494	923802	-	309	0	0	0	0	0	0
YMR014W	XIII	298868	300427	+	1560	202	144	200	128	191	14
YMR020W	XIII	315377	316903	+	1527	376	314	473	320	471	61
snR86	XIII	762110	763113	-	1004	189	159	540	278	272	94
YMR208W	XIII	684467	685798	+	1332	791	540	940	584	732	136
YML098W	XIII	77267	77770	+	504	198	199	212	182	236	37
YMR133W	XIII;XIII	536207;537565	537448;537609	+;+	1287	60	103	155	118	173	19
YML028W	XIII	220138	220728	+	591	4301	4420	7062	4008	5700	819
YMR285C	XIII	840144	841691	-	1548	337	362	365	285	408	60
YMR040W	XIII	350381	350863	+	483	33	30	73	28	65	6
YMR094W	XIII	455825	457261	+	1437	54	46	36	32	33	1
YMR189W	XIII	637500	640604	+	3105	4486	3239	4011	1702	3092	380
YML128C	XIII	15135	16676	-	1542	1036	1196	2358	1490	1765	366
YML022W	XIII	228937	229500	+	564	286	415	686	383	630	45
YMR299C	XIII	864412	865350	-	939	216	200	238	155	234	38
YMR227C	XIII	722613	724385	-	1773	341	236	276	190	279	45
YMR119W	XIII	505333	507207	+	1875	470	508	650	436	673	106
YMR255W	XIII	778001	778567	+	567	452	351	477	319	501	70
YMR024W	XIII	321875	323047	+	1173	285	253	295	228	300	44
YML054C	XIII	165533	167308	-	1776	86	74	104	78	152	16
YMR317W	XIII	907364	910786	+	3423	244	292	272	92	150	25
YMR084W	XIII	436628	437416	+	789	46	60	58	36	73	8
YMR274C	XIII	814364	815311	-	948	52	87	102	74	112	12
YMR215W	XIII	696796	698370	+	1575	543	641	604	654	895	152
YMR277W	XIII	820256	822454	+	2199	440	409	509	407	640	100
YMR033W	XIII;XIII	337788;337904	337817;339277	+;+	1404	415	334	551	390	498	66
YML094C-A	XIII	82219	82620	-	402	0	0	2	0	0	0
YML041C	XIII	194913	195755	-	843	86	100	134	103	123	16
YMR305C	XIII	879063	880232	-	1170	2953	2786	3001	2517	3466	539
YMR315W-A	XIII	904286	904393	+	108	3	4	8	5	3	0
YMR237W	XIII	743749	745923	+	2175	524	434	674	470	667	117
YML095C	XIII	81481	82113	-	633	55	47	59	53	74	13
YMR018W	XIII	310208	311752	+	1545	11	18	23	18	23	2
YMR163C	XIII	584271	586388	-	2118	106	61	98	68	148	16
YML027W	XIII	221406	222563	+	1158	438	406	339	286	415	55
ZOD1	XIII	91970	92027	+	58	0	0	0	0	0	0
tD(GUC)M	XIII	463554	463625	+	72	0	0	2	4	5	0
YMR162C	XIII	578951	583921	-	4971	294	218	335	265	406	49
YMR158W	XIII	572248	572715	+	468	123	114	127	108	139	33
YMR210W	XIII	687516	688865	+	1350	370	298	511	370	394	84
YMR316C-A	XIII	905662	905973	-	312	4	1	5	2	7	0
YMR241W	XIII	751961	752905	+	945	689	756	1199	825	1202	196
YMR205C	XIII	671887	674766	-	2880	3567	2593	3840	3218	4249	806
YMR235C	XIII	741512	742735	-	1224	898	805	1563	753	1129	148
YMR047C	XIII	363364	366705	-	3342	688	585	740	523	828	142
YMR259C	XIII	784621	788883	-	4263	301	322	360	231	389	26
YMR175W-A	XIII	611314	611508	+	195	3	2	3	2	2	0
YMR281W	XIII	832339	833253	+	915	402	412	465	328	461	54
YMR261C	XIII	790205	793369	-	3165	840	795	1214	926	1305	221
YMR026C	XIII	324236	325435	-	1200	239	198	298	189	339	43
YML010W	XIII	247677	250868	+	3192	732	566	752	493	861	173
YMR150C	XIII	561956	562528	-	573	54	64	103	47	104	15
YMR067C	XIII	404323	405573	-	1251	556	412	477	301	539	50
YMR179W	XIII	619858	622134	+	2277	240	174	184	144	234	46
YMR126C	XIII	520761	521789	-	1029	275	197	291	224	257	46
YML032C	XIII	212515	213930	-	1416	557	449	520	387	541	66
YML018C	XIII	234771	235952	-	1182	1042	844	1129	397	521	96
YML081W	XIII	104777	108532	+	3756	528	490	660	453	767	94
YMR003W	XIII	273118	273714	+	597	148	123	179	138	166	18
YMR221C	XIII	713931	715445	-	1515	440	486	604	337	657	84
YMR257C	XIII	779629	782031	-	2403	128	111	163	133	244	27
YML068W	XIII	137550	138944	+	1395	110	108	154	117	210	21
YMR117C	XIII	501250	501891	-	642	43	44	66	36	64	6
YMR060C	XIII	391532	392515	-	984	148	139	267	140	285	34
YMR144W	XIII	553362	554390	+	1029	175	168	175	129	169	46
YMR068W	XIII	406304	407584	+	1281	96	76	96	73	108	22
YML097C	XIII	78335	79690	-	1356	148	140	226	116	174	26
YMR182C	XIII	624532	625167	-	636	127	85	129	130	161	50
YMR295C	XIII	858297	858890	-	594	622	585	835	577	867	157
YMR181C	XIII	623616	624080	-	465	789	705	733	821	1003	110
YML080W	XIII	108806	110077	+	1272	83	100	104	62	95	8
YMR194C-B	XIII;XIII	652594;652848	652775;652887	-;-	222	45	65	71	81	95	16
YMR140W	XIII	547714	549183	+	1470	308	317	411	225	488	41
YMR058W	XIII	388822	390732	+	1911	611	638	708	599	1084	180
YMR076C	XIII	416196	420029	-	3834	158	146	206	150	289	28
YMR239C	XIII	748262	749677	-	1416	117	134	158	53	149	20
tG(GCC)M	XIII	183898	183968	-	71	1	0	0	0	2	0
YMR242C	XIII	753225	753742	-	518	4887	5040	6853	4880	7511	841
YMR306C-A	XIII	886183	886572	-	390	0	0	1	3	1	0
YMR193C-A	XIII	651072	651458	-	387	193	185	140	167	238	12
YMR114C	XIII	496343	497449	-	1107	212	151	234	168	221	24
YMR009W	XIII	284102	284641	+	540	325	263	399	216	290	66
YMR088C	XIII	443414	445102	-	1689	347	412	562	274	514	84
YMR253C	XIII	775946	777190	-	1245	203	214	236	180	264	40
YMR103C	XIII	472902	473264	-	363	73	63	122	97	105	18
YMR254C	XIII	777615	777923	-	309	12	7	6	6	10	0
YMR303C	XIII	873291	874337	-	1047	74	103	127	74	71	2
YMR316W	XIII	904825	905835	+	1011	125	121	148	91	188	25
YML017W	XIII;XIII	236588;236954	236591;238731	+;+	1782	762	577	493	508	774	155
YMR104C	XIII	473420	475453	-	2034	220	177	246	219	340	50
YMR309C	XIII	892988	895426	-	2439	1152	1060	1237	977	1366	161
YML133W-A	XIII	1610	2185	+	576	0	0	0	0	0	0
YMR155W	XIII	568551	570194	+	1644	275	258	317	203	367	52
YMR313C	XIII	899379	901307	-	1929	401	357	447	321	496	68
YMR028W	XIII	327482	328582	+	1101	120	125	148	132	161	33
snR72	XIII	298554	298651	+	98	2	4	6	4	4	2
YMR154C	XIII	565999	568182	-	2184	134	119	145	93	163	22
tY(GUA)M1	XIII;XIII	168795;168848	168833;168883	+;+	75	3	1	0	0	0	0
snR75	XIII	297918	298006	+	89	8	1	6	5	7	0
YML096W	XIII	79909	81486	+	1578	184	158	182	115	185	22
YML016C	XIII	239458	241536	-	2079	408	361	416	316	494	72
YML006C	XIII	256092	258416	-	2325	496	381	471	315	495	78
YMR178W	XIII	618479	619303	+	825	582	539	935	491	746	108
YML109W	XIII	51640	54468	+	2829	130	138	208	104	194	20
YML015C	XIII	241989	243029	-	1041	265	231	222	201	324	41
YMR197C	XIII	658545	659198	-	654	145	171	247	194	225	27
YML014W	XIII	243225	244064	+	840	252	199	187	143	188	41
YML106W	XIII	56773	57453	+	681	1661	1633	2290	1570	2338	322
YML025C	XIII;XIII	224406;225339	225239;225365	-;-	861	483	323	420	327	428	82
tS(AGA)M	XIII	259158	259239	-	82	0	1	0	0	0	0
YMR172C-A	XIII	607828	608211	-	384	14	3	1	2	5	1
YMR193W	XIII	650036	650812	+	777	188	201	207	173	248	21
YML052W	XIII	170402	171310	+	909	1256	1229	1372	1131	1312	192
YML079W	XIII	110247	110852	+	606	443	339	560	325	464	66
YML101C-A	XIII	69409	69726	-	318	0	0	0	0	0	0
YML047C	XIII	180017	181075	-	1059	4	4	7	5	3	0
YMR174C	XIII	610159	610365	-	207	63	52	95	57	60	15
YMR218C	XIII	703579	706887	-	3309	284	255	312	206	363	39
YMR315W	XIII	902800	903849	+	1050	2020	1525	2724	2241	3020	358
YMR001C	XIII	269019	271136	-	2118	802	686	865	525	856	109
tV(AAC)M1	XIII	372445	372518	-	74	0	0	0	0	0	0
tE(UUC)M	XIII	290801	290872	+	72	0	0	0	0	0	0
YML121W	XIII	26930	27862	+	933	169	171	329	183	215	34
YMR085W	XIII	437491	438789	+	1299	97	72	110	92	86	22
YMR105W-A	XIII	478064	478258	+	195	13	15	18	14	20	1
YMR122C	XIII	510701	511075	-	375	47	31	45	29	54	18
snR78	XIII	297278	297364	+	87	0	11	4	3	3	3
YMR217W	XIII	701790	703367	+	1578	3553	2798	3248	2470	3463	530
tA(AGC)M2	XIII	768369	768441	-	73	0	0	0	2	0	1
YMR298W	XIII	863819	864271	+	453	181	135	276	145	263	33
YMR057C	XIII	388359	388730	-	372	6	4	14	12	9	0
YML042W	XIII	192788	194800	+	2013	175	106	188	155	178	20
YMR320W	XIII	916746	917051	+	306	84	119	121	105	134	20
YMR287C	XIII	842436	845345	-	2910	165	178	204	165	267	25
YMR289W	XIII	848685	849809	+	1125	173	213	264	185	306	26
YML048W	XIII	178426	179637	+	1212	1123	943	1445	1002	1432	268
YMR250W	XIII	770801	772558	+	1758	1785	1210	2468	1661	2191	349
YMR230W-A	XIII	733268	733456	+	189	7	6	7	3	15	0
YMR124W	XIII	514456	517287	+	2832	504	399	514	392	535	104
YMR311C	XIII	896914	897603	-	690	1182	983	1284	1129	1399	298
snR77	XIII	297506	297593	+	88	8	9	4	8	8	0
YMR322C	XIII	918366	919079	-	714	0	4	1	0	2	0
YML119W	XIII	30611	31684	+	1074	526	424	391	317	466	51
YML043C	XIII	190244	191767	-	1524	183	150	164	104	170	8
YML046W	XIII	181474	183363	+	1890	278	220	315	177	278	30
YML004C	XIII	261705	262685	-	981	756	795	1460	836	1256	153
YMR071C	XIII	410762	411265	-	504	388	298	454	296	473	94
YMR229C	XIII	725934	731123	-	5190	569	617	693	452	659	55
YMR063W	XIII	397077	397796	+	720	80	101	57	63	70	16
YMR301C	XIII	867555	869627	-	2073	619	700	700	396	600	72
YMR276W	XIII	818827	819948	+	1122	1558	1323	1769	1267	1527	318
YMR002W	XIII	272193	272663	+	471	1741	1369	1463	1504	1665	463
YML081C-A	XIII	103983	104162	-	180	304	282	593	356	407	60
YML019W	XIII	233457	234455	+	999	323	303	305	222	412	36
YMR176W	XIII	611740	615975	+	4236	328	272	485	299	451	42
YMR158W-B	XIII	574471	574791	+	321	0	0	0	0	0	0
YML108W	XIII	54793	55110	+	318	45	46	59	16	48	3
YMR198W	XIII	659745	661529	+	1785	107	104	183	92	162	20
YML094W	XIII;XIII	82275;82374	82290;82849	+;+	492	152	114	181	159	170	30
YMR006C	XIII	277561	279681	-	2121	932	779	1134	708	1096	160
YML003W	XIII	263483	264355	+	873	27	54	52	35	53	4
YML057C-A	XIII	160023	160412	-	390	4	8	2	2	3	0
YML009C-A	XIII	250675	251001	-	327	3	3	1	4	3	1
tQ(CUG)M	XIII	808246	808317	-	72	0	0	0	0	0	0
YML093W	XIII	83090	85789	+	2700	409	318	339	218	425	72
YMR116C	XIII;XIII	499456;500152	499878;500688	-;-	960	3063	3192	5644	3323	4623	832
YMR196W	XIII	655076	658342	+	3267	561	502	820	660	813	144
YML053C	XIII	169116	169754	-	639	442	368	316	331	488	92
YMR151W	XIII	562506	562943	+	438	6	15	28	16	23	10
YML009C	XIII	251304	251516	-	213	111	73	165	92	167	30
YMR070W	XIII	409154	410626	+	1473	832	570	417	671	936	182
YMR219W	XIII	707133	712109	+	4977	878	707	690	544	882	140
YML037C	XIII	204386	205408	-	1023	90	62	56	42	62	12
YMR280C	XIII	827028	831329	-	4302	88	72	123	82	97	10
YMR170C	XIII	601562	603082	-	1521	183	140	270	177	205	51
YMR123W	XIII	513593	513961	+	369	286	246	321	244	302	89
YML012C-A	XIII	245537	245914	-	378	3	5	5	6	6	0
YMR019W	XIII	312156	315005	+	2850	714	460	526	369	593	78
YMR206W	XIII	675896	676837	+	942	62	39	57	52	50	14
YMR165C	XIII	590040	592628	-	2589	593	382	472	426	564	80
YMR010W	XIII	285100	286317	+	1218	339	278	304	234	337	66
YMR184W	XIII	628189	628785	+	597	230	212	292	136	204	36
YML126C	XIII	19060	20535	-	1476	1388	1343	2098	936	1467	217
YMR244W	XIII	757250	758317	+	1068	16	9	18	2	19	4
YMR279C	XIII	824729	826351	-	1623	278	154	201	222	258	39
YMR316C-B	XIII	907321	907629	-	309	3	1	1	4	1	0
YMR107W	XIII	483014	483361	+	348	4	3	2	1	8	0
YML054C-A	XIII	167623	167781	-	159	3	7	15	10	7	3
YMR043W	XIII	353871	354731	+	861	1555	1113	655	1208	1528	325
tA(AGC)M1	XIII	321147	321219	-	73	0	0	0	0	0	0
YMR270C	XIII	805326	806423	-	1098	290	279	290	273	357	50
YMR175W	XIII	611016	611255	+	240	18	8	15	11	6	4
YML009W-B	XIII	250435	250911	+	477	0	0	0	0	0	0
YMR035W	XIII	341142	341675	+	534	110	97	202	100	152	20
YMR108W	XIII	484084	486147	+	2064	1324	1092	1232	892	1232	180
YML002W	XIII	264541	266754	+	2214	281	313	379	237	365	51
YML111W	XIII	46942	49704	+	2763	415	459	543	398	607	84
YMR278W	XIII	822763	824631	+	1869	356	327	452	317	476	61
YMR185W	XIII	629025	631970	+	2946	170	159	222	70	153	12
YMR304C-A	XIII	878780	879130	-	351	138	101	162	87	154	6
YML084W	XIII	99489	99797	+	309	1	0	2	0	0	0
YMR258C	XIII	782620	784281	-	1662	298	272	398	293	402	76
YMR023C	XIII	319437	321017	-	1581	108	88	127	95	98	4
YMR291W	XIII	852630	854390	+	1761	927	558	851	824	1187	126
YMR041C	XIII	350966	351973	-	1008	142	131	204	112	189	24
YMR029C	XIII	328660	330231	-	1572	196	194	288	200	340	45
YMR092C	XIII	451632	453479	-	1848	550	557	686	572	809	138
YMR138W	XIII	545155	545730	+	576	94	100	152	69	136	30
YMR122W-A	XIII	511315	511569	+	255	740	760	1553	761	975	176
YMR053C	XIII	380346	382898	-	2553	196	133	225	153	221	42
YMR220W	XIII	712316	713671	+	1356	613	588	876	536	646	134
YMR087W	XIII	442527	443381	+	855	92	106	188	112	165	16
YML031W	XIII	214189	216156	+	1968	519	505	610	404	539	67
YML118W	XIII	32334	33851	+	1518	64	66	86	52	65	8
YML120C	XIII	28266	29807	-	1542	652	550	972	736	1053	143
YMR078C	XIII	422503	424728	-	2226	209	183	263	152	220	40
tL(CAA)M	XIII;XIII	504895;504965	504932;505008	+;+	82	0	0	0	0	0	0
YMR042W	XIII	352603	353136	+	534	195	171	200	179	208	30
YMR251W	XIII	772915	774015	+	1101	43	72	71	58	64	11
YMR223W	XIII	716715	718130	+	1416	59	103	97	68	140	17
YML007C-A	XIII	253162	253272	-	111	0	5	7	5	4	2
YMR256C	XIII	778945	779127	-	183	207	263	320	257	394	75
YMR214W	XIII	695350	696483	+	1134	335	326	423	246	334	65
tP(UGG)M	XIII;XIII	196068;196135	196103;196170	-;-	72	6	3	5	0	2	0
YMR055C	XIII	386101	387021	-	921	66	90	110	64	107	18
YML117W	XIII	34243	37647	+	3405	1214	985	1357	870	1210	215
YMR271C	XIII	806865	807548	-	684	167	167	305	126	167	17
snR24	XIII	499984	500072	-	89	0	5	7	6	7	0
YMR226C	XIII	721593	722396	-	804	2168	1856	2947	1543	2119	393
YML110C	XIII	50031	50954	-	924	570	565	1154	559	844	79
YML047W-A	XIII	179893	180258	+	366	2	1	0	0	0	0
YML007W	XIII	253848	255800	+	1953	820	721	1008	683	988	138
YMR190C	XIII	640915	645258	-	4344	228	193	253	180	286	44
YMR225C	XIII;XIII	720960;721346	721198;721403	-;-	297	127	101	150	97	192	17
YMR264W	XIII	795805	796416	+	612	406	362	564	346	471	65
YMR037C	XIII	344403	346517	-	2115	820	702	573	466	877	119
YML024W	XIII;XIII	225889;226290	225891;226697	+;+	411	2927	3206	5536	3299	4879	974
YML083C	XIII	99794	101050	-	1257	43	30	39	18	31	1
YMR182W-A	XIII	625811	625897	+	87	47	44	29	53	47	2
YMR030W	XIII	330793	331923	+	1131	116	134	176	125	187	18
YMR187C	XIII	634689	635984	-	1296	80	106	121	58	111	10
YMR238W	XIII	746353	747729	+	1377	400	419	733	333	544	88
YML061C	XIII	148953	151532	-	2580	321	288	386	228	348	62
YMR130W	XIII	532119	533027	+	909	349	340	376	295	429	68
YMR005W	XIII	276045	277211	+	1167	538	443	451	367	618	74
YMR054W	XIII	383303	385975	+	2673	511	476	611	537	674	92
YMR209C	XIII	685911	687284	-	1374	245	283	322	208	330	52
YML102W	XIII	68294	69700	+	1407	146	140	202	115	201	37
YMR194W	XIII;XIII	651145;651624	651160;651910	+;+	303	746	769	1081	635	1199	133
YMR252C	XIII	775315	775719	-	405	279	267	331	327	311	46
YMR164C	XIII	587274	589550	-	2277	328	260	150	257	398	66
YMR074C	XIII	413036	413473	-	438	202	180	324	206	305	56
YML065W	XIII	142210	144954	+	2745	258	188	243	155	236	30
YMR243C	XIII	754838	756166	-	1329	1039	1211	1658	1060	1448	240
snR85	XIII	67768	67938	-	171	17	24	31	27	20	10
YMR145C	XIII	554793	556475	-	1683	920	809	1433	1381	2305	278
YML071C	XIII	129749	131572	-	1824	354	270	342	263	446	60
YMR015C	XIII	300869	302485	-	1617	1078	1147	1587	495	720	81
YML070W	XIII	133475	135229	+	1755	722	646	1003	682	906	156
YMR125W	XIII;XIII	517539;517886	517563;520446	+;+	2586	565	537	860	494	757	81
YMR325W	XIII	922641	923015	+	375	0	0	0	0	0	0
YMR141W-A	XIII	550911	551135	+	225	6	14	8	5	18	0
YML072C	XIII	124730	129367	-	4638	1609	1510	2102	1423	2061	294
YML105C	XIII	57866	58687	-	822	799	683	973	664	860	198
YMR119W-A	XIII	506996	507370	+	375	309	153	162	116	220	23
YMR069W	XIII	407709	408566	+	858	14	13	12	4	2	0
YMR293C	XIII	855399	856793	-	1395	139	86	182	137	175	34
YML124C	XIII;XIII	22048;23659	23360;23683	-;-	1338	669	639	1078	548	874	147
YMR090W	XIII	449245	449928	+	684	190	120	321	219	239	27
YML029W	XIII	217362	219878	+	2517	342	346	451	359	465	97
YMR171C	XIII	603868	605520	-	1653	769	715	893	761	1040	153
YMR102C	XIII	469848	472352	-	2505	246	211	252	240	428	57
YMR188C	XIII	636291	637004	-	714	144	166	271	163	225	35
YMR269W	XIII	804456	805091	+	636	44	50	60	36	58	18
YMR128W	XIII	523696	527499	+	3804	307	290	309	184	365	24
YMR039C	XIII	348644	349522	-	879	557	443	638	521	667	122
YMR230W	XIII;XIII	732414;732876	732465;733141	+;+	318	2820	3319	4227	2760	4655	511
YMR267W	XIII	801772	802704	+	933	145	177	285	151	263	31
YMR247C	XIII	763351	768039	-	4689	467	424	589	369	593	84
YMR152W	XIII	563096	564193	+	1098	739	544	749	492	808	143
YMR251W-A	XIII	774752	774931	+	180	3813	3472	6836	4855	4673	1380
YMR146C	XIII	557481	558524	-	1044	2784	2144	2646	2231	3093	445
YMR228W	XIII	724626	725651	+	1026	67	64	114	82	98	25
YMR032W	XIII	335298	337307	+	2010	302	274	352	198	370	46
YMR013C-A	XIII	296471	296620	-	150	0	0	0	0	0	0
YMR001C-A	XIII	271347	271577	-	231	1	6	5	0	5	0
YMR031W-A	XIII	334709	335035	+	327	1	0	0	0	2	0
YMR153W	XIII	564435	565862	+	1428	295	236	333	219	338	47
YMR056C	XIII	387315	388244	-	930	21	41	55	56	63	12
YMR282C	XIII	833356	835098	-	1743	87	115	177	82	107	12
YMR234W	XIII	740266	741312	+	1047	157	130	269	142	210	38
YMR323W	XIII	920088	921401	+	1314	0	6	0	0	2	0
YMR062C	XIII	395054	396379	-	1326	1220	1082	1735	930	1295	197
YMR247W-A	XIII	769283	769426	+	144	5	4	5	5	6	0
YMR038C	XIII	347511	348260	-	750	1056	983	1510	906	1231	210
YMR049C	XIII	368094	370517	-	2424	458	375	461	314	397	28
YMR272W-B	XIII	811089	811196	+	108	4	1	2	2	0	0
YMR147W	XIII	559199	559870	+	672	38	81	67	58	78	12
YML067C	XIII;XIII	139063;140184	140090;140214	-;-	1059	390	327	498	318	507	81
tK(CUU)M	XIII	480621	480693	-	73	0	2	5	4	1	0
tR(UCU)M1	XIII	747892	747963	-	72	0	0	0	3	2	0
YML107C	XIII	55265	56269	-	1005	128	129	153	99	173	14
snR54	XIII	163535	163620	-	86	1	7	5	4	8	0
YMR231W	XIII	733545	736634	+	3090	467	336	527	341	475	67
YMR081C	XIII	430079	431095	-	1017	220	192	205	531	570	72
YML051W	XIII	171594	172901	+	1308	601	517	659	474	690	114
YMR314W	XIII	901709	902413	+	705	427	423	608	380	623	88
YMR113W	XIII	494999	496282	+	1284	141	116	160	108	156	31
YML031C-A	XIII	214086	214421	-	336	0	0	0	0	0	0
YMR263W	XIII	794919	795524	+	606	496	358	234	436	529	113
YML034W	XIII;XIII	209525;211571	211444;212155	+;+	2505	303	359	455	307	425	42
YMR131C	XIII	533163	534698	-	1536	735	716	807	475	792	88
YMR310C	XIII	895716	896669	-	954	329	217	190	192	276	28
YMR034C	XIII	339418	340722	-	1305	59	36	79	29	49	13
YML103C	XIII	62582	67549	-	4968	755	672	938	670	914	113
YMR306W	XIII	881159	886516	+	5358	120	81	160	80	133	22
YMR169C	XIII	599352	600872	-	1521	281	259	462	299	334	75
YMR186W	XIII	632355	634472	+	2118	3094	2769	4953	2817	4039	674
YML059C	XIII	153219	158258	-	5040	418	325	367	274	496	80
YML086C	XIII	95791	97371	-	1581	466	457	597	422	640	94
YMR013C	XIII	295179	296738	-	1560	87	94	137	109	139	26
YMR127C	XIII	522329	523345	-	1017	76	70	128	87	119	8
YMR153C-A	XIII	565574	565909	-	336	25	10	17	8	13	4
YMR212C	XIII	690695	693043	-	2349	300	267	552	282	382	43
YMR296C	XIII	859215	860891	-	1677	2491	1880	2119	1651	2242	369
YMR101C	XIII	468445	469476	-	1032	6	4	6	2	9	0
YMR166C	XIII	593367	594473	-	1107	177	137	192	172	208	19
YMR061W	XIII	392755	394788	+	2034	363	333	519	360	477	59
YMR288W	XIII	845571	848486	+	2916	196	198	244	162	224	40
YMR265C	XIII	796540	797925	-	1386	394	372	337	338	364	77
YML116W	XIII	38196	39824	+	1629	278	273	310	125	273	39
YML130C	XIII	11483	13174	-	1692	354	378	416	294	419	62
YMR273C	XIII	811233	813980	-	2748	589	462	371	475	671	65
YMR292W	XIII;XIII	854795;854899	854816;855293	+;+	417	258	279	373	293	478	28
YMR137C	XIII	542978	544963	-	1986	102	90	155	120	124	24
YMR013W-A	XIII	298311	298391	+	81	0	0	0	0	0	0
YML076C	XIII	112513	115347	-	2835	575	468	457	471	685	114
YMR082C	XIII	431769	432125	-	357	1	0	1	4	4	0
tR(UCU)M2	XIII	131825	131896	-	72	0	0	1	0	0	0
YMR022W	XIII	318680	319177	+	498	652	493	717	536	701	90
YML062C	XIII	147505	148683	-	1179	343	242	461	256	380	83
YMR086C-A	XIII	442026	442364	-	339	57	30	46	42	57	10
YML035C	XIII	206428	208860	-	2433	500	400	544	389	565	101
YMR173W	XIII	608689	609981	+	1293	765	605	525	530	707	120
YMR194C-A	XIII	652912	653136	-	225	8	4	9	7	8	2
YMR093W	XIII	454015	455556	+	1542	414	305	342	215	310	44
YML036W	XIII;XIII	205642;206204	206097;206293	+;+	546	238	200	248	232	223	23
YMR307W	XIII	887003	888682	+	1680	6085	6928	9315	6354	9719	1316
YML116W-A	XIII	37472	37774	+	303	91	66	124	51	73	10
YMR021C	XIII	317165	318418	-	1254	247	224	282	212	283	24
YMR135C	XIII	538689	540056	-	1368	406	260	506	385	679	69
YMR121C	XIII	509734	510348	-	615	316	234	484	304	296	56
YMR129W	XIII	527804	531817	+	4014	763	614	808	521	761	116
YML066C	XIII	140424	141533	-	1110	57	45	68	54	63	6
YMR045C	XIII	357359	362627	-	5269	323	303	300	223	500	64
YMR050C	XIII	373057	378325	-	5269	21	18	10	14	15	0
YML045W	XIII	184461	189729	+	5269	1	0	2	1	9	0
YML040W	XIII	196628	197950	+	1323	0	0	0	0	0	0
YML045W-A	XIII	184461	185783	+	1323	0	0	0	0	0	0
YMR046C	XIII	361305	362627	-	1323	0	0	0	0	0	0
YMR051C	XIII	377003	378325	-	1323	0	0	0	0	0	0
YML039W	XIII	196628	201896	+	5269	0	0	2	0	2	0
YBR225W	II	670627	673329	+	2703	309	236	230	228	338	29
YBR182C-A	II	595361	595555	-	195	3	4	12	4	9	0
YBL055C	II	115573	116829	-	1257	221	266	333	138	308	39
YBR293W	II	787006	788430	+	1425	227	237	252	170	309	32
YBR223W-A	II	668721	668840	+	120	0	0	0	0	0	0
YBR115C	II	469748	473926	-	4179	3026	2802	3619	3285	5707	644
YBR031W	II	300166	301254	+	1089	7702	7105	10588	7258	9422	1470
YBL108C-A	II	7605	7733	-	129	0	1	1	1	3	0
YBR116C	II	474199	474726	-	528	1	0	1	0	1	2
YBR241C	II	702589	704055	-	1467	559	326	505	552	534	129
YBR182C	II	593506	594864	-	1359	39	53	76	46	75	20
YBR134W	II	504243	504644	+	402	1	0	0	1	0	1
YBL037W	II	147209	150286	+	3078	294	249	293	226	424	58
YBR019C	II	276253	278352	-	2100	60	31	47	57	74	10
YBR022W	II	283738	284271	+	534	166	140	204	121	172	17
YBR121C-A	II	482326	482484	-	159	0	0	0	0	0	0
YBR119W	II;II	479338;479435	479345;480323	+;+	897	183	183	264	208	250	34
YBL022C	II	177874	181275	-	3402	852	820	1226	668	975	160
snR161	II	307185	307345	-	161	4	4	5	4	5	0
YBR243C	II	705447	706793	-	1347	363	341	441	310	486	68
YBR234C	II	685438	686592	-	1155	1779	1373	1645	1486	1885	344
YBR179C	II	586547	589114	-	2568	331	314	387	284	421	48
YBR247C	II	713004	714455	-	1452	200	208	205	120	211	14
YBR124W	II	486507	486866	+	360	0	0	1	0	0	0
YBL086C	II	61202	62602	-	1401	432	359	504	520	640	131
YBL065W	II	99963	100307	+	345	0	1	1	0	3	0
YBR227C	II	673572	675134	-	1563	348	320	412	270	438	70
YBR218C	II	658707	662249	-	3543	3599	2985	4719	2853	4201	713
YBR244W	II	707528	708016	+	489	72	78	128	60	90	8
YBR160W	II	560078	560974	+	897	333	270	429	290	366	66
YBL080C	II	73070	74695	-	1626	135	113	192	126	217	14
YBR083W	II	409169	410629	+	1461	871	766	729	484	743	125
YBR294W	II	789235	791814	+	2580	337	222	328	196	205	20
tI(AAU)B	II	197494	197567	+	74	0	0	2	0	0	0
YBR091C	II	427155	427484	-	330	63	74	110	56	89	10
YBR284W	II	771239	773632	+	2394	43	42	74	38	55	14
YBR158W	II	556549	558198	+	1650	2205	2226	2530	1619	2668	228
YBR111W-A	II;II;II	462139;462290;462500	462209;462429;462579	+;+;+	291	126	112	199	126	220	23
YBL071C	II	90223	90531	-	309	68	47	50	37	35	8
YBR126W-B	II	490927	491070	+	144	12	2	8	2	12	1
YBR229C	II	676357	679221	-	2865	427	405	529	399	606	90
YBR042C	II	320416	321609	-	1194	182	191	233	169	222	26
YBR150C	II	541209	544493	-	3285	224	225	340	246	365	47
YBR298C	II	802631	804475	-	1845	101	66	193	143	171	18
YBR143C	II	530869	532182	-	1314	1614	1444	2470	1411	2214	279
YBR014C	II	266725	267336	-	612	247	326	421	220	379	56
tS(AGA)B	II	227075	227156	+	82	0	0	0	2	1	0
YBR259W	II	730387	732453	+	2067	153	111	140	99	138	29
YBR060C	II	360652	362514	-	1863	396	323	391	320	494	74
YBR180W	II	589741	591459	+	1719	16	18	12	8	30	0
YBL034C	II	153848	158389	-	4542	179	129	216	154	233	17
YBR212W	II	647886	649904	+	2019	830	745	694	708	948	184
YBR071W	II	380411	381046	+	636	182	172	264	170	292	30
YBL074C	II	86722	87789	-	1068	41	19	41	34	32	7
YBL107C	II	9961	10551	-	591	124	84	142	100	150	19
YBR097W	II	436951	441315	+	4365	141	145	201	122	209	21
YBR136W	II	505668	512774	+	7107	217	163	222	163	277	27
YBR039W	II	315575	316510	+	936	2277	1801	2804	2127	2428	357
YBL089W	II	49574	50953	+	1380	250	231	256	198	288	43
YBL067C	II	93639	95882	-	2244	438	342	443	268	493	52
YBR270C	II	742761	744398	-	1638	184	152	135	150	231	28
YBR087W	II	423765	424829	+	1065	378	316	568	393	438	90
YBR121C	II	481364	483367	-	2004	3356	3240	5610	3249	4614	570
YBR026C	II	292877	294019	-	1143	476	390	671	450	683	92
YBR197C	II	615203	615856	-	654	282	162	229	165	272	53
YBR027C	II	294024	294356	-	333	17	6	9	4	11	0
YBR177C	II	584807	586162	-	1356	1094	1228	1744	1171	1786	265
YBR176W	II	583720	584658	+	939	105	84	139	75	130	10
YBR230W-A	II	680362	680562	+	201	67	63	87	62	85	33
YBR090C	II;II	426333;426874	426516;427058	-;-	369	8	8	13	3	8	0
YBL071C-B	II	89458	89556	-	99	1	0	3	0	1	0
YBR064W	II	367763	368191	+	429	1	0	1	0	1	0
YBR044C	II	324341	326059	-	1719	242	224	384	283	388	78
YBL068W	II	92414	93394	+	981	313	280	298	272	375	51
YBR216C	II	655576	657600	-	2025	159	150	254	177	188	34
YBR271W	II	744852	746111	+	1260	158	118	171	125	148	27
YBR084W	II	411054	413981	+	2928	774	734	1071	679	1082	155
YBR065C	II	368584	369678	-	1095	75	118	108	100	156	24
YBR245C	II	708150	711539	-	3390	611	444	599	391	660	67
YBR085W	II	415983	416906	+	924	52	32	78	48	54	12
YBR059C	II	356861	360187	-	3327	1043	930	932	893	1354	190
YBR068C	II	373861	375690	-	1830	1781	1373	1499	1839	2261	310
YBR285W	II	773922	774356	+	435	51	44	90	61	67	13
YBR041W	II	318266	320275	+	2010	954	759	1177	919	1209	194
YBR252W	II	722611	723054	+	444	140	121	192	131	131	44
YBL082C	II	69751	71127	-	1377	268	255	326	202	293	45
YBL002W	II	236492	236887	+	396	4126	4282	6885	4343	5789	879
YBL098W	II	39145	40527	+	1383	155	155	231	149	229	56
YBR117C	II	474392	476437	-	2046	132	76	91	91	175	22
YBR214W	II	651415	652998	+	1584	2401	1764	1788	2069	2974	527
YBR169C	II	573915	575996	-	2082	711	647	1184	1069	1297	247
YBR207W	II	635146	636543	+	1398	278	321	386	256	386	61
YBR155W	II	549771	550928	+	1158	258	212	217	94	177	34
YBL106C	II	10847	13879	-	3033	297	271	327	145	226	46
YBR237W	II	691969	694518	+	2550	229	237	264	171	298	32
YBR193C	II	609082	609753	-	672	172	123	232	180	237	22
YBR149W	II	539987	541021	+	1035	2022	1701	3070	1993	2620	346
YBR013C	II	265492	265881	-	390	21	31	66	32	49	6
YBL063W	II	101886	105221	+	3336	197	242	196	216	344	36
YBL029C-A	II	164488	164772	-	285	609	509	430	531	745	126
YBR147W	II	536575	537465	+	891	492	543	784	773	1138	160
YBR246W	II	711591	712754	+	1164	461	293	510	364	506	58
YBR002C	II	241708	242568	-	861	176	168	238	129	176	31
YBR023C	II	284428	287925	-	3498	446	437	605	341	512	92
YBL088C	II	51019	59382	-	8364	326	246	401	288	442	50
YBL064C	II	100371	101156	-	786	473	388	871	593	814	99
YBL007C	II	212632	216366	-	3735	1973	1434	1963	1489	2229	377
tL(UAA)B2	II	347603	347686	+	84	0	0	0	0	0	0
YBL093C	II	44256	44918	-	663	289	280	273	203	321	69
YBL091C	II	47363	48628	-	1266	1693	1720	2739	1563	2372	414
YBR142W	II	528317	530638	+	2322	339	282	368	223	363	46
YBR047W	II	331833	332360	+	528	79	59	65	102	79	18
YBR238C	II	695107	697302	-	2196	272	227	270	265	322	58
YBR067C	II	372103	372735	-	633	8649	7569	11925	10202	12423	1351
YBR010W	II	256331	256741	+	411	1021	1276	2036	1392	1263	362
YBL054W	II	117589	119166	+	1578	296	294	213	146	192	10
YBR209W	II	642583	642900	+	318	3	1	5	6	2	0
YBL060W	II	107932	109995	+	2064	231	186	172	114	217	38
YBR089W	II	425183	425782	+	600	0	0	0	0	0	0
YBR025C	II	290681	291865	-	1185	1569	1633	2787	1722	2308	396
YBR040W	II	316968	317864	+	897	4	16	12	7	6	0
YBR230C	II;II	679549;680040	679942;680050	-;-	405	532	580	781	924	1077	177
YBL027W	II;II	168423;168809	168424;169376	+;+	570	2537	2261	4061	2379	3486	610
YBL100C	II	36989	37303	-	315	122	98	113	101	160	21
YBR261C	II	734832	735530	-	699	319	321	370	318	457	69
YBR034C	II	304930	305976	-	1047	298	358	413	205	303	43
YBR101C	II	443821	444693	-	873	479	384	608	322	466	73
YBL010C	II	206107	206949	-	843	131	119	199	118	165	27
YBR053C	II	339675	340751	-	1077	672	594	943	681	882	144
YBL059C-A	II;II	110125;110506	110420;110539	-;-	330	73	73	145	57	111	19
YBR255C-A	II;II	726618;727012	726917;727074	-;-	363	168	160	191	203	206	32
YBL042C	II	138341	140260	-	1920	231	231	199	167	321	32
YBL039C	II	143989	145728	-	1740	440	429	449	250	452	56
YBR217W	II	657832	658392	+	561	97	99	183	112	206	26
YBR200W-A	II	622983	623147	+	165	2	0	0	2	5	0
YBL003C	II	235394	235792	-	399	1080	1245	1809	1016	1678	198
YBR069C	II	376574	378433	-	1860	960	970	1013	993	1702	252
YBR056W-A	II	351255	351455	+	201	8	3	6	10	5	1
YBR009C	II	255373	255684	-	312	2153	2557	3175	2126	3292	379
YBL038W	II	146187	146885	+	699	288	206	306	221	270	51
YBR056C-B	II	351293	351451	-	159	0	0	0	0	0	0
YBR081C	II	401253	405251	-	3999	376	336	503	255	504	88
YBR007C	II	248806	251016	-	2211	256	222	241	158	295	30
YBR146W	II	535260	536096	+	837	585	561	756	472	690	101
YBR171W	II	578364	578984	+	621	379	367	471	334	432	68
YBL028C	II	167518	167838	-	321	150	118	227	77	166	12
YBR135W	II	504854	505306	+	453	230	191	234	147	208	37
YBR264C	II	737770	738369	-	600	77	73	88	66	77	20
YBR043C	II	321876	323945	-	2070	819	893	835	841	1797	209
YBL059W	II;II	110594;110949	110879;111244	+;+	582	106	98	91	98	139	16
YBR131W	II	497163	499277	+	2115	117	93	124	61	116	26
YBR233W-A	II	684977	685261	+	285	42	51	69	39	55	10
YBR092C	II	427698	429101	-	1404	520	599	606	513	931	123
YBR126C	II	488905	490392	-	1488	2592	2843	4875	3526	4499	740
YBR057C	II	352193	353293	-	1101	331	343	414	287	345	64
YBR086C	II	420201	423041	-	2841	2555	2322	2700	2309	3111	486
YBR174C	II	582338	582652	-	315	2	0	0	0	0	0
snR56	II	88190	88277	+	88	7	1	12	4	5	0
YBR281C	II	764970	767606	-	2637	760	640	724	321	484	109
YBL103C	II	22076	23536	-	1461	233	200	255	255	267	44
tG(GCC)B	II	197629	197699	-	71	0	0	0	0	0	0
YBR159W	II	558685	559728	+	1044	691	778	1132	795	1226	168
YBR118W	II	477671	479047	+	1377	9656	7531	12754	7986	11425	1971
YBL004W	II	227636	235117	+	7482	417	444	437	334	488	51
YBR163W	II	565723	567480	+	1758	417	410	412	400	553	62
YBL013W	II	202056	203261	+	1206	39	42	41	20	51	13
YBL112C	II	2582	2899	-	318	0	0	0	0	0	0
YBR231C	II	682179	683090	-	912	156	97	174	72	151	32
YBL066C	II	96669	100115	-	3447	254	193	211	205	281	42
YBR008C	II	252563	254209	-	1647	247	160	347	179	249	29
YBL015W	II	194122	195702	+	1581	442	446	697	507	675	130
YBR038W	II	311898	314789	+	2892	665	631	606	413	767	92
YBL018C	II;II	185998;186428	186352;186474	-;-	402	81	62	105	54	105	9
YBR253W	II	723270	723635	+	366	255	193	355	175	278	44
YBL068W-A	II	91794	92030	+	237	0	0	0	0	0	0
YBR058C	II	353672	356017	-	2346	439	419	538	405	611	76
YBL084C	II	67169	69445	-	2277	237	168	225	213	322	38
YBR224W	II	670125	670640	+	516	3	0	0	1	0	0
YBR077C	II	391805	392293	-	489	108	106	170	119	216	33
YBL087C	II;II	59822;60698	60193;60739	-;-	414	1351	1237	2424	1254	1670	389
YBR098W	II	441515	443590	+	2076	96	71	122	88	99	14
YBR239C	II	698354	699943	-	1590	264	183	193	181	189	24
YBR168W	II	572371	573612	+	1242	274	200	294	195	269	38
YBL046W	II	132424	133749	+	1326	205	149	213	188	288	54
YBR003W	II	242809	244230	+	1422	321	350	423	288	458	63
YBR215W	II;II	653356;653453	653368;655317	+;+	1878	464	425	478	352	669	80
LSR1	II	680688	681862	-	1175	237	147	1331	341	315	195
YBL025W	II	171481	171918	+	438	48	40	91	47	52	10
YBR105C	II	450881	451969	-	1089	550	415	660	770	829	130
YBR200W	II	620872	622527	+	1656	339	315	405	327	478	77
YBR190W	II	605966	606277	+	312	0	1	0	0	0	0
YBR248C	II	714807	716465	-	1659	1114	838	1102	711	1049	166
YBR145W	II	533762	534817	+	1056	1171	881	1928	1413	1607	406
YBL047C	II	127895	132040	-	4146	2958	2507	3027	2437	3576	551
YBR099C	II	442924	443307	-	384	0	0	0	0	0	0
YBL014C	II	199064	201748	-	2685	330	262	210	207	283	27
YBR062C	II;II	365976;366585	366502;366600	-;-	543	313	259	383	297	404	64
YBL092W	II	45978	46370	+	393	4066	3870	6312	4178	5721	936
YBR240C	II	700490	701842	-	1353	52	40	30	43	58	16
YBR251W	II	721390	722313	+	924	286	231	310	267	295	47
YBR199W	II	618909	620303	+	1395	854	1008	1341	724	1269	191
YBR128C	II	493081	494115	-	1035	119	108	168	98	163	18
YBR139W	II	515664	517190	+	1527	892	849	1317	820	1255	198
YBL070C	II	90605	90925	-	321	3	1	1	1	3	2
YBR054W	II	343101	344135	+	1035	2306	2343	3537	3674	5797	675
YBL039W-B	II	143393	143572	+	180	47	60	104	52	81	9
YBR072W	II	382030	382674	+	645	198	152	360	298	217	49
YBR111C	II	461178	461873	-	696	678	575	1004	593	866	136
YBL001C	II	237153	237467	-	315	304	319	697	352	526	54
YBR110W	II	458872	460221	+	1350	484	475	534	404	631	61
YBL111C	II;II	2907;4216	4116;5009	-;-	2004	0	0	0	0	4	0
YBL036C	II	150447	151220	-	774	213	202	266	169	268	55
tR(UCU)B	II	405878	405949	+	72	0	0	0	0	0	0
YBL094C	II	43765	44097	-	333	1	1	3	1	1	0
YBR033W	II	301944	304703	+	2760	68	69	86	67	100	16
YBL073W	II	87646	87957	+	312	1	0	4	0	1	0
YBR096W	II	436021	436713	+	693	297	312	536	299	369	74
YBL053W	II	119335	119709	+	375	5	9	2	1	3	0
YBR030W	II	298292	299950	+	1659	286	272	276	243	335	32
YBL076C	II	81043	84261	-	3219	2084	2072	2962	1907	2837	470
YBR256C	II	727386	728102	-	717	645	514	849	595	848	132
YBR162W-A	II	565231	565428	+	198	557	472	467	453	553	115
YBL077W	II	80897	81328	+	432	30	26	28	24	30	8
YBR156C	II	551104	553200	-	2097	243	225	232	177	245	36
YBL012C	II	203406	203807	-	402	0	0	6	2	4	2
YBL008W-A	II	209409	209648	+	240	0	0	0	0	1	0
YBR297W	II	800523	801929	+	1407	32	40	74	62	45	5
YBR189W	II;II	604508;604928	604514;605508	+;+	588	3007	3021	5683	2931	4775	588
YBL096C	II	43174	43482	-	309	3	5	7	2	3	0
YBR011C	II	257112	257975	-	864	10602	8816	10233	7367	10146	1463
YBL041W	II	141247	141972	+	726	367	339	484	291	433	75
YBL081W	II	71866	72972	+	1107	484	392	160	372	430	54
YBR089C-A	II	426190	426489	-	300	204	177	255	186	237	50
YBR103C-A	II	449320	449463	-	144	1	1	0	1	1	0
YBR296C	II	796798	798522	-	1725	11	9	20	3	25	0
YBL040C	II;II	142112;142847	142749;142868	-;-	660	331	385	663	360	628	89
YBR165W	II	568852	569685	+	834	129	103	113	86	163	25
YBL026W	II;II	170623;170805	170676;171038	+;+	288	139	118	211	148	179	25
YBR082C	II;II	406628;407123	407027;407169	-;-	447	3391	2648	2948	3253	3697	673
YBR280C	II	762784	764697	-	1914	161	126	227	152	215	31
YBR061C	II	364787	365719	-	933	382	264	337	234	345	65
YBL016W	II	192451	193512	+	1062	1213	940	1163	746	922	150
YBR175W	II	582408	583355	+	948	87	83	154	78	101	26
YBR029C	II	296369	297742	-	1374	576	593	812	444	777	94
YBL057C	II	112801	113427	-	627	323	254	379	228	380	44
YBR298C-A	II	805035	805256	-	222	0	0	2	0	0	0
YBR192W	II	607652	608785	+	1134	157	166	251	209	256	45
tQ(UUG)B	II	350827	350898	+	72	1	0	0	0	1	0
YBR302C	II	810340	811479	-	1140	50	8	18	32	36	4
YBR254C	II	723736	724263	-	528	145	110	195	155	225	34
YBR204C	II	632254	633381	-	1128	240	175	326	199	292	46
YBR220C	II	662995	664677	-	1683	320	302	364	185	376	54
YBR222C	II	666720	668351	-	1632	751	731	1101	756	907	115
YBR290W	II	782591	783556	+	966	371	313	449	395	480	92
YBR162C	II	563203	564570	-	1368	4855	4766	6701	4001	5662	664
YBR167C	II	571468	571890	-	423	82	70	102	68	60	17
YBL033C	II	158656	159693	-	1038	170	146	224	138	140	36
YBR228W	II	675313	676227	+	915	66	61	85	52	74	8
YBR263W	II	736264	737736	+	1473	659	732	967	603	882	166
YBR250W	II	719033	720604	+	1572	12	22	26	25	32	2
YBR272C	II	746361	747803	-	1443	162	98	228	106	205	31
YBR120C	II	480435	480923	-	489	74	59	130	63	98	19
YBR084C-A	II;II	414186;415260	414753;415261	-;-	570	2676	2725	4136	2808	3953	685
YBL062W	II	105308	105688	+	381	0	0	0	0	0	0
YBR301W	II	809057	809419	+	363	0	2	2	0	1	0
YBR076W	II	390227	391291	+	1065	31	7	27	42	46	9
YBR210W	II	645550	645978	+	429	116	133	167	144	180	34
YBR106W	II	452658	453224	+	567	988	1132	1497	1137	1678	270
YBR005W	II	245906	246547	+	642	227	131	269	146	197	42
YBR153W	II	547460	548194	+	735	231	252	382	239	261	50
YBR132C	II	499652	501442	-	1791	331	330	448	367	500	104
YBR166C	II	569842	571200	-	1359	302	303	401	273	363	54
YBR221W-A	II	666538	666642	+	105	40	26	40	28	37	1
YBR131C-A	II	497650	497739	-	90	0	0	0	0	0	0
YBR161W	II	561634	562764	+	1131	464	368	461	400	545	106
YBR109C	II	457919	458362	-	444	1166	1289	2059	1112	1761	252
YBR255W	II	724456	726540	+	2085	257	204	243	182	281	38
YBR205W	II	633622	634836	+	1215	212	239	318	225	344	49
YBR296C-A	II	800123	800242	-	120	1	4	2	0	0	0
YBL043W	II	136688	137461	+	774	56	30	24	99	112	14
YBR130C	II	495592	496869	-	1278	695	562	710	511	617	109
YBR206W	II	634601	634924	+	324	30	12	17	14	24	2
YBR122C	II	483970	484503	-	534	267	271	481	269	409	58
YBR295W	II	792849	796499	+	3651	130	76	130	105	160	22
YBR004C	II	244366	245667	-	1302	172	242	298	207	320	25
YBR202W	II	625772	628309	+	2538	461	356	554	357	498	59
YBR001C	II	238941	241283	-	2343	211	223	364	257	358	46
YBL113C	II	280	2658	-	2379	94	95	107	85	150	38
YBR288C	II	778012	779463	-	1452	202	196	317	160	311	50
YBR282W	II	768240	768680	+	441	211	173	266	196	256	32
YBL072C	II	88523	89125	-	603	1548	1764	2606	1551	2691	356
YBR103W	II	447709	449316	+	1608	212	179	289	164	230	48
YBR107C	II	453793	454530	-	738	232	210	247	182	272	32
YBL024W	II	172534	174588	+	2055	1151	865	1237	728	1028	130
YBR012C	II	259147	259566	-	420	34	42	43	27	31	4
YBR188C	II	603685	604107	-	423	216	143	173	115	149	24
YBL075C	II	84499	86448	-	1950	214	157	246	153	260	39
YBR102C	II	445062	447323	-	2262	314	277	300	214	342	34
YBR006W	II	247010	248503	+	1494	373	342	641	392	583	90
YBL051C	II	122753	124759	-	2007	999	670	455	795	1116	146
YBR196C	II	612236	613900	-	1665	6647	6606	10869	7777	10769	1651
YBL031W	II	161699	162715	+	1017	148	160	153	141	167	24
YBR141W-A	II	527167	527262	+	96	0	0	0	0	0	0
YBL006W-A	II	216711	216860	+	150	0	0	0	0	0	0
YBL100W-C	II	28427	28546	+	120	3	2	4	8	8	4
YBR236C	II	690383	691693	-	1311	323	289	567	250	414	70
YBR276C	II	757620	760043	-	2424	439	401	528	360	642	88
YBR036C	II	309081	310313	-	1233	873	667	977	816	1027	190
YBR045C	II	328173	330092	-	1920	49	37	60	43	85	12
YBR291C	II	783673	784572	-	900	546	544	897	767	1231	128
YBR137W	II	513044	513583	+	540	245	196	299	251	235	37
YBR079C	II	395383	398277	-	2895	1776	1666	2090	1599	2387	340
YBR017C	II	270947	273703	-	2757	452	428	765	432	643	85
YBL044W	II	135998	136366	+	369	4	0	8	0	4	0
YBL023C	II	174920	177526	-	2607	294	243	313	226	248	58
YBR127C	II	491269	492822	-	1554	4062	3280	5572	3663	5122	774
YBR152W	II	546376	547251	+	876	117	79	86	74	129	26
YBR035C	II	306269	306955	-	687	764	862	1781	829	1208	161
YBR289W	II	779667	782384	+	2718	462	364	308	296	484	88
YBL017C	II	186844	191583	-	4740	1114	1050	1505	1088	1418	226
YBR157C	II	553543	554310	-	768	200	143	173	245	282	48
YBL104C	II	18177	21293	-	3117	318	268	363	222	360	52
YBL109W	II	5790	6125	+	336	7	1	4	2	0	3
tL(UAA)B1	II	9583	9666	+	84	0	0	0	0	2	0
YBR072C-A	II	382860	383021	-	162	2	2	2	1	0	0
YBR300C	II	808600	809097	-	498	4	4	0	0	1	0
YBR195C	II	610614	611882	-	1269	145	109	184	91	176	18
YBR233W	II	683428	684669	+	1242	119	157	171	122	185	22
YBR262C	II	735720	736040	-	321	100	82	108	119	90	27
YBR020W	II	279021	280607	+	1587	53	50	54	24	80	8
YBR085C-A	II	418907	419164	-	258	304	329	648	338	587	62
YBR123C	II	484742	486691	-	1950	301	273	339	228	289	64
YBR221C	II	665153	666253	-	1101	2257	2152	3806	2306	2935	576
YBL029W	II	166134	167264	+	1131	122	127	179	135	203	14
YBL045C	II	134143	135516	-	1374	1664	1367	2177	1533	2070	411
YBR191W-A	II	607149	607223	+	75	118	53	66	57	123	4
YBR154C	II	548362	549009	-	648	375	426	501	284	465	52
YBR278W	II	760294	760899	+	606	125	110	185	112	161	30
YBR273C	II	748061	749371	-	1311	335	266	420	324	376	70
YBR032W	II	301519	301821	+	303	9	7	10	12	21	0
YBR048W	II;II	332831;333387	332875;333812	+;+	471	1878	2324	2891	2182	3589	394
YBR104W	II	449667	450656	+	990	281	232	286	201	297	31
YBL079W	II	75259	79767	+	4509	679	505	654	451	755	91
YBR265W	II	738582	739544	+	963	478	462	681	439	529	94
YBR249C	II	716882	717994	-	1113	2762	2197	3091	2722	4028	609
YBR203W	II	629168	631942	+	2775	184	110	158	226	276	42
YBR184W	II	597363	598934	+	1572	18	24	26	17	18	2
YBR170C	II	576344	578086	-	1743	186	220	317	162	242	34
YBR173C	II	581726	582172	-	447	1096	1053	1298	1120	1284	245
YBR133C	II	501804	504287	-	2484	732	617	693	576	694	111
YBR275C	II	751356	757106	-	5751	363	317	386	242	448	59
YBL108W	II	8177	8482	+	306	0	1	1	2	0	0
YBL113W-A	II	646	1128	+	483	0	0	0	0	0	0
YBL085W	II	63876	66818	+	2943	676	593	647	582	956	118
YBL052C	II	119379	121874	-	2496	270	225	282	170	301	28
YBL009W	II	207194	209224	+	2031	193	169	186	131	198	29
YBR283C	II	768943	770415	-	1473	2401	2088	2627	1923	2946	465
YBR094W	II	432036	434297	+	2262	268	250	437	230	312	54
YBR258C	II	729734	730162	-	429	31	40	46	27	51	3
YBR201W	II	623576	624211	+	636	135	123	210	135	177	22
YBR070C	II	379221	379934	-	714	116	72	191	92	170	28
tE(UUC)B	II	645167	645238	+	72	0	0	0	0	0	0
YBR198C	II	616127	618523	-	2397	682	547	626	474	740	124
YBL056W	II	113762	115168	+	1407	1210	1168	1806	1041	1570	268
YBL099W	II	37053	38690	+	1638	2328	1950	3553	2074	2740	510
YBR257W	II	728885	729724	+	840	48	64	35	39	65	5
YBR126W-A	II	490850	491056	+	207	2	3	8	8	3	1
YBR242W	II	704670	705386	+	717	224	179	291	145	276	38
YBL008W	II	209653	212175	+	2523	115	120	188	102	145	17
YBR181C	II;II	591712;592769	592416;592774	-;-	711	1231	1110	2350	1097	2000	192
tC(GCA)B	II	643007	643078	-	72	0	1	0	2	0	0
YBR052C	II	338720	339352	-	633	646	537	1019	533	787	136
YBR093C	II	429548	430951	-	1404	197	241	320	145	276	53
YBR049C	II	334386	336818	-	2433	426	381	450	285	541	97
YBR056W	II	347879	349384	+	1506	568	530	911	486	854	120
YBL030C	II	163041	163997	-	957	1061	1256	1561	1218	1665	310
tT(AGU)B	II	266378	266450	+	73	0	0	0	0	0	0
YBR141C	II	527025	528038	-	1014	97	102	99	79	122	6
YBR226C	II	673155	673565	-	411	25	29	29	29	37	5
YBL005W	II	217470	220400	+	2931	545	489	655	462	631	73
YBR151W	II	545028	545978	+	951	1637	1267	2197	1507	2088	330
YBR144C	II	533235	533549	-	315	13	8	9	8	8	2
YBR178W	II	586071	586445	+	375	0	1	1	0	2	0
YBR138C	II	513762	515336	-	1575	194	169	210	121	194	37
YBL090W	II	48825	49358	+	534	87	65	110	68	99	9
YBL105C	II	14241	17696	-	3456	805	800	845	740	1037	146
YBL102W	II	24098	24745	+	648	355	486	692	362	640	79
YBL011W	II	203538	205817	+	2280	608	582	733	557	839	99
YBR095C	II	434406	435698	-	1293	124	155	150	137	220	32
YBR196C-B	II	614526	614630	-	105	17	29	37	30	23	2
YBL048W	II	127299	127610	+	312	19	27	23	26	44	9
YBR066C	II	370037	370699	-	663	675	606	836	365	522	77
YBR292C	II	784702	785073	-	372	30	12	24	21	18	3
YBR018C	II	274427	275527	-	1101	39	30	69	30	55	2
YBR194W	II	610038	610409	+	372	45	68	120	81	88	14
YBR076C-A	II	391351	391617	-	267	121	89	101	88	102	21
YBR108W	II	454822	457665	+	2844	1027	673	812	747	1115	175
YBR046C	II	330507	331511	-	1005	617	490	858	528	739	114
YBR235W	II	686901	690263	+	3363	585	551	773	457	699	113
YBR274W	II	749594	751177	+	1584	103	144	169	120	198	26
YBL006C	II	216587	217129	-	543	162	162	175	175	217	40
YBR186W	II;II	600553;602217	602103;602360	+;+	1695	112	94	101	58	115	4
YBR277C	II	760215	760616	-	402	0	0	0	0	0	0
YBR185C	II	599123	599959	-	837	95	93	206	105	123	14
YBL078C	II	80378	80731	-	354	512	404	657	358	527	62
YBR037C	II	310565	311452	-	888	221	178	292	208	190	36
YBR015C	II	267710	269503	-	1794	625	731	847	681	936	135
YBR016W	II	270247	270633	+	387	1357	991	1276	1125	1335	355
YBL107W-A	II	9268	9372	+	105	0	0	0	0	1	0
YBL071W-A	II	89978	90226	+	249	209	112	145	110	109	16
YBR269C	II	742160	742576	-	417	313	260	417	225	354	43
YBR266C	II	739936	740388	-	453	0	0	0	0	0	0
YBR055C	II	344602	347301	-	2700	306	231	334	227	295	31
YBR088C	II	424990	425766	-	777	19	19	24	16	31	2
tV(UAC)B	II	326792	326865	-	74	0	0	0	0	0	0
YBL019W	II	184353	185915	+	1563	116	149	230	134	214	25
YBR112C	II	462870	465770	-	2901	1287	829	873	1023	1405	211
YBR164C	II	567875	568426	-	552	348	266	340	224	415	56
YBR148W	II	537876	539705	+	1830	71	69	84	109	114	17
YBL020W	II	182401	184125	+	1725	289	243	311	194	367	41
YBR208C	II	636703	642210	-	5508	599	557	854	712	1888	251
tD(GUC)B	II	405960	406031	+	72	0	0	1	0	0	0
YBR172C	II	579150	581372	-	2223	446	403	465	356	535	57
YBL097W	II	40831	43095	+	2265	77	57	57	61	78	16
YBR050C	II	337183	338199	-	1017	40	28	48	34	46	8
YBR183W	II	596115	597065	+	951	108	102	234	139	218	28
YBR213W	II	650368	651192	+	825	677	367	597	174	157	28
YBR113W	II	465566	466048	+	483	14	11	6	16	21	2
YBL091C-A	II;II	46565;47147	47058;47180	-;-	528	243	235	383	254	403	39
YBR196C-A	II	614024	614173	-	150	13	0	7	12	13	4
YBR286W	II	774700	776313	+	1614	5958	5751	6582	5659	7323	1202
YBR268W	II	741299	741616	+	318	179	122	191	98	150	30
YBR058C-A	II	356324	356566	-	243	781	792	874	689	1008	180
YBR287W	II	776571	777854	+	1284	430	459	680	471	623	72
YBL083C	II	69713	70138	-	426	5	0	2	1	0	0
YBL061C	II	105316	107406	-	2091	133	128	134	77	182	32
YBR267W	II	739841	741022	+	1182	201	155	142	106	184	10
YBR114W	II	467248	469620	+	2373	258	117	208	173	272	50
YBL032W	II	160184	161329	+	1146	773	724	884	658	1007	156
YBR219C	II;II	662499;663003	662581;663303	-;-	384	2	0	1	1	2	0
tF(GAA)B	II;II	36398;36453	36434;36488	+;+	73	0	0	0	0	0	0
YBR299W	II	805351	807105	+	1755	12	24	30	15	24	8
YBR191W	II;II	606270;606669	606280;607140	+;+	483	6191	6016	8706	5850	7965	1261
YBR125C	II	487199	488380	-	1182	215	208	286	205	265	36
YBL069W	II	90741	92030	+	1290	97	97	135	101	143	21
YBR223C	II	668663	670297	-	1635	180	109	132	156	197	28
YBR074W	II	386286	389216	+	2931	505	484	621	409	621	66
YBR201C-A	II	624493	624696	-	204	87	97	120	147	168	22
YBR187W	II	602634	603476	+	843	583	612	866	577	950	140
YBL021C	II	181660	182094	-	435	74	78	94	68	93	7
YBL049W	II	126828	127244	+	417	93	77	122	136	154	21
YBL035C	II	151493	153610	-	2118	213	137	220	143	229	20
YBL095W	II	43277	44089	+	813	2	3	8	3	7	2
YBR073W	II	383112	385988	+	2877	495	358	512	350	450	62
YBR109W-A	II	458608	458832	+	225	2	5	3	4	0	0
YBR260C	II	732639	734639	-	2001	456	353	477	370	538	59
YBR279W	II	761257	762594	+	1338	732	593	764	538	800	183
YBR211C	II	646158	647132	-	975	96	91	103	59	132	15
YBR078W	II;II	393123;393511	393180;394742	+;+	1290	4360	4924	6262	4243	6220	973
YBR063C	II	366970	368184	-	1215	101	114	161	79	142	17
YBR028C	II	294425	296002	-	1578	264	219	266	201	272	48
YBL039C-A	II	144948	145031	-	84	0	0	0	0	0	0
YBR129C	II	494353	495339	-	987	131	125	230	97	126	18
YBL050W	II;II	125125;125271	125154;126119	+;+	879	618	543	818	560	676	124
YBR051W	II	337988	338338	+	351	2	1	1	0	5	1
YBR080C	II	398614	400890	-	2277	917	783	1158	794	1058	148
YBL058W	II	111437	112708	+	1272	876	831	1323	698	1067	192
YBL101C	II	24946	28299	-	3354	985	757	880	741	1203	174
YBR140C	II	517350	526628	-	9279	752	744	1011	670	1008	119
YBR021W	II	281443	283344	+	1902	97	83	128	78	163	32
YBR232C	II	683373	683732	-	360	2	1	0	3	3	1
YBR024W	II	289445	290350	+	906	155	159	254	143	220	19
YBL005W-B	II	221330	226598	+	5269	984	698	665	594	983	187
YBL100W-A	II	29935	31251	+	1317	0	0	0	0	0	0
YBR012W-B	II	259869	265140	+	5272	77	54	34	33	63	4
YBR012W-A	II	259869	261191	+	1323	0	0	0	0	0	0
YBL005W-A	II	221330	222652	+	1323	0	0	0	0	0	0
YBL100W-B	II	29935	35248	+	5314	202	166	120	120	202	40
YNR017W	XIV	662913	663581	+	669	709	588	1026	751	882	93
YNL105W	XIV	424155	424583	+	429	0	0	0	0	0	0
YNR069C	XIV	761123	762592	-	1470	71	39	77	47	97	13
YNL306W	XIV	58155	58808	+	654	408	297	527	327	410	58
YNL288W	XIV	90303	91424	+	1122	621	519	720	477	702	115
YNL191W	XIV	280432	281505	+	1074	1506	1224	1676	727	804	101
YNL150W	XIV	349251	349658	+	408	86	42	57	51	77	11
YNL097C	XIV	441366	442358	-	993	236	185	290	220	315	90
tN(GUU)N1	XIV	102716	102789	+	74	6	6	7	2	8	0
YNL137C	XIV	368595	370055	-	1461	402	411	635	394	519	70
YNL331C	XIV	16118	17248	-	1131	110	100	176	89	170	20
YNL030W	XIV	576727	577038	+	312	871	849	1441	1118	1464	182
YNL297C	XIV	71673	76583	-	4911	469	480	635	393	656	74
YNL102W	XIV	430087	434493	+	4407	184	227	271	190	253	32
YNR026C	XIV	673274	674689	-	1416	159	174	224	134	203	30
YNL152W	XIV	346313	347542	+	1230	352	316	329	291	325	64
YNL140C	XIV	360917	361486	-	570	3	4	2	3	2	0
YNL099C	XIV	438567	439283	-	717	839	717	777	646	831	164
YNL182C	XIV	295960	297627	-	1668	200	170	175	120	238	16
YNL180C	XIV	299654	300649	-	996	774	678	825	868	1119	260
YNR001C	XIV	629622	631061	-	1440	1961	1883	3569	2690	3585	597
YNL091W	XIV	452408	456130	+	3723	1251	1066	990	912	1505	239
YNL157W	XIV	340352	340858	+	507	969	836	1106	889	1232	143
YNL315C	XIV	43324	44280	-	957	228	270	335	188	370	34
YNL221C	XIV	231068	233695	-	2628	1079	896	1064	668	871	120
YNR052C	XIV	719346	720647	-	1302	764	506	613	571	745	150
YNL061W	XIV	510540	512396	+	1857	641	535	557	361	648	62
YNL284C	XIV	103134	104102	-	969	304	264	439	212	339	58
YNR040W	XIV	699690	700460	+	771	99	73	111	78	128	20
YNL246W	XIV;XIV	185460;185587	185491;186349	+;+	795	400	365	617	321	523	86
YNL097W-A	XIV	441431	441586	+	156	0	0	0	0	0	0
YNL121C	XIV	398684	400537	-	1854	1658	1512	1839	1155	1853	269
snR191	XIV	721938	722211	-	274	6	13	29	10	10	4
YNL043C	XIV	545589	545909	-	321	27	49	97	37	83	6
YNR055C	XIV	728426	730186	-	1761	602	523	726	557	821	128
YNL039W	XIV	555048	556832	+	1785	457	409	577	397	581	75
YNR036C	XIV	694361	694822	-	462	479	428	638	440	627	108
YNL304W	XIV	60297	61550	+	1254	38	53	69	37	55	8
YNL119W	XIV	401040	402521	+	1482	236	210	241	138	201	24
YNL034W	XIV	570477	572315	+	1839	15	0	12	6	10	2
YNL187W	XIV	287994	289067	+	1074	135	106	123	124	156	22
YNL310C	XIV	51907	52431	-	525	253	224	284	238	238	58
YNL277W	XIV	117349	118809	+	1461	600	523	748	353	375	44
YNL126W	XIV	387227	389767	+	2541	128	182	269	163	241	40
tL(UAA)N	XIV	726134	726217	-	84	0	0	0	0	0	0
YNL210W	XIV	250931	251743	+	813	33	21	45	30	46	6
YNR041C	XIV	700541	701659	-	1119	142	111	209	72	136	19
YNL193W	XIV	274368	276044	+	1677	345	306	567	316	394	76
YNL301C	XIV;XIV	63570;64451	64018;64562	-;-	561	439	406	537	417	632	98
YNL263C	XIV	146896	147840	-	945	746	549	790	535	735	119
YNL059C	XIV	512668	514935	-	2268	501	426	580	346	551	105
YNL028W	XIV	578679	578996	+	318	0	2	2	0	1	2
YNL044W	XIV;XIV	545268;545371	545291;545877	+;+	531	510	498	597	437	584	84
YNL026W	XIV	581920	583374	+	1455	430	377	471	463	593	50
YNL067W	XIV	499681	500256	+	576	735	664	1132	701	1157	133
YNL205C	XIV	258155	258577	-	423	4	0	0	1	2	0
YNL104C	XIV	424895	426754	-	1860	3148	3134	3693	2145	2930	438
YNL169C	XIV	316169	317671	-	1503	780	905	881	685	978	138
YNL268W	XIV	138550	140385	+	1836	2056	2192	2518	2074	3344	512
YNL162W	XIV;XIV	331322;331838	331325;332154	+;+	321	798	716	1367	717	1097	110
YNL257C	XIV	160631	164320	-	3690	556	488	702	463	704	102
YNL229C	XIV	219137	220201	-	1065	449	371	460	386	558	76
YNL042W-B	XIV	547113	547370	+	258	8	10	3	2	7	2
YNL248C	XIV	181361	182608	-	1248	523	572	760	517	718	113
YNR045W	XIV	706139	707608	+	1470	282	254	372	283	329	42
YNR051C	XIV	716780	718327	-	1548	1199	1097	1277	806	1415	223
YNL190W	XIV	282395	283009	+	615	6191	4663	5183	4566	5881	728
YNL194C	XIV	272710	273615	-	906	95	73	130	143	124	19
YNL080C	XIV	476932	478032	-	1101	459	371	465	393	572	90
YNR005C	XIV	636931	637335	-	405	0	0	0	0	1	0
YNR064C	XIV	749136	750008	-	873	49	47	59	33	54	18
YNL145W	XIV	352414	352530	+	117	6	7	8	9	19	0
YNR068C	XIV	760067	760885	-	819	166	146	165	114	178	28
YNL323W	XIV	31944	33188	+	1245	335	279	435	287	340	54
YNL003C	XIV	624975	625829	-	855	193	164	328	154	298	54
YNL199C	XIV	264926	266530	-	1605	316	346	348	313	454	78
YNL048W	XIV	538173	539819	+	1647	350	421	622	314	489	43
YNL072W	XIV	490317	491240	+	924	169	107	176	126	128	20
YNL224C	XIV	224796	227099	-	2304	186	182	221	147	198	32
YNL067W-A	XIV	498538	498684	+	147	5	3	0	1	1	0
YNR032W	XIV	686010	687116	+	1107	255	278	384	239	313	53
YNL206C	XIV	256788	258155	-	1368	221	221	382	200	323	47
YNR062C	XIV	744360	745343	-	984	109	74	84	59	87	15
YNL203C	XIV	259439	260050	-	612	3	1	6	0	8	0
YNL273W	XIV	122883	126599	+	3717	140	118	196	133	220	24
tI(AAU)N1	XIV	569867	569940	-	74	0	0	0	0	1	0
YNL213C	XIV	246460	247104	-	645	99	97	101	98	92	15
YNL055C	XIV	517994	518845	-	852	4652	3922	4948	4800	5346	904
YNL170W	XIV	315978	316373	+	396	29	20	18	16	26	2
YNR013C	XIV	649028	651712	-	2685	1140	882	1003	802	1208	191
YNL269W	XIV	137699	138094	+	396	2	4	7	1	12	0
YNR020C	XIV	667410	668222	-	813	87	61	85	58	82	18
YNL041C	XIV	549468	551987	-	2520	329	317	332	267	430	57
YNL234W	XIV	210233	211513	+	1281	204	230	188	198	273	36
YNL165W	XIV	323832	325052	+	1221	140	154	161	120	185	31
YNL116W	XIV	408341	409909	+	1569	396	398	440	311	410	49
YNL008C	XIV	616211	618241	-	2031	325	268	391	244	369	52
YNL309W	XIV	52662	53924	+	1263	372	300	297	233	336	70
YNR015W	XIV	653387	654541	+	1155	259	240	277	226	335	60
YNR075W	XIV	779916	781040	+	1125	130	105	150	110	211	20
YNL025C	XIV	584320	585291	-	972	312	238	352	246	362	52
YNL058C	XIV	515763	516713	-	951	504	350	359	335	430	51
YNL313C	XIV	45308	48022	-	2715	206	186	216	107	216	32
YNL122C	XIV	398023	398370	-	348	84	98	168	90	138	22
YNL094W	XIV	447611	449374	+	1764	902	707	721	682	866	118
YNL001W	XIV	627456	628616	+	1161	229	224	314	224	287	31
YNL317W	XIV	40619	42016	+	1398	348	231	408	250	375	66
YNL035C	XIV	568522	569691	-	1170	269	185	265	185	310	50
YNL007C	XIV	618507	619565	-	1059	1148	1130	2118	1427	1698	315
YNL162W-A	XIV	330329	330547	+	219	16	9	20	10	16	2
YNR039C	XIV	697614	699431	-	1818	410	387	391	363	496	74
YNL103W-A	XIV	426719	426808	+	90	39	42	34	27	50	2
tL(CAA)N	XIV;XIV	443006;443076	443043;443119	+;+	82	2	0	7	0	2	0
YNL052W	XIV	531725	532186	+	462	322	360	604	306	499	90
YNL120C	XIV	401033	401518	-	486	0	0	0	0	0	0
YNL002C	XIV	626174	627142	-	969	315	306	398	243	326	46
YNL311C	XIV	49397	51688	-	2292	545	465	429	346	489	63
YNR007C	XIV	639182	640114	-	933	173	129	192	133	237	42
YNL291C	XIV	84169	85815	-	1647	158	210	288	162	278	33
YNL195C	XIV	271523	272308	-	786	67	42	60	75	56	15
YNL087W	XIV	462411	465947	+	3537	887	991	1222	695	1284	157
tF(GAA)N	XIV;XIV	374869;374924	374905;374959	+;+	73	0	0	0	0	0	0
YNL217W	XIV	240331	241311	+	981	635	589	733	669	916	140
YNL029C	XIV	577205	578773	-	1569	243	223	261	182	345	45
YNR028W	XIV	676177	677103	+	927	282	288	336	279	363	42
YNL009W	XIV	614821	616083	+	1263	41	33	66	23	62	6
YNL024C-A	XIV	586602	586820	-	219	52	87	97	67	102	13
YNL334C	XIV	12208	12876	-	669	8	12	14	6	6	4
YNL319W	XIV	38642	39082	+	441	11	17	25	5	17	4
YNL295W	XIV	76946	78520	+	1575	182	163	165	112	198	43
tN(GUU)N2	XIV	632599	632672	+	74	1	0	0	0	0	0
YNL192W	XIV	276502	279897	+	3396	523	529	775	385	645	94
YNL149C	XIV	349367	349756	-	390	15	14	28	10	21	2
YNL071W	XIV	491523	492971	+	1449	2070	1849	2595	1953	2526	493
YNL089C	XIV	456693	457169	-	477	4	1	2	1	3	0
YNL308C	XIV	54122	55897	-	1776	819	693	704	443	718	91
YNL239W	XIV	200569	201933	+	1365	1389	1255	1955	1099	1488	293
YNL275W	XIV	119268	120998	+	1731	116	117	185	110	142	37
YNR071C	XIV	770440	771468	-	1029	28	25	42	22	32	10
YNL226W	XIV	222239	222649	+	411	3	2	4	1	3	0
YNL040W	XIV	553380	554750	+	1371	137	173	287	125	270	29
YNL117W	XIV	406358	408022	+	1665	38	38	58	34	71	18
YNL050C	XIV;XIV	534079;534966	534874;534982	-;-	813	272	176	213	126	257	42
YNL086W	XIV	466334	466642	+	309	80	49	90	46	89	24
YNL017C	XIV	602138	602476	-	339	0	0	0	0	0	0
YNR070W	XIV	765375	769376	+	4002	165	133	173	127	180	33
YNR067C	XIV	755746	759099	-	3354	1192	1108	1119	1017	1563	220
YNL305C	XIV	58898	59791	-	894	746	603	719	714	893	160
YNL015W	XIV	605384	605611	+	228	2357	2122	3111	2088	2663	227
YNL146C-A	XIV	351386	351580	-	195	2	2	5	3	2	0
YNL063W	XIV	507758	508702	+	945	197	138	211	128	159	12
YNL294C	XIV	78659	80260	-	1602	355	318	394	209	389	53
YNR046W	XIV	707788	708195	+	408	440	403	412	337	391	77
YNL167C	XIV	319416	321359	-	1944	587	499	503	571	759	137
YNL280C	XIV	109095	110411	-	1317	485	382	644	278	416	91
YNR002C	XIV	633008	633856	-	849	81	59	168	88	173	28
YNL036W	XIV	559814	560479	+	666	1161	1124	1042	1268	1891	458
YNL075W	XIV	485607	486479	+	873	161	144	150	98	138	14
YNR058W	XIV	734291	735733	+	1443	98	71	112	51	70	2
YNL054W	XIV	526086	529583	+	3498	743	520	588	488	727	108
YNR006W	XIV	636986	638854	+	1869	970	671	649	810	1102	167
YNR042W	XIV	701238	701666	+	429	0	0	0	0	0	0
YNL261W	XIV	155100	156539	+	1440	244	254	242	229	259	36
YNL188W	XIV	286308	287609	+	1302	276	276	258	222	387	46
YNL146W	XIV	351715	352017	+	303	39	52	36	42	63	12
YNL228W	XIV	220645	221421	+	777	1	1	0	1	0	0
YNL211C	XIV	250055	250315	-	261	67	88	74	43	68	4
YNR021W	XIV	668377	669591	+	1215	1127	1072	1361	927	1604	193
YNL201C	XIV	260627	263203	-	2577	205	233	303	161	243	34
YNR033W	XIV	687635	689998	+	2364	468	422	498	356	558	82
YNR034W	XIV	690321	691286	+	966	117	115	246	159	215	35
YNL272C	XIV	126805	129084	-	2280	389	274	425	200	428	70
YNL245C	XIV	186346	186885	-	540	180	131	243	187	211	14
YNR074C	XIV	777602	778738	-	1137	163	141	215	123	228	37
YNL123W	XIV	394685	397678	+	2994	522	488	594	401	562	64
YNR016C	XIV	654673	661374	-	6702	3694	3111	4954	2937	4244	674
YNL223W	XIV	227370	228854	+	1485	106	82	159	124	156	22
YNR032C-A	XIV	687243	687464	-	222	98	68	126	84	118	14
YNL133C	XIV	374171	374692	-	522	120	97	176	81	112	8
YNL178W	XIV	302680	303402	+	723	3028	2727	5251	2639	4262	690
YNL065W	XIV	503724	505484	+	1761	139	155	143	194	246	44
YNR043W	XIV	701895	703085	+	1191	1002	926	1331	556	974	100
YNL021W	XIV	593227	595347	+	2121	206	216	274	183	322	61
YNL124W	XIV	392892	394370	+	1479	621	433	289	309	422	51
YNL312W	XIV;XIV	48287;48402	48293;49216	+;+	822	258	188	377	225	318	48
YNL143C	XIV	356794	357186	-	393	26	28	37	28	33	8
YNL251C	XIV	172588	174315	-	1728	1554	1117	967	1062	1362	246
snR40	XIV	89210	89306	+	97	6	1	16	10	7	3
YNL299W	XIV	66517	68445	+	1929	160	150	129	77	125	12
snR19	XIV	230105	230672	-	568	56	58	328	111	76	70
YNR049C	XIV	713023	713655	-	633	222	199	249	235	258	45
YNL163C	XIV	326741	330073	-	3333	350	256	397	266	386	65
YNR073C	XIV	774792	776300	-	1509	7	2	12	10	6	2
YNL127W	XIV	383987	386848	+	2862	238	204	258	191	274	59
YNL118C	XIV	402652	405564	-	2913	907	895	1092	678	1250	174
tT(AGU)N2	XIV	560693	560765	-	73	0	0	0	0	0	0
YNL189W	XIV	284260	285888	+	1629	653	604	838	543	723	143
YNL290W	XIV	86218	87240	+	1023	285	291	353	238	364	73
YNR025C	XIV	672702	673061	-	360	32	18	36	18	27	12
YNL250W	XIV	175410	179348	+	3939	165	171	195	122	249	31
YNL314W	XIV	44447	45214	+	768	192	146	156	135	199	26
YNL227C	XIV	220659	222431	-	1773	41	47	51	17	52	8
YNL218W	XIV	238238	240001	+	1764	60	60	106	41	62	13
YNL004W	XIV;XIV	622915;623287	622944;624621	+;+	1365	654	508	707	532	756	140
YNR023W	XIV	670418	672118	+	1701	309	244	372	248	343	74
YNL092W	XIV	450871	452073	+	1203	148	96	201	91	167	24
YNL324W	XIV	31050	31445	+	396	0	1	0	0	0	0
YNL233W	XIV	211922	214600	+	2679	358	256	276	246	404	48
YNL155W	XIV	342516	343340	+	825	366	333	438	291	554	57
YNL020C	XIV	595623	597539	-	1917	284	290	340	267	477	52
YNL076W	XIV	483556	485310	+	1755	518	382	321	351	567	79
YNL200C	XIV	263713	264453	-	741	1171	891	1301	1270	1390	186
YNL177C	XIV	303686	304615	-	930	238	253	336	235	319	61
YNL077W	XIV	481391	482977	+	1587	144	87	151	158	174	36
YNL293W	XIV	80640	82541	+	1902	165	171	214	218	236	30
YNL098C	XIV	439602	440570	-	969	1258	1131	1777	1222	1693	403
YNR004W	XIV	635943	636383	+	441	64	61	71	66	110	11
YNL049C	XIV	535281	537911	-	2631	635	433	662	438	634	94
YNR019W	XIV	665339	667267	+	1929	440	382	527	383	585	122
YNL031C	XIV	575640	576050	-	411	2210	2417	4978	2485	2962	451
YNL019C	XIV	598376	599230	-	855	16	20	12	11	16	2
YNL214W	XIV	245617	246216	+	600	54	62	83	56	77	15
YNL006W	XIV	620067	620978	+	912	197	174	206	187	258	53
YNR030W	XIV	678799	680454	+	1656	512	452	627	394	664	80
YNL038W	XIV;XIV	557020;557685	557610;557783	+;+	690	139	177	218	116	175	32
YNL090W	XIV	456565	457143	+	579	24	14	37	17	21	2
YNL151C	XIV	347766	348521	-	756	235	222	276	195	323	35
YNL254C	XIV	168043	169248	-	1206	263	311	482	251	527	44
YNR008W	XIV	640396	642381	+	1986	399	288	416	282	498	78
YNR038W	XIV	695595	697484	+	1890	509	391	392	334	430	72
YNR003W-A	XIV	634420	634518	+	99	0	0	0	0	0	0
YNL307C	XIV	56446	57573	-	1128	1355	1210	1942	1139	1552	285
YNL131W	XIV	378767	379225	+	459	1103	915	1554	920	1174	191
YNL265C	XIV;XIV	144280;145255	145149;145281	-;-	897	121	117	178	122	173	31
YNL175C	XIV	307401	308612	-	1212	88	99	109	45	75	18
YNL042W	XIV	548100	549290	+	1191	653	447	496	449	604	89
YNL022C	XIV	591427	592899	-	1473	276	201	250	134	234	32
YNL056W	XIV	517249	517842	+	594	195	183	265	164	226	49
YNL011C	XIV	611836	613170	-	1335	233	251	340	298	348	67
YNL329C	XIV	19541	22633	-	3093	357	331	378	270	462	54
YNL074C	XIV	486766	488124	-	1359	765	683	601	613	883	126
YNL093W	XIV	449868	450530	+	663	26	11	29	26	54	3
YNR047W	XIV	708523	711204	+	2682	540	422	469	317	630	68
YNL183C	XIV	293137	295509	-	2373	532	514	480	370	595	110
YNL057W	XIV	516403	516735	+	333	0	0	0	0	0	0
YNL238W	XIV	202428	204872	+	2445	572	509	753	452	652	117
YNL154C	XIV	343636	345276	-	1641	811	586	713	705	1011	206
YNL267W	XIV	140878	144078	+	3201	654	467	592	438	691	127
tP(UGG)N2	XIV;XIV	568115;568182	568150;568217	+;+	72	1	0	2	2	1	0
YNL014W	XIV	606319	609453	+	3135	51	60	73	39	67	12
NME1	XIV	585587	585926	+	340	14	26	86	28	43	4
YNL078W	XIV	479768	480991	+	1224	924	705	697	471	688	124
YNL209W	XIV	252059	253900	+	1842	4899	4917	7424	4848	7036	1067
YNL253W	XIV	170018	171286	+	1269	227	163	278	170	236	35
YNL173C	XIV	308957	310057	-	1101	474	412	805	537	774	168
YNL066W	XIV	501515	502777	+	1263	2176	1885	2208	1610	2009	245
YNL321W	XIV	34696	37422	+	2727	672	533	599	556	699	149
YNR054C	XIV	723356	724306	-	951	320	258	217	224	298	32
YNR072W	XIV	772657	774351	+	1695	42	27	37	52	54	6
YNR076W	XIV	781918	782280	+	363	26	20	28	18	45	1
YNR031C	XIV	680694	685433	-	4740	304	343	484	275	393	56
YNL110C	XIV	417826	418488	-	663	342	327	324	187	336	50
YNL232W	XIV	214923	215801	+	879	169	145	173	114	166	39
YNL262W	XIV	148212	154880	+	6669	401	360	509	290	475	66
YNL142W	XIV	357453	358952	+	1500	1159	1522	1727	999	1691	293
YNL129W	XIV	381480	382202	+	723	279	251	392	183	292	45
YNR014W	XIV	652465	653103	+	639	496	365	660	747	893	164
YNL005C	XIV	621313	622428	-	1116	306	306	511	280	411	46
YNL174W	XIV	308074	308646	+	573	0	0	0	0	0	0
YNL335W	XIV	11452	12129	+	678	18	18	18	10	24	4
YNL240C	XIV	198502	199977	-	1476	219	189	270	138	172	50
YNL318C	XIV	38707	40329	-	1623	2	2	0	0	0	0
YNL256W	XIV	164623	167097	+	2475	862	744	885	606	821	90
YNL012W	XIV;XIV	609686;609875	609790;611665	+;+	1896	103	81	116	95	100	16
YNR029C	XIV	677199	678488	-	1290	159	104	220	123	158	28
YNL130C-A	XIV	381245	381391	-	147	7	4	7	7	6	0
YNL107W	XIV	420098	420778	+	681	279	198	280	176	298	52
YNR065C	XIV	750350	753700	-	3351	204	126	266	145	236	15
YNL332W	XIV	14832	15854	+	1023	4	4	9	6	4	0
YNL023C	XIV	588263	591160	-	2898	232	227	310	169	222	22
YNR056C	XIV	731618	733303	-	1686	175	180	149	140	214	40
YNL186W	XIV	289498	291876	+	2379	482	442	395	352	544	73
YNL153C	XIV	345669	346058	-	390	232	290	413	232	300	44
YNL130C	XIV;XIV	379558;380782	380689;380831	-;-	1182	634	719	985	617	928	194
YNL088W	XIV	457704	461990	+	4287	361	354	581	270	518	55
YNL216W	XIV	241689	244172	+	2484	628	447	659	484	630	90
YNL276C	XIV	118431	118826	-	396	50	11	15	14	9	4
YNL108C	XIV	419014	419826	-	813	330	187	247	159	246	60
YNL252C	XIV	171441	172286	-	846	158	110	169	130	167	22
YNL181W	XIV	298335	299558	+	1224	137	151	268	115	152	33
YNL197C	XIV	267608	269593	-	1986	780	744	705	645	939	114
YNL064C	XIV	505868	507097	-	1230	829	902	1133	686	1052	151
YNL202W	XIV	259578	260456	+	879	49	31	21	24	40	10
YNL283C	XIV	105184	106695	-	1512	571	596	583	496	643	114
YNL147W	XIV;XIV	350940;351054	350957;351383	+;+	348	241	220	324	224	270	32
YNL286W	XIV	95223	96080	+	858	128	112	220	99	202	22
YNL337W	XIV	7165	7419	+	255	0	0	0	0	0	0
YNL322C	XIV	33294	34235	-	942	1571	1252	1059	1324	1580	312
YNL158W	XIV	339612	340208	+	597	209	210	221	194	267	44
YNL168C	XIV	318030	318809	-	780	401	370	549	331	540	70
YNL259C	XIV	157644	157865	-	222	117	89	160	77	117	20
YNR022C	XIV	669774	670193	-	420	201	205	206	172	217	63
YNR077C	XIV	783287	783541	-	255	0	0	0	0	0	0
YNL068C	XIV	495701	498289	-	2589	541	395	289	457	618	85
tI(AAU)N2	XIV	602312	602385	+	74	0	0	0	0	0	0
YNL037C	XIV	557920	559002	-	1083	1541	1548	2414	2018	2600	391
YNL085W	XIV	467131	469623	+	2493	1068	1171	1457	983	1413	156
YNL051W	XIV	532659	533870	+	1212	256	196	301	240	318	32
YNL148C	XIV	349907	350671	-	765	52	44	95	46	91	20
YNR075C-A	XIV	781511	781603	-	93	42	62	39	39	38	7
YNL255C	XIV	167329	167790	-	462	532	437	836	404	563	162
YNL070W	XIV	493366	493548	+	183	184	282	431	187	263	22
tD(GUC)N	XIV	519099	519169	-	71	41	34	17	18	40	6
tT(AGU)N1	XIV	104805	104877	+	73	4	2	2	2	4	0
YNL271C	XIV	129522	135383	-	5862	1236	970	1254	989	1363	184
YNL198C	XIV	266514	266816	-	303	0	1	2	0	3	1
YNR018W	XIV	664270	664944	+	675	2034	1600	1977	1562	1870	369
YNL327W	XIV	24048	27173	+	3126	4650	4006	3148	2874	4405	746
YNL236W	XIV	206930	209854	+	2925	441	397	372	292	479	55
YNR001W-A	XIV	631263	631481	+	219	4	0	0	0	1	0
YNL053W	XIV	529942	531411	+	1470	337	358	373	263	350	53
YNL281W	XIV	108467	108928	+	462	288	274	442	286	408	46
YNL279W	XIV	110917	112902	+	1986	344	328	396	145	202	34
YNL156C	XIV	341069	341968	-	900	335	346	548	355	582	84
YNL260C	XIV	156859	157455	-	597	162	241	281	155	282	25
YNL222W	XIV	229094	229714	+	621	201	180	213	162	198	20
YNL235C	XIV	209548	209979	-	432	2	1	3	0	1	0
YNR059W	XIV	736803	738545	+	1743	299	330	510	304	407	40
YNR044W	XIV	703699	705876	+	2178	2324	2105	1563	872	1333	233
YNL225C	XIV	222724	224469	-	1746	116	104	149	70	137	18
YNL215W	XIV	244468	245430	+	963	299	204	346	256	301	54
YNL326C	XIV	27337	28347	-	1011	58	61	91	69	98	8
YNL100W	XIV	437613	438317	+	705	333	329	405	345	477	95
YNR009W	XIV	642690	643439	+	750	193	123	134	218	185	39
YNR066C	XIV	753725	755035	-	1311	21	39	57	14	33	8
YNL339W-A	XIV	1517	2092	+	576	0	0	0	0	0	0
snR66	XIV	586090	586175	+	86	4	5	6	5	5	0
YNL266W	XIV	144245	144664	+	420	10	3	1	3	2	0
YNL292W	XIV	82806	84017	+	1212	148	138	232	124	199	27
YNL242W	XIV	191324	196102	+	4779	178	156	188	136	243	30
YNR057C	XIV	733356	734069	-	714	66	44	88	37	43	17
tG(UCC)N	XIV	96241	96312	-	72	0	0	0	0	0	0
YNL067W-B	XIV	499417	499557	+	141	0	0	1	0	1	0
YNL166C	XIV	322219	323565	-	1347	277	269	388	290	352	70
YNL111C	XIV	416940	417302	-	363	385	447	556	167	285	49
YNL069C	XIV;XIV	493956;494974	494524;495001	-;-	597	11057	9062	14989	8986	12808	1496
YNL277W-A	XIV	116679	116867	+	189	4	6	4	2	1	2
YNL128W	XIV	382359	383663	+	1305	30	18	48	26	33	6
YNL300W	XIV	65744	66052	+	309	787	666	661	767	854	103
YNL179C	XIV	300666	301103	-	438	21	40	29	55	43	3
YNR050C	XIV	714048	715388	-	1341	4116	3913	6063	7242	10626	1564
snR49	XIV	716120	716284	+	165	39	29	88	49	76	6
YNL138W	XIV	366741	368321	+	1581	1452	1353	2164	1558	2363	312
YNR048W	XIV	711630	712811	+	1182	141	135	158	98	146	30
YNL302C	XIV;XIV	61958;62924	62372;62943	-;-	435	2829	2749	3857	2776	3608	759
YNL045W	XIV	542963	544978	+	2016	517	466	690	519	675	112
YNL125C	XIV	390146	392167	-	2022	385	340	466	351	481	96
YNL207W	XIV	255353	256630	+	1278	330	275	348	218	316	56
YNR011C	XIV	644320	646950	-	2631	224	175	183	113	207	34
YNL241C	XIV	196426	197943	-	1518	2492	1936	3528	1458	2035	341
YNL112W	XIV;XIV	413639;415914	414911;416281	+;+	1641	1552	1517	1452	1116	1577	159
YNL249C	XIV	179394	181022	-	1629	69	74	102	72	126	12
YNL270C	XIV	135940	137661	-	1722	50	44	72	75	105	26
YNL115C	XIV	410119	412053	-	1935	640	557	797	603	914	128
YNL073W	XIV	488386	490116	+	1731	518	426	709	472	630	114
YNL082W	XIV	473391	476012	+	2622	76	64	109	66	116	22
YNL097C-B	XIV	440797	440919	-	123	25	25	23	26	43	8
YNR034W-A	XIV	692561	692857	+	297	818	596	938	1122	1224	219
YNL296W	XIV	76273	76587	+	315	0	0	0	0	0	0
YNL138W-A	XIV;XIV	366033;366158	366035;366412	+;+	258	167	153	205	126	192	32
YNL196C	XIV	270275	271171	-	897	8	19	20	22	29	12
YNL109W	XIV	418964	419509	+	546	17	5	7	5	5	2
YNL101W	XIV	434999	437140	+	2142	372	428	574	372	563	83
YNR012W	XIV	647432	648937	+	1506	158	169	178	81	164	24
YNL114C	XIV	412684	413055	-	372	0	0	0	0	0	0
YNL237W	XIV	205188	206567	+	1380	245	190	262	249	348	64
YNL084C	XIV	470053	471102	-	1050	615	742	966	626	1039	108
YNL289W	XIV	87897	88736	+	840	563	386	452	416	513	69
YNL171C	XIV	315629	315997	-	369	0	0	0	0	0	0
YNL208W	XIV	254418	255017	+	600	1659	1263	1862	1359	1468	346
YNL010W	XIV	613635	614360	+	726	1179	1393	2531	1178	2035	224
YNL134C	XIV	372451	373581	-	1131	2620	2282	4052	1893	2788	617
YNR053C	XIV;XIV	721120;722303	721770;723112	-;-	1461	330	363	415	206	347	37
tP(AGG)N	XIV	631846	631917	-	72	0	0	0	5	1	0
YNL231C	XIV	215987	217042	-	1056	694	694	1018	789	961	156
YNL230C	XIV	217523	218662	-	1140	268	215	344	267	368	43
YNL339W-B	XIV	734	1216	+	483	0	0	0	0	0	0
YNL258C	XIV	158109	160373	-	2265	329	299	419	241	404	74
YNL328C	XIV	22834	23274	-	441	26	26	27	17	47	6
YNL081C	XIV	476188	476619	-	432	561	487	533	554	701	121
YNR037C	XIV	695052	695327	-	276	114	128	138	143	136	22
YNR063W	XIV	746943	748766	+	1824	62	47	54	32	49	12
YNL339C	XIV;XIV	371;6080	5931;6098	-;-	5580	0	0	0	0	0	0
YNR060W	XIV	739951	742110	+	2160	156	118	160	99	156	18
YNL287W	XIV	91994	94801	+	2808	1479	1532	1979	1203	1985	305
YNL095C	XIV	444912	446840	-	1929	298	213	316	210	353	46
YNL096C	XIV;XIV	443398;444172	443826;444315	-;-	573	912	907	1144	888	1190	161
YNL282W	XIV	107687	108274	+	588	149	118	111	95	159	27
YNL047C	XIV	539911	541881	-	1971	307	240	304	231	327	56
YNL139C	XIV	360924	365717	-	4794	262	245	254	184	328	50
tP(UGG)N1	XIV;XIV	547094;547161	547129;547196	+;+	72	1	0	0	0	1	0
YNL298W	XIV	68915	71443	+	2529	591	484	372	391	517	63
YNL113W	XIV	412771	413199	+	429	84	84	137	80	84	13
YNR003C	XIV	634344	635297	-	954	236	243	327	175	294	24
YNL316C	XIV	42071	43075	-	1005	194	181	248	176	277	44
YNL016W	XIV	602907	604268	+	1362	1697	1276	1380	1400	1981	414
YNL330C	XIV	18001	19302	-	1302	335	279	377	249	327	49
YNR010W	XIV	643744	644193	+	450	142	130	189	148	190	27
YNL172W	XIV	310636	315882	+	5247	230	220	222	157	284	33
YNL132W	XIV	375321	378491	+	3171	497	377	468	294	500	59
YNR027W	XIV	674923	675876	+	954	187	191	244	151	256	36
YNL083W	XIV	471377	472861	+	1485	62	63	93	65	99	8
YNL013C	XIV	609133	609510	-	378	2	0	0	0	0	0
YNL164C	XIV	325265	326320	-	1056	83	91	109	56	102	5
YNL274C	XIV	121118	122170	-	1053	280	235	451	268	358	84
YNL176C	XIV	305070	306980	-	1911	467	347	310	403	571	103
YNR061C	XIV	742881	743540	-	660	248	297	544	314	504	67
YNL303W	XIV	61510	61857	+	348	141	115	129	106	209	5
YNR035C	XIV	693019	694047	-	1029	809	776	1259	875	1152	182
YNL160W	XIV	336545	337609	+	1065	8522	8171	10020	10316	13406	1964
YNR024W	XIV	672409	672969	+	561	41	42	40	34	36	7
YNL024C	XIV	587107	587847	-	741	216	181	325	182	255	40
YNL018C	XIV	599936	601774	-	1839	5	6	9	2	7	0
YNL033W	XIV	572999	573853	+	855	11	11	15	8	15	1
YNL141W	XIV	359596	360639	+	1044	379	363	463	295	434	57
YNL320W	XIV	37700	38554	+	855	159	167	308	173	216	42
YNL204C	XIV	258375	259277	-	903	29	29	23	24	39	12
YNL106C	XIV	420944	424495	-	3552	287	257	324	279	330	31
YNL338W	XIV	6561	6719	+	159	0	3	0	0	0	0
YNL161W	XIV	332597	334867	+	2271	402	373	417	308	554	86
YNL247W	XIV	182875	185178	+	2304	1042	944	1018	733	1209	147
YNL285W	XIV	96173	96544	+	372	2	2	2	2	2	0
YNL062C	XIV	508776	510212	-	1437	199	202	244	165	244	31
YNL325C	XIV	28739	31378	-	2640	143	144	224	150	218	18
YNL046W	XIV	542304	542822	+	519	232	223	315	239	305	58
YNL032W	XIV	574506	575351	+	846	200	190	284	206	299	41
YNL135C	XIV	371882	372226	-	345	4318	3825	6886	4010	5839	1007
YNL212W	XIV	247461	249809	+	2349	236	286	430	270	371	72
YNL243W	XIV	188051	190957	+	2907	1419	1257	1810	1196	1701	328
YNL103W	XIV	427735	429753	+	2019	688	554	459	495	662	99
YNL144W-A	XIV	353061	353144	+	84	0	0	0	0	0	0
YNL333W	XIV	13267	14163	+	897	18	8	24	17	28	2
YNL027W	XIV	579580	581616	+	2037	285	293	249	263	373	58
YNL278W	XIV	113271	116453	+	3183	436	334	253	313	456	82
YNL144C	XIV	352820	355042	-	2223	123	91	193	180	283	21
YNL159C	XIV	338478	339347	-	870	343	274	336	239	421	56
YNL220W	XIV	234413	235714	+	1302	1925	1571	2441	1542	2167	255
YNL184C	XIV	292557	292883	-	327	0	0	0	0	0	0
YNL336W	XIV	8330	9475	+	1146	52	66	147	62	144	18
YNL264C	XIV	145563	146615	-	1053	467	430	689	519	731	95
YNL136W	XIV	370368	371645	+	1278	457	398	511	369	552	98
YNL185C	XIV	292193	292669	-	477	83	74	146	84	129	10
YNL219C	XIV	235996	237663	-	1668	525	559	847	441	719	101
YNL079C	XIV	478566	479165	-	600	1157	1290	2144	1100	1794	273
YNL244C	XIV	187170	187496	-	327	678	618	872	592	900	110
YNL054W-B	XIV	519456	524706	+	5251	806	468	425	418	678	80
YNL284C-B	XIV	96964	102232	-	5269	361	181	164	87	182	16
YNL284C-A	XIV	100910	102232	-	1323	0	0	0	0	0	0
YNL054W-A	XIV	519456	520778	+	1323	0	0	0	0	0	0
YJL160C	X	117962	118825	-	864	63	49	53	37	35	14
YJL204C	X	50629	53151	-	2523	268	248	254	252	327	33
YJR105W	X	623581	624603	+	1023	1280	1585	2555	1523	2426	350
YJR129C	X	664000	665019	-	1020	72	82	88	47	66	10
YJL139C	X	151713	152999	-	1287	296	261	347	247	345	43
YJL062W-A	X	316723	316980	+	258	502	455	379	472	482	69
YJL110C	X	209922	211577	-	1656	537	364	433	403	482	73
YJR088C	X	586495	587373	-	879	199	228	405	262	369	57
YJL213W	X	32163	33158	+	996	48	43	53	43	59	14
YJR046W	X	522048	523862	+	1815	394	274	400	235	353	58
YJL020C	X	398937	402410	-	3474	1506	1161	1517	1097	1664	293
YJL187C	X	76803	79262	-	2460	447	345	475	342	461	62
YJR131W	X	667644	669293	+	1650	145	97	196	124	135	28
YJL133W	X	160619	161563	+	945	477	395	425	396	541	74
YJL086C	X	272478	272846	-	369	0	0	0	0	0	0
YJR053W	X	534027	535751	+	1725	41	40	36	19	68	6
YJR044C	X	518763	519185	-	423	1245	1062	1402	1085	1197	211
YJR100C	X	616351	617334	-	984	180	180	309	160	234	24
YJR012C	X	459795	460418	-	624	117	78	115	108	136	20
YJR067C	X	567019	567444	-	426	65	77	117	63	81	18
YJR146W	X	703885	704238	+	354	14	17	18	25	28	5
YJR140W-A	X	690961	691110	+	150	0	0	0	0	0	0
YJR130C	X	665218	667137	-	1920	296	272	446	271	300	54
YJR069C	X	568806	569399	-	594	119	141	218	151	208	28
tV(AAC)J	X	378360	378433	+	74	0	0	0	0	0	0
YJR120W	X	647126	647476	+	351	578	528	409	529	1111	24
YJL186W	X	80155	81915	+	1761	683	563	697	533	833	108
YJL008C	X	419957	421663	-	1707	732	649	946	631	879	102
YJL061W	X	320016	322157	+	2142	303	279	448	256	451	53
YJR085C	X	585120	585437	-	318	771	720	886	670	1063	132
YJR040W	X	507746	510085	+	2340	222	211	359	187	269	44
YJL189W	X;X	75933;76325	75938;76474	+;+	156	8	8	2	5	9	3
YJR039W	X	503936	507301	+	3366	180	170	208	146	248	16
YJL202C	X	53943	54290	-	348	21	15	33	22	24	7
YJL009W	X	419855	420181	+	327	87	30	38	30	46	7
YJR005W	X	445923	448025	+	2103	714	646	1070	554	838	114
YJL006C	X	423138	424109	-	972	76	79	132	57	110	16
YJR150C	X	708811	709707	-	897	529	377	586	25	34	2
YJR098C	X	613186	615156	-	1971	75	68	121	60	106	10
YJL103C	X	229025	230881	-	1857	236	188	236	239	273	72
YJL156C	X	126853	128952	-	2100	275	230	326	257	312	51
YJL185C	X	82095	82976	-	882	104	101	131	133	140	25
YJL135W	X	157877	158194	+	318	4	0	2	0	2	0
YJR138W	X	684567	689321	+	4755	463	368	433	277	499	58
YJL108C	X	217705	218856	-	1152	91	51	92	74	113	31
YJR037W	X	503102	503485	+	384	3	4	1	2	5	1
YJR079W	X;X	580205;581053	580347;581239	+;+	330	24	6	16	14	20	1
YJR049C	X	526884	528476	-	1593	416	403	492	358	540	90
YJR008W	X	452430	453446	+	1017	383	398	620	432	565	113
YJR023C	X	469804	470205	-	402	3	5	0	5	7	1
YJR002W	X	438865	440646	+	1782	423	410	556	275	483	54
YJR145C	X;X	702027;703055	702798;703068	-;-	786	1963	1986	3608	2126	2794	499
YJR048W	X	526335	526664	+	330	115	156	254	144	234	31
YJR009C	X	453683	454681	-	999	29302	24455	48128	30552	44498	7323
YJL222W-A	X	9452	9679	+	228	0	0	0	0	0	0
YJL173C	X	96161	96529	-	369	157	142	243	183	214	49
YJR014W	X	461829	462425	+	597	390	357	631	301	530	74
YJR135W-A	X	676971	677234	+	264	140	106	173	95	146	14
YJR045C	X	519638	521602	-	1965	3128	2728	3403	2481	3561	538
YJL176C	X	92053	94530	-	2478	328	253	362	256	360	46
YJL193W	X	71366	72574	+	1209	195	190	240	177	232	28
YJR128W	X	662921	663280	+	360	2	4	0	2	4	1
YJL159W	X	120449	121690	+	1242	15634	10462	12513	10578	12670	2451
YJL030W	X	387657	388247	+	591	86	75	85	48	85	14
YJL047C	X	349580	352108	-	2529	184	175	199	148	251	32
YJL194W	X	69338	70879	+	1542	92	110	105	47	112	9
YJL195C	X	69241	69942	-	702	1	1	0	1	1	0
YJR108W	X	628712	629083	+	372	51	50	83	54	91	10
YJL199C	X	59856	60182	-	327	36	43	70	48	79	12
YJL216C	X	24341	26086	-	1746	22	37	67	24	35	10
YJL011C	X	414285	414770	-	486	62	62	103	49	60	14
YJR060W	X	548759	549814	+	1056	207	195	282	168	299	69
YJR119C	X	644304	646490	-	2187	50	46	65	56	75	8
YJR092W	X	598735	603078	+	4344	445	419	550	349	609	54
YJL051W	X	339787	342255	+	2469	351	310	344	234	396	39
YJR071W	X	570405	570773	+	369	1	4	8	0	3	0
YJR115W	X	639942	640451	+	510	242	172	256	389	367	82
YJL010C	X	417562	419562	-	2001	139	119	140	63	120	12
YJL084C	X	274862	278002	-	3141	638	568	599	491	745	71
YJR030C	X	483959	486196	-	2238	252	244	282	224	290	30
YJL119C	X	191572	191895	-	324	2	1	1	2	0	0
YJL221C	X	16767	18536	-	1770	0	0	0	0	0	0
YJR140C	X	690750	695696	-	4947	160	158	201	146	249	16
YJR161C	X	742848	743999	-	1152	96	88	157	74	167	14
YJL136C	X;X	156550;157250	156789;157273	-;-	264	3287	3673	6268	3580	5353	925
tR(ACG)J	X	233939	234011	+	73	3	0	3	0	2	1
YJL146W	X	143292	144701	+	1410	256	216	338	260	294	65
YJL060W	X	323386	324720	+	1335	1994	1488	2699	951	1196	226
tW(CCA)J	X;X	415931;416001	415966;416036	-;-	72	0	0	0	0	0	0
YJL117W	X	192531	193466	+	936	789	708	868	594	835	148
YJL149W	X	137379	139370	+	1992	231	212	226	164	283	20
YJR063W	X	555195	555572	+	378	305	264	247	203	266	45
YJL067W	X	314084	314434	+	351	26	24	33	28	27	9
YJL164C	X	109966	111159	-	1194	737	594	1079	780	1069	178
YJL223C	X	8776	9138	-	363	0	0	0	0	0	0
YJL079C	X	289875	290774	-	900	2970	2534	3251	3519	3284	581
snR3	X	663749	663942	+	194	23	15	31	11	16	2
YJL156W-A	X	126604	126825	+	222	17	20	29	27	28	1
YJL106W	X	221390	223327	+	1938	101	78	89	76	112	13
YJL171C	X	99704	100894	-	1191	321	401	526	396	453	80
YJL058C	X	326242	327873	-	1632	120	125	97	102	141	36
tL(UAG)J	X;X	617919;617976	617956;618019	+;+	82	0	0	0	0	0	0
YJL132W	X	161914	164166	+	2253	125	113	228	133	199	14
YJL172W	X	97737	99467	+	1731	743	531	730	494	709	90
YJR114W	X	638659	639051	+	393	2	0	5	3	4	0
YJL093C	X	254737	256812	-	2076	380	392	530	339	553	57
YJL163C	X	111666	113333	-	1668	242	288	361	224	328	68
YJR153W	X	722815	723900	+	1086	82	61	64	64	80	10
YJL179W	X	88787	89116	+	330	58	70	124	79	96	15
YJR080C	X	580432	581616	-	1185	236	246	424	260	361	55
YJL037W	X	376662	377336	+	675	5	4	3	3	0	0
YJL104W	X	227327	227776	+	450	337	295	428	290	423	74
YJL050W	X	342522	345743	+	3222	373	346	334	230	404	46
YJL002C	X	433221	434651	-	1431	1683	1796	2489	1716	2476	319
YJR084W	X	583733	585004	+	1272	133	162	250	137	189	37
YJL220W	X	18243	18695	+	453	0	2	5	0	0	0
YJR034W	X	496683	497009	+	327	96	68	147	98	123	28
YJR019C	X	467232	468281	-	1050	213	149	159	217	236	59
YJR093C	X	603220	604203	-	984	382	359	391	270	428	64
YJL201W	X	54379	56178	+	1800	322	344	294	274	326	50
YJL161W	X	117245	117787	+	543	212	131	274	201	178	46
YJR021C	X;X	468555;469264	469183;469579	-;-	945	369	301	408	350	457	52
YJL070C	X	307971	310637	-	2667	257	225	335	249	353	58
snR128	X	139566	139691	-	126	22	6	19	13	12	10
YJL029C	X	388385	390853	-	2469	540	360	552	410	588	82
YJR010W	X	456239	457774	+	1536	4756	2743	5032	978	1053	207
YJR151W-A	X	717580	717630	+	51	1	1	1	0	0	2
tD(GUC)J3	X	374424	374495	-	72	0	0	0	0	0	0
YJR144W	X	700882	701691	+	810	387	333	503	305	460	76
YJL073W	X	303181	305118	+	1938	350	335	303	252	362	44
YJL022W	X	398109	398417	+	309	0	0	0	1	0	1
YJR038C	X	503710	504072	-	363	3	0	4	3	0	2
snR37	X	228094	228479	-	386	50	99	422	112	120	55
YJR094W-A	X;X	608305;608582	608306;608858	+;+	279	641	616	1114	564	1012	141
YJL052W	X	338271	339269	+	999	16802	13539	23002	22077	24312	2785
YJR139C	X	689445	690524	-	1080	2108	1866	3573	1635	2524	310
YJR158W	X	732440	734143	+	1704	0	0	0	0	0	0
YJL089W	X	265926	268415	+	2490	45	42	61	76	82	12
YJL077W-B	X	294047	294145	+	99	25	22	47	36	43	4
YJL016W	X	405588	407273	+	1686	433	412	629	437	691	92
YJL127W-A	X	180194	180310	+	117	16	7	13	13	16	3
YJR007W	X	451020	451934	+	915	1812	1486	2188	1398	1699	295
tA(AGC)J	X	197313	197385	-	73	0	0	0	0	0	0
YJR096W	X	611195	612043	+	849	540	400	807	511	728	104
YJL032W	X	386348	386662	+	315	20	3	5	7	7	4
YJR065C	X	557809	559158	-	1350	2401	2039	2665	1967	2830	431
YJL019W	X	402897	404945	+	2049	272	206	217	167	281	29
YJR082C	X	581914	582255	-	342	240	232	214	211	335	53
YJL181W	X	85660	87495	+	1836	175	153	187	156	244	40
YJR095W	X	609773	610741	+	969	2	11	14	12	11	0
YJR086W	X	586068	586400	+	333	103	107	149	99	155	11
YJL077C	X	294666	295061	-	396	36	22	39	31	35	1
tR(UCU)J2	X	374506	374577	-	72	0	0	0	0	0	0
YJR006W	X	449202	450665	+	1464	416	322	557	388	518	118
YJR072C	X	570967	572124	-	1158	538	332	456	360	518	89
YJL118W	X	191639	192298	+	660	100	85	125	74	86	17
YJL184W	X	83448	83819	+	372	144	114	118	125	150	27
YJR133W	X	672991	673620	+	630	569	441	770	373	538	115
YJR025C	X	471138	471671	-	534	1583	1196	2157	1487	1777	265
YJR018W	X	466786	467148	+	363	0	0	0	1	2	0
YJL095W	X	247255	251691	+	4437	290	296	321	199	405	44
YJR147W	X	704196	705272	+	1077	710	496	408	452	628	90
YJL043W	X	360130	360903	+	774	15	10	22	17	14	4
YJL107C	X	218853	220016	-	1164	47	17	38	25	52	17
YJL012C	X	411234	413399	-	2166	704	654	1064	560	890	124
YJR121W	X	647607	649142	+	1536	6620	5767	7912	6583	8660	1152
YJL145W	X	145160	146044	+	885	228	268	359	271	395	42
YJL153C	X	134332	135933	-	1602	503	648	1064	504	584	58
YJL088W	X	268799	269815	+	1017	1154	1241	1348	486	534	84
YJR064W	X	555914	557602	+	1689	767	623	822	492	791	120
YJL137C	X	154985	156127	-	1143	136	151	208	173	237	38
YJL074C	X	299157	302849	-	3693	137	122	184	74	200	11
YJL111W	X	207877	209529	+	1653	920	817	1222	683	1055	146
YJL158C	X	122265	122948	-	684	2293	2207	3107	2282	2824	473
YJR016C	X	464451	466208	-	1758	3381	2394	3050	2310	2892	653
YJR099W	X	615576	616286	+	711	155	158	320	121	188	52
YJL208C	X	40194	41183	-	990	157	183	196	80	152	14
YJL048C	X	347447	348637	-	1191	571	570	857	706	1017	119
YJL197W	X	63805	67569	+	3765	297	278	462	270	392	65
YJR074W	X	573095	573751	+	657	362	279	457	271	422	83
YJL127C-B	X	181551	181709	-	159	279	241	269	202	312	55
tD(GUC)J4	X	541508	541579	+	72	2	0	1	2	0	0
YJL020W-A	X	400981	401238	+	258	0	0	0	0	0	0
YJL078C	X	291336	293981	-	2646	2160	1781	1545	1823	2563	395
YJL165C	X	106894	109461	-	2568	636	488	664	571	845	93
YJR117W	X	642007	643368	+	1362	718	800	893	676	1016	163
YJR057W	X	544062	544712	+	651	77	83	142	71	106	18
YJR160C	X	738008	739816	-	1809	6	14	8	7	20	4
YJL134W	X	158188	159417	+	1230	124	159	199	112	170	34
YJL219W	X	19497	21200	+	1704	8	0	8	9	2	0
YJL081C	X	283802	285271	-	1470	380	333	593	337	476	63
YJL054W	X	334265	335701	+	1437	831	777	862	665	790	102
YJR137C	X	678957	683285	-	4329	2122	1556	3036	446	648	127
tK(CUU)J	X	414966	415038	+	73	0	0	0	0	0	0
YJL038C	X	375115	375774	-	660	38	26	47	32	41	4
YJR056C	X	541792	542502	-	711	154	119	132	107	127	26
YJL072C	X	305221	305862	-	642	297	221	283	232	271	50
YJR152W	X	719666	721297	+	1632	41	56	88	46	95	8
YJL142C	X	147819	148211	-	393	37	19	10	29	29	0
YJL192C	X	72710	73414	-	705	719	767	1033	643	1074	155
YJR001W	X	436802	438610	+	1809	599	635	840	552	790	163
YJR110W	X	633615	635681	+	2067	119	153	221	111	171	34
YJL190C	X	74910	75302	-	393	1847	2434	3719	2205	3638	503
YJL182C	X	85435	85752	-	318	3	2	4	1	3	0
YJL099W	X	239414	241654	+	2241	189	185	296	143	238	36
YJL090C	X	262757	265051	-	2295	270	274	238	198	310	32
YJL055W	X	333357	334094	+	738	842	820	1328	645	1027	168
YJL085W	X	272827	274698	+	1872	124	133	168	99	199	39
YJR109C	X	629585	632941	-	3357	5329	3820	5539	3523	4847	900
YJL167W	X	105014	106072	+	1059	1458	1609	2294	1307	2017	299
tM(CAU)J3	X	517813	517884	-	72	0	0	2	0	0	0
YJL127C	X	182298	184220	-	1923	283	192	200	199	284	68
YJR004C	X	442909	444861	-	1953	5695	6752	7705	4263	6454	1185
YJL036W	X	378825	380096	+	1272	318	235	355	267	361	69
YJL150W	X	137123	137425	+	303	0	5	2	0	2	0
YJL168C	X	102227	104428	-	2202	318	279	333	233	388	77
YJR036C	X	500713	503391	-	2679	129	81	120	109	155	13
YJL162C	X	113878	115629	-	1752	77	82	110	69	88	10
YJR106W	X	624838	627015	+	2178	196	147	167	113	235	51
YJR043C	X	516461	517513	-	1053	265	240	279	221	265	66
YJR066W	X	559416	566828	+	7413	649	472	629	494	696	105
YJL001W	X;X	435163;435344	435227;435926	+;+	648	1727	1392	2144	1452	1995	404
YJR061W	X	550511	553318	+	2808	199	217	309	191	321	30
YJL212C	X	33850	36249	-	2400	1963	1940	1946	1231	1838	293
YJL024C	X;X	395931;396571	396493;396592	-;-	585	321	284	388	266	323	33
YJR125C	X	654737	655963	-	1227	1478	1117	1408	1195	1552	213
YJR051W	X	529861	531366	+	1506	328	309	471	310	484	66
YJR112W-A	X;X	637790;637859	637809;638168	+;+	330	58	60	91	54	82	17
YJR050W	X	528697	529404	+	708	104	122	127	100	142	32
YJR011C	X	458641	459426	-	786	73	94	134	88	113	17
YJR136C	X	677441	678706	-	1266	192	155	138	144	223	24
YJL200C	X	56444	58813	-	2370	2550	2648	3202	2630	4406	602
YJL188C	X	76202	76510	-	309	147	182	106	110	260	19
YJL170C	X	101150	101779	-	630	10	6	12	14	12	14
YJL129C	X	173599	177306	-	3708	728	634	694	525	821	108
YJR112W	X	637030	637635	+	606	228	151	185	96	162	22
YJR103W	X	620754	622490	+	1737	1456	1005	1554	1108	1492	262
YJL044C	X	358300	359676	-	1377	554	466	548	368	580	92
YJL157C	X	123836	126328	-	2493	1356	1195	1600	602	881	124
YJR142W	X	697141	698169	+	1029	571	537	848	547	805	93
YJL034W	X	381327	383375	+	2049	1231	1178	1912	1013	1623	227
YJL183W	X	84068	85336	+	1269	487	478	645	399	728	76
YJR031C	X	486586	490812	-	4227	178	177	217	147	188	35
YJL066C	X	314114	314872	-	759	228	170	252	216	223	48
YJR077C	X	577255	578190	-	936	1532	1532	2502	1622	2055	345
YJL064W	X	315175	315570	+	396	0	0	1	0	0	0
YJL136W-A	X	156169	156252	+	84	0	2	0	1	2	0
YJR010C-A	X	458077	458361	-	285	212	200	445	192	259	45
YJR033C	X	492378	496451	-	4074	474	311	485	354	545	64
YJL068C	X	313016	313915	-	900	518	448	717	419	660	85
YJL112W	X	205305	207449	+	2145	234	300	332	255	377	48
YJL039C	X	368748	373799	-	5052	346	337	418	272	441	76
YJL180C	X	87583	88560	-	978	222	176	303	197	242	34
YJL147C	X	141419	142567	-	1149	83	86	119	76	110	18
YJR116W	X	640825	641664	+	840	303	326	415	261	367	52
YJL025W	X	393967	395511	+	1545	151	150	161	106	160	20
YJR062C	X	553476	554849	-	1374	522	435	601	407	592	97
YJR090C	X	590872	594327	-	3456	485	417	548	358	605	74
YJR035W	X	497355	500612	+	3258	221	205	213	161	305	45
YJL174W	X	95092	95922	+	831	941	848	616	784	969	165
YJL203W	X	53341	54183	+	843	172	88	165	99	168	38
YJL014W	X	407558	409162	+	1605	799	740	1101	684	1015	172
YJL027C	X	391833	392249	-	417	1	4	6	3	8	3
YJR157W	X	730515	730877	+	363	2	2	2	4	0	0
YJR149W	X	707160	708374	+	1215	135	154	137	98	129	6
YJR154W	X	725784	726824	+	1041	65	57	81	50	83	15
YJR075W	X	573981	575171	+	1191	726	763	1073	745	1146	139
YJR052W	X	532062	533759	+	1698	168	128	230	121	206	40
IRT1	X	605936	607424	-	1489	168	130	188	166	168	40
YJL026C-A	X	393066	393287	-	222	0	0	0	0	0	0
tE(UUC)J	X	115939	116010	-	72	9	1	5	3	4	0
YJR126C	X	656254	658689	-	2436	554	565	660	528	727	120
tL(UAA)J	X	424432	424515	-	84	0	0	2	0	4	0
tG(GCC)J1	X	396726	396796	-	71	0	0	0	0	0	0
YJL005W	X	425157	431237	+	6081	651	579	821	680	911	160
YJL206C	X	47659	49935	-	2277	107	116	131	105	152	18
YJL100W	X	237263	239086	+	1824	364	267	345	310	381	74
tT(AGU)J	X	59100	59172	-	73	0	0	0	0	0	0
YJL047C-A	X	349044	349178	-	135	10	7	22	6	15	1
tD(GUC)J2	X	355456	355527	+	72	0	0	0	0	0	0
YJL222W-B	X	9346	9483	+	138	0	0	0	0	0	0
YJR076C	X	575354	576601	-	1248	618	482	647	518	700	115
YJL217W	X	23133	23729	+	597	178	146	293	184	240	23
YJR059W	X	545787	548243	+	2457	1779	1347	1664	1582	2396	349
YJR124C	X	652892	654238	-	1347	133	138	170	118	199	42
YJL143W	X	147101	147577	+	477	694	711	979	738	969	133
YJL059W	X	324964	326190	+	1227	118	71	157	81	184	42
YJR078W	X	578860	580221	+	1362	37	30	36	12	33	0
tM(CAU)J2	X	422937	423009	+	73	0	0	0	0	0	0
YJL207C	X	41389	47433	-	6045	302	349	428	299	404	38
YJL144W	X	146359	146673	+	315	118	102	165	94	180	40
YJL125C	X	185528	186679	-	1152	229	184	228	143	232	44
YJL198W	X	60844	63489	+	2646	502	433	423	368	520	80
tD(GUC)J1	X	204735	204806	+	72	0	0	2	2	1	2
YJL122W	X	189716	190243	+	528	179	169	257	110	243	39
YJL007C	X	422698	423012	-	315	2	2	2	0	2	0
YJL225C	X;X	466;4970	4581;6130	-;-	5277	8	6	5	6	4	2
YJL211C	X	36757	37200	-	444	12	3	8	2	3	1
YJR073C	X	572315	572935	-	621	3050	3709	6510	3391	4779	884
YJR143C	X	698326	700614	-	2289	912	827	1426	745	1190	230
YJL131C	X	164278	165348	-	1071	98	97	174	130	161	28
YJL177W	X;X	90786;91412	91094;91657	+;+	555	2961	3224	4399	2801	4659	625
YJR032W	X	491081	492262	+	1182	138	175	244	144	210	30
YJR151C	X	712255	715740	-	3486	180	151	149	122	135	23
YJR024C	X	470230	470964	-	735	131	144	217	124	231	39
YJL140W	X	150961	151626	+	666	517	516	803	419	790	93
YJR068W	X	567643	568704	+	1062	446	355	560	377	456	70
YJR017C	X	466521	467033	-	513	440	370	570	479	453	86
YJR058C	X	544732	545175	-	444	128	119	171	108	168	22
YJR101W	X	618234	619034	+	801	105	111	163	96	158	40
YJL026W	X	392404	393603	+	1200	463	491	852	530	763	100
YJL096W	X	246490	246975	+	486	200	164	202	171	234	44
tM(CAU)J1	X	391043	391115	-	73	0	0	0	0	2	2
tR(CCU)J	X	538555	538626	+	72	2	0	2	2	2	0
YJR156C	X	728574	729596	-	1023	20	24	23	14	25	3
YJL063C	X	315759	316475	-	717	268	256	329	224	294	48
YJR159W	X	736044	737117	+	1074	0	6	4	0	4	0
YJR094C	X	604569	605651	-	1083	92	88	73	82	102	26
tG(GCC)J2	X	531828	531898	+	71	1	0	0	0	0	0
YJL028W	X	391311	391646	+	336	0	1	0	0	2	0
YJL101C	X	234320	236356	-	2037	1454	1089	1559	646	1071	140
YJL056C	X	330431	333073	-	2643	1752	1614	1409	1216	1754	205
tY(GUA)J1	X;X	354244;354297	354282;354332	+;+	75	1	0	0	2	0	0
YJR041C	X	510239	513763	-	3525	274	245	225	202	339	28
YJL080C	X	285558	289226	-	3669	1837	1495	2180	1391	2181	390
YJR091C	X	595061	598336	-	3276	1891	1263	1295	1520	1967	295
YJR013W	X	460382	461593	+	1212	175	205	216	206	247	38
YJL222W	X	11475	16124	+	4650	29	19	17	17	29	7
YJL121C	X	190374	191090	-	717	739	615	940	628	804	128
YJL138C	X	153504	154691	-	1188	8753	6535	9082	6210	8449	991
YJR047C	X	524908	525381	-	474	105	88	152	70	92	22
YJL151C	X	136372	136773	-	402	1659	1406	2491	1894	2217	505
YJL057C	X	328118	330121	-	2004	307	278	403	307	394	68
YJL218W	X	21973	22563	+	591	51	30	77	69	63	11
YJR087W	X	586400	586750	+	351	1	1	2	0	4	0
YJL130C	X	165723	172367	-	6645	2274	1919	2618	1671	2738	391
snR190	X	139761	139950	-	190	9	3	180	21	22	19
YJL069C	X	310922	312706	-	1785	558	355	362	273	353	46
YJL045W	X	356024	357928	+	1905	35	40	21	31	44	8
YJL091C	X	261080	262552	-	1473	208	279	306	208	350	33
YJL033W	X	383837	386149	+	2313	411	340	352	225	335	46
YJR122W	X	649776	651269	+	1494	202	203	188	143	227	36
YJL041W	X	365903	368373	+	2471	1007	774	929	741	1134	154
tR(UCU)J1	X	355374	355445	+	72	0	0	0	0	0	0
YJL065C	X	315054	315557	-	504	29	23	42	38	44	8
YJR148W	X	705744	706874	+	1131	933	780	1129	735	1013	191
YJL123C	X	188004	189440	-	1437	1256	919	1254	994	1357	241
YJL046W	X	352386	353615	+	1230	106	82	125	96	152	23
YJR123W	X	651901	652578	+	678	4275	5173	8569	4729	7049	994
YJR118C	X	643490	644101	-	612	206	298	420	233	411	55
YJL071W	X	306132	307856	+	1725	230	224	274	206	265	24
YJR015W	X	462721	464253	+	1533	562	540	599	521	606	94
YJR102C	X	619157	619765	-	609	164	117	196	100	146	29
YJL004C	X	431589	432200	-	612	84	97	116	81	134	9
YJL155C	X	129285	130643	-	1359	353	328	580	353	551	87
YJL154C	X	131101	133935	-	2835	543	531	708	476	786	90
YJR107W	X	627340	628326	+	987	242	185	312	224	282	46
YJL035C	X	380249	381001	-	753	51	65	91	49	50	20
YJR089W	X	587718	590582	+	2865	169	180	210	163	268	22
YJL042W	X	361249	365445	+	4197	1458	1108	1382	1217	1607	234
YJL169W	X	102099	102467	+	369	14	12	23	17	24	3
YJL115W	X	196287	197126	+	840	314	228	401	249	331	82
YJR003C	X	440994	442553	-	1560	221	211	243	184	259	29
YJL116C	X	193860	194873	-	1014	178	130	175	141	192	18
YJL053W	X	335898	337037	+	1140	604	495	684	607	775	113
YJL124C	X	187126	187644	-	519	623	596	754	605	933	101
YJR104C	X	622550	623014	-	465	3541	3342	6680	3704	4941	1106
YJL105W	X	225055	226737	+	1683	140	152	122	60	125	18
YJL215C	X	26412	26771	-	360	21	15	33	12	17	9
YJR070C	X	569621	570598	-	978	1097	832	862	672	894	146
YJR097W	X	612413	612931	+	519	33	35	40	24	20	1
YJL126W	X	184501	185424	+	924	43	60	84	40	100	4
YJL214W	X	26887	28596	+	1710	54	65	62	71	97	17
YJL166W	X	106434	106718	+	285	2772	1834	2248	1907	2150	280
YJL023C	X	397355	398398	-	1044	65	44	67	57	94	8
YJL094C	X	251821	254442	-	2622	292	282	338	241	332	44
YJR054W	X	536056	537549	+	1494	164	175	186	139	218	24
YJR141W	X	695906	696949	+	1044	134	132	168	102	180	20
YJL191W	X;X	73787;74205	73796;74611	+;+	417	584	515	769	452	647	128
YJR135C	X	676059	676778	-	720	31	23	39	14	49	4
YJL049W	X	345973	347325	+	1353	111	128	156	106	151	31
YJR155W	X	727405	728271	+	867	173	129	162	148	204	24
YJL109C	X	212000	217309	-	5310	626	638	745	430	737	72
YJL013C	X	409493	411040	-	1548	205	265	338	219	358	51
YJL141C	X	147967	150390	-	2424	1322	1039	1298	1249	1628	269
YJL133C-A	X	159623	159847	-	225	541	511	868	858	1001	155
YJL178C	X	89282	90097	-	816	352	429	657	360	608	75
YJR022W	X	469784	470113	+	330	0	0	0	0	0	0
YJL062W	X	317284	319776	+	2493	723	568	596	506	673	100
YJL197C-A	X	65805	66086	-	282	0	0	0	0	0	0
YJL082W	X	281185	283380	+	2196	1062	810	1172	983	1300	201
YJL120W	X	191022	191345	+	324	7	6	4	2	6	3
YJL098W	X	242082	245258	+	3177	217	223	289	120	290	32
YJL152W	X	136174	136533	+	360	5	8	10	4	8	0
YJR162C	X	744911	745261	-	351	0	0	0	0	0	0
YJL196C	X	67850	68782	-	933	391	371	656	420	754	98
YJL003W	X	432644	433000	+	357	33	52	92	36	49	4
YJL015C	X	407142	407426	-	285	37	16	34	27	36	6
YJL075C	X	298460	298876	-	417	9	17	9	8	20	3
YJR020W	X	468001	468333	+	333	0	1	2	0	1	0
YJL205C	X;X	50139;50412	50268;50443	-;-	162	117	101	157	123	105	9
YJR113C	X	638232	638975	-	744	173	143	254	185	212	38
YJR111C	X	635855	636706	-	852	465	358	480	323	402	63
YJR055W	X	538772	539266	+	495	29	30	33	16	32	3
tY(GUA)J2	X;X	542956;543006	542991;543044	-;-	75	0	0	0	0	0	0
YJL148W	X	140437	141138	+	702	248	284	320	226	382	39
tS(AGA)J	X	524012	524093	-	82	0	0	0	0	0	0
YJL097W	X	245591	246244	+	654	654	649	788	603	818	98
YJL031C	X;X	386368;387436	387348;387438	-;-	984	121	134	203	129	221	26
YJR132W	X	669522	672668	+	3147	239	236	296	221	311	48
YJL092W	X	257423	260947	+	3525	385	311	429	246	471	51
YJL083W	X	278841	280655	+	1815	217	149	212	173	221	32
YJL175W	X	94049	94561	+	513	0	0	0	0	0	0
YJL225W-A	X	829	1311	+	483	0	0	0	0	0	0
snR60	X	349130	349233	-	104	0	1	0	2	0	0
YJL102W	X	231301	233760	+	2460	180	187	263	188	259	38
YJL077W-A	X	294799	294885	+	87	0	0	0	0	0	0
YJL052C-A	X	337884	338003	-	120	0	1	4	0	0	0
YJR083C	X	582608	583537	-	930	347	227	344	257	307	40
YJL128C	X	178097	180103	-	2007	698	572	659	495	780	128
YJR005C-A	X	448477	448758	-	282	1	1	2	1	4	2
YJR042W	X	514055	516289	+	2235	271	203	342	225	314	66
YJL209W	X	38005	39969	+	1965	307	224	284	201	310	32
YJL087C	X	270002	272485	-	2484	104	106	162	98	178	23
YJR127C	X	658917	663059	-	4143	1047	792	918	779	1223	178
YJL210W	X	36919	37734	+	816	467	301	499	296	366	80
YJR134C	X	673729	675852	-	2124	333	341	379	294	409	66
YJL076W	X	295245	298814	+	3570	961	786	802	654	1147	148
YJR027W	X	472760	478028	+	5269	171	135	162	120	159	50
YJL113W	X	198678	203325	+	4648	49	43	24	22	45	8
YJR026W	X	472760	474082	+	1323	0	0	0	0	0	0
YJR028W	X	478344	479666	+	1323	0	0	0	0	0	0
YJL114W	X	197915	198595	+	681	0	2	6	0	6	2
YJR029W	X	478344	483612	+	5269	0	0	0	3	2	0
YKL103C	XI	246138	247682	-	1545	1057	753	1406	888	1195	208
tL(UAA)K	XI	84208	84291	+	84	0	0	0	0	0	0
YKL131W	XI	194478	194999	+	522	3	0	12	2	1	2
tV(AAC)K1	XI	308144	308217	-	74	0	0	0	1	0	0
tT(CGU)K	XI	46735	46806	-	72	0	4	0	2	1	0
snR69	XI	364776	364876	+	101	9	6	7	4	12	1
YKR004C	XI;XI	446799;447811	447706;448036	-;-	1134	66	95	117	97	125	18
YKR092C	XI	612665	613885	-	1221	328	387	378	253	391	18
YKL002W	XI;XI	437778;437906	437837;438544	+;+	699	480	501	808	509	686	106
tA(AGC)K1	XI	219895	219967	+	73	0	0	0	0	0	0
YKL173W	XI	122517	125543	+	3027	323	280	388	259	352	36
YKL061W	XI	325771	326112	+	342	148	154	196	109	190	17
YKL139W	XI	182958	184544	+	1587	170	152	141	104	201	30
YKL180W	XI;XI	109269;109884	109577;110129	+;+	555	8009	8087	12510	7274	11126	1452
YKL004W	XI	435580	436785	+	1206	918	767	950	717	1021	151
YKL143W	XI	176781	178172	+	1392	258	221	255	153	283	29
YKL062W	XI	323228	325120	+	1893	640	577	735	893	1225	170
YKL172W	XI	125759	127042	+	1284	636	668	763	450	803	93
YKR014C	XI	465367	466071	-	705	282	326	600	304	489	89
YKL149C	XI	167612	168829	-	1218	47	80	88	52	83	6
YKR099W	XI	635851	638286	+	2436	342	254	154	192	282	30
YKL110C	XI	228939	229880	-	942	228	225	240	202	258	34
YKL094W	XI	263349	264290	+	942	562	493	648	527	620	113
YKR094C	XI;XI	617996;618743	618374;618750	-;-	387	3332	3727	5485	4043	5407	997
YKR058W	XI	552770	554620	+	1851	706	586	858	766	993	163
YKL183C-A	XI	98395	98607	-	213	15	9	9	12	14	3
YKR052C	XI	532550	533464	-	915	167	158	212	184	219	47
YKL157W	XI;XI	154991;155655	155271;158232	+;+	2859	1213	1110	1704	925	1629	202
YKL068W-A	XI	309206	309442	+	237	228	322	454	130	237	13
YKR062W	XI	559666	560652	+	987	234	195	375	207	308	33
YKL091C	XI	269718	270650	-	933	400	305	669	467	773	113
YKR073C	XI	578187	578507	-	321	4	1	6	5	7	0
YKR087C	XI	603195	604232	-	1038	179	275	294	193	360	49
YKL070W	XI	306211	306720	+	510	98	78	103	75	85	15
YKR038C	XI	511999	513159	-	1161	508	386	494	397	453	116
YKR048C	XI	525387	526640	-	1254	859	767	1187	896	1176	220
YKL096W-A	XI	259253	259531	+	279	9578	10630	16302	13299	14336	2597
YKL014C	XI	411619	416913	-	5295	469	446	507	312	566	48
YKR082W	XI	592825	596298	+	3474	416	401	503	296	522	64
YKR045C	XI	523418	523969	-	552	167	134	121	106	188	21
YKL018C-A	XI	403580	403879	-	300	107	74	74	72	99	20
YKL126W	XI	205707	207749	+	2043	908	885	1343	820	1283	182
YKR072C	XI	576435	578123	-	1689	909	646	745	674	971	141
YKR075W-A	XI	580212	580481	+	270	0	0	0	0	0	0
YKL074C	XI	294610	296193	-	1584	178	157	228	146	213	34
YKL087C	XI	277189	277863	-	675	421	316	526	423	474	70
YKL018W	XI	404102	405091	+	990	186	148	210	154	197	29
YKL135C	XI	186460	188640	-	2181	490	432	510	432	500	100
YKL112W	XI	226570	228765	+	2196	259	255	210	231	330	44
YKR085C	XI	599094	599681	-	588	191	99	170	123	158	35
YKR102W	XI	646356	649865	+	3510	99	83	129	102	141	14
YKL217W	XI	22234	24084	+	1851	107	99	129	115	162	24
YKR044W	XI	522015	523346	+	1332	311	255	325	230	308	47
YKR080W	XI	590395	591357	+	963	1193	856	754	695	1036	165
YKL065W-A	XI	315954	316175	+	222	9	8	14	8	7	0
YKL156C-A	XI	158975	159091	-	117	0	0	0	0	0	0
YKR068C	XI	570328	570909	-	582	191	183	304	160	181	34
YKR027W	XI	491364	493661	+	2298	213	201	287	201	304	39
YKL081W	XI;XI	282891;283422	283095;284455	+;+	1239	2054	2359	3426	1893	3171	419
YKR022C	XI	482171	483139	-	969	193	155	206	118	204	36
YKL083W	XI	280921	281535	+	615	15	4	9	2	13	0
YKL198C	XI	68232	70220	-	1989	612	482	413	442	585	114
YKR007W	XI	451434	451988	+	555	214	178	173	170	231	36
YKR078W	XI	584952	586709	+	1758	257	195	279	207	340	56
YKR001C	XI	440608	442722	-	2115	1333	1170	1898	1182	1899	249
YKR025W	XI	487770	488618	+	849	285	222	345	251	322	40
YKL124W	XI	210593	212332	+	1740	224	202	217	173	223	19
YKR095W	XI	619805	625432	+	5628	731	670	730	561	1078	123
YKL129C	XI	196349	200167	-	3819	731	529	649	589	853	122
YKL100C	XI	253697	255460	-	1764	885	930	1520	1031	1569	175
YKL041W	XI	360143	360817	+	675	295	191	278	206	327	59
YKL221W	XI	6107	7528	+	1422	16	4	18	14	17	2
YKL031W	XI	382072	382485	+	414	21	15	22	20	27	4
YKR074W	XI	579209	579676	+	468	186	221	302	206	281	49
YKL138C	XI	185286	185681	-	396	275	308	336	267	329	40
YKL063C	XI	321015	321518	-	504	364	367	492	428	723	70
tK(UUU)K	XI;XI	578965;579025	579001;579060	+;+	73	2	0	0	0	0	0
YKL024C	XI	392526	393140	-	615	382	304	371	303	462	47
YKL086W	XI	278281	278664	+	384	31	42	60	52	56	2
YKL073W	XI	296430	299075	+	2646	321	337	390	282	486	58
YKR006C	XI	450423	451217	-	795	461	428	604	370	499	66
YKL034W	XI	371829	374105	+	2277	579	490	541	476	650	84
YKL118W	XI	219126	219437	+	312	0	2	4	0	0	1
YKL104C	XI	243220	245373	-	2154	1352	1086	1962	929	1580	163
YKL191W	XI	81035	82639	+	1605	318	289	304	209	288	58
YKR042W	XI	519527	520624	+	1098	6913	6822	9227	6053	8675	1349
YKR013W	XI	463959	464948	+	990	1501	1076	720	947	1117	178
YKR101W	XI	640540	642504	+	1965	81	68	92	88	91	10
YKL039W	XI	362622	364193	+	1572	817	883	1221	720	1090	198
YKL214C	XI	31082	31693	-	612	201	180	269	185	246	36
YKL155C	XI	159456	161342	-	1887	99	111	116	64	132	12
YKL116C	XI	221344	222900	-	1557	204	172	365	192	312	50
YKR089C	XI	605633	608365	-	2733	1520	1290	1510	1194	1845	260
YKR018C	XI	473723	475900	-	2178	1488	1300	1960	1229	1674	220
YKR079C	XI	586789	589305	-	2517	186	145	235	137	231	23
YKL153W	XI	163600	164109	+	510	975	421	905	544	832	74
YKL027W	XI	387562	388905	+	1344	169	172	252	143	249	26
YKL100W-A	XI	254159	254248	+	90	0	0	0	0	0	0
YKL035W	XI	369891	371390	+	1500	3482	3046	5633	4007	5309	934
YKL084W	XI	280509	280859	+	351	331	251	348	254	293	64
YKL207W	XI	48194	48955	+	762	357	376	608	314	507	93
YKR066C	XI	566113	567198	-	1086	1690	1360	2364	1469	1961	318
YKL117W	XI	220324	220974	+	651	1551	1457	2396	1378	1929	347
YKL140W	XI	180779	182425	+	1647	699	753	966	679	1044	132
YKL007W	XI	429302	430108	+	807	712	728	1010	632	1103	143
YKL051W	XI	341312	342373	+	1062	1115	875	1025	930	1283	197
YKL022C	XI	394726	397248	-	2523	307	213	275	170	249	40
YKL021C	XI	397344	398750	-	1407	311	242	321	211	314	56
YKL148C	XI	169207	171129	-	1923	503	472	812	590	687	152
YKL038W	XI	365605	369117	+	3513	592	382	584	424	683	97
YKL125W	XI	208247	210130	+	1884	235	253	317	188	278	32
YKL048C	XI	347214	349136	-	1923	151	113	139	91	160	13
YKL053W	XI	339572	339946	+	375	1	1	7	0	3	0
YKR093W	XI	615730	617535	+	1806	885	1122	1175	559	999	126
YKL201C	XI	63930	67466	-	3537	809	687	994	384	551	79
YKL123W	XI	212043	212423	+	381	2	0	0	6	2	0
YKL224C	XI	1810	2181	-	372	0	0	0	0	0	0
YKL077W	XI	291453	292631	+	1179	1216	1344	2024	1270	2004	232
YKR103W	XI	653080	656736	+	3657	82	80	143	55	97	10
YKR104W	XI	656836	657756	+	921	24	25	23	30	32	4
YKR024C	XI	485144	487372	-	2229	151	140	175	82	112	12
YKR056W	XI	549448	551367	+	1920	686	524	646	412	590	46
YKL203C	XI	55935	63359	-	7425	327	330	418	298	391	60
YKR054C	XI	535647	547925	-	12279	391	312	407	216	406	58
YKR057W	XI;XI	551657;552003	551680;552242	+;+	264	414	491	1000	543	809	162
YKL133C	XI	191679	193070	-	1392	70	58	102	60	107	20
tH(GUG)K	XI	313401	313472	-	72	0	2	0	2	0	0
YKL122C	XI	212495	212998	-	504	500	504	610	502	619	146
YKR100C	XI	638901	639968	-	1068	322	292	449	267	437	56
YKR083C	XI	596421	596822	-	402	127	110	142	112	185	34
YKL225W	XI	451	798	+	348	0	0	0	0	0	0
YKL189W	XI	84704	85903	+	1200	212	268	342	212	279	48
YKL113C	XI	224727	225875	-	1149	212	265	399	198	318	55
tV(AAC)K2	XI	379680	379753	+	74	0	0	0	2	0	0
YKL213C	XI	31960	34107	-	2148	776	594	889	606	850	162
YKL154W	XI	161601	162335	+	735	163	156	250	160	229	38
YKR063C	XI	560789	562297	-	1509	175	165	255	178	241	31
YKL163W	XI	144401	145378	+	978	569	310	395	642	519	79
YKL174C	XI	120380	122236	-	1857	307	332	445	265	404	46
YKL134C	XI	189124	191442	-	2319	81	84	132	81	120	22
YKR011C	XI	461635	462696	-	1062	414	414	754	474	625	56
YKL005C	XI	433093	434877	-	1785	386	331	443	282	491	64
YKL069W	XI	307285	307827	+	543	123	76	121	74	126	8
YKL006W	XI;XI	431906;432433	432034;432720	+;+	417	1282	1477	2760	1368	2203	315
YKL187C	XI	89284	91536	-	2253	91	76	83	67	91	13
YKL111C	XI	228464	228799	-	336	1	0	2	2	3	0
YKR035W-A	XI	507939	508553	+	615	0	0	0	0	0	0
YKL182W	XI	100671	106826	+	6156	6687	6683	10284	5776	9144	1060
YKL099C	XI	255720	256472	-	753	137	96	162	102	178	14
YKL179C	XI	110464	112503	-	2040	351	280	469	288	469	72
YKL047W	XI	349463	351013	+	1551	131	172	267	172	251	30
YKL049C	XI	346075	346764	-	690	81	74	104	50	63	23
YKL220C	XI	9091	11226	-	2136	23	34	40	33	82	6
YKL183W	XI	98721	99641	+	921	109	119	240	131	154	29
YKL181W	XI	107316	108599	+	1284	630	645	974	648	851	168
YKL088W	XI	275283	276998	+	1716	426	414	521	398	708	62
YKL209C	XI	42423	46295	-	3873	72	68	74	86	115	10
tL(CAA)K	XI;XI	458557;458627	458594;458670	+;+	82	1	0	2	1	0	0
YKR019C	XI	476216	478063	-	1848	204	212	219	130	220	44
YKR012C	XI	463739	464116	-	378	10	8	4	14	7	2
YKL166C	XI	134509	135705	-	1197	224	165	270	132	211	26
YKL016C	XI	407465	407989	-	525	1438	1310	2159	1317	1763	254
YKR086W	XI	599857	603072	+	3216	357	279	321	261	409	48
tR(ACG)K	XI	490968	491040	+	73	0	0	1	1	2	2
YKL141W	XI	179667	180263	+	597	937	995	1511	1248	1479	283
YKL065C	XI	316437	317057	-	621	944	999	1521	1002	1524	206
YKL013C	XI	417508	418023	-	516	665	594	1061	656	886	202
YKL040C	XI	361058	361828	-	771	212	246	374	191	334	62
YKR061W	XI	557677	558954	+	1278	137	106	152	125	183	21
YKL096W	XI	261132	261851	+	720	710	566	1075	775	930	220
YKR050W	XI	527815	530484	+	2670	338	282	339	262	341	72
YKL170W	XI	130634	131050	+	417	49	54	64	59	72	18
YKR046C	XI	524223	525074	-	852	1303	1104	1595	1127	1367	272
YKL210W	XI	39163	42237	+	3075	1895	1914	2532	1711	2669	320
YKR002W	XI	443232	444938	+	1707	316	265	387	261	359	52
YKL015W	XI	408544	411483	+	2940	379	370	404	296	470	64
snR87	XI	431030	431138	-	109	5	10	10	6	9	1
YKL009W	XI	426242	426952	+	711	319	320	448	264	353	43
YKL108W	XI	234426	235787	+	1362	124	90	153	102	144	22
YKR097W	XI	631152	632801	+	1650	24	35	51	29	27	3
YKL071W	XI	305114	305884	+	771	94	89	129	88	100	3
YKL075C	XI	292956	294308	-	1353	84	96	183	156	164	28
YKL206C	XI	49006	49809	-	804	154	176	226	132	145	31
tD(GUC)K	XI	513332	513403	-	72	2	0	0	0	1	0
YKL195W	XI	75821	77032	+	1212	872	763	1098	731	1057	182
YKL130C	XI	195288	196028	-	741	118	106	207	96	161	17
YKL064W	XI	317764	320673	+	2910	1093	832	1006	913	1206	200
YKR026C	XI	488738	489655	-	918	540	373	533	405	481	108
YKL076C	XI	292838	293221	-	384	43	15	40	34	36	3
YKL188C	XI	86225	88786	-	2562	141	129	154	147	211	25
YKL196C	XI	74932	75534	-	603	608	628	1003	541	955	100
snR42	XI	559016	559366	-	351	33	22	119	19	28	10
YKR105C	XI	658716	660464	-	1749	76	53	74	72	103	11
YKL109W	XI	232227	233891	+	1665	511	374	718	1090	1339	181
YKR071C	XI	574934	575980	-	1047	607	506	832	511	754	97
YKL168C	XI	131288	133462	-	2175	513	360	372	385	552	86
YKL102C	XI	248062	248367	-	306	1	0	0	0	4	0
YKR090W	XI	608946	611066	+	2121	279	238	295	208	340	63
YKR036C	XI	508702	510633	-	1932	395	321	355	259	460	57
YKL202W	XI	63821	64402	+	582	93	49	65	33	50	10
YKR084C	XI	597055	598890	-	1836	242	230	385	230	345	34
YKL216W	XI	25215	26159	+	945	144	120	208	150	173	21
YKR055W	XI	548216	549091	+	876	147	165	153	123	145	4
YKL219W	XI	14485	15708	+	1224	179	174	301	175	238	26
YKL020C	XI	398832	402080	-	3249	558	458	508	455	796	88
YKL178C	XI	113215	114627	-	1413	1860	2323	3303	1277	2220	297
YKL067W	XI	314812	315273	+	462	131	172	387	222	286	26
YKL097C	XI	258503	258913	-	411	2	4	11	10	0	2
YKL095W	XI	262277	263113	+	837	75	79	102	70	112	22
YKR031C	XI	501344	506395	-	5052	444	388	565	353	512	87
YKL036C	XI	369528	369920	-	393	20	6	9	18	29	6
YKR088C	XI	604405	605418	-	1014	258	326	348	264	372	66
YKL151C	XI	164917	165930	-	1014	732	691	1347	732	892	182
YKL105C	XI	239185	242583	-	3399	466	418	450	431	660	88
YKL169C	XI	130685	131068	-	384	4	2	1	2	7	2
YKL150W	XI	166544	167452	+	909	1559	1652	2599	1652	2477	327
YKL023C-A	XI	393146	393373	-	228	65	94	104	83	117	36
YKL138C-A	XI	184803	185012	-	210	69	74	48	55	96	12
YKL082C	XI	281025	282329	-	1305	276	244	276	225	334	54
YKR070W	XI	573574	574632	+	1059	207	172	351	215	301	47
YKR021W	XI	479234	481981	+	2748	452	366	351	417	560	98
YKR016W	XI	469717	471339	+	1623	596	531	709	553	839	104
YKR033C	XI	506879	507304	-	426	0	0	0	0	0	0
YKR059W	XI	554987	556174	+	1188	1771	1991	2617	1923	2918	357
YKR069W	XI	571612	573393	+	1782	1550	1128	2225	447	567	95
YKR053C	XI	534067	535281	-	1215	97	158	205	96	165	23
YKL218C	XI	17359	18339	-	981	386	266	473	294	376	67
YKL167C	XI	133721	134134	-	414	128	140	170	143	156	24
tE(UUC)K	XI	141018	141089	-	72	0	0	1	0	0	0
YKL142W	XI	178515	179174	+	660	1415	1204	1659	1131	1864	209
YKL011C	XI	420155	421216	-	1062	150	122	215	129	175	16
YKL160W	XI	153269	153706	+	438	979	900	1136	740	1112	166
YKL144C	XI	175843	176481	-	639	203	183	284	128	220	33
YKL055C	XI	335321	336157	-	837	119	75	76	85	96	24
YKR043C	XI	520897	521712	-	816	799	841	880	700	1106	160
YKR039W	XI	515063	516871	+	1809	1635	2404	3293	1370	2667	377
YKL019W	XI	402568	403518	+	951	400	388	643	431	484	84
YKL184W	XI	96757	98157	+	1401	551	553	766	465	796	111
YKR029C	XI	497578	499833	-	2256	241	276	316	227	376	44
YKL176C	XI	115500	117986	-	2487	595	470	569	422	672	103
YKL033W-A	XI	374505	375215	+	711	630	468	752	540	742	68
YKL090W	XI	271878	273209	+	1332	237	202	309	249	366	60
YKR041W	XI	518198	518950	+	753	4	5	0	2	2	1
YKL010C	XI	421424	425875	-	4452	422	379	593	324	519	76
YKL032C	XI	380065	381858	-	1794	1770	1250	1315	1403	1755	298
YKR051W	XI	530946	532202	+	1257	224	187	239	186	236	63
YKR098C	XI	633026	635179	-	2154	405	350	420	457	589	74
YKL175W	XI	118793	120304	+	1512	2254	1976	2387	1452	2274	302
YKL120W	XI	217344	218318	+	975	204	222	184	128	187	19
YKL222C	XI	3503	5620	-	2118	147	172	179	151	212	22
YKL092C	XI	266145	269459	-	3315	193	189	317	169	325	56
YKL068W	XI	310199	313078	+	2880	822	702	740	546	913	124
YKR009C	XI	454352	457054	-	2703	230	204	290	213	343	44
tA(AGC)K2	XI	517988	518060	+	73	3	0	3	0	2	0
YKR028W	XI	494257	497358	+	3102	805	752	1096	532	973	186
YKR076W	XI	582283	583395	+	1113	162	133	196	151	201	30
YKR106W	XI	661442	663289	+	1848	53	36	45	46	54	4
YKL197C	XI	70734	73865	-	3132	176	132	256	118	180	20
YKL152C	XI	163642	164385	-	744	3788	3660	6241	3727	6673	711
YKL093W	XI	264789	265808	+	1020	113	93	136	163	175	18
YKL080W	XI	285030	286208	+	1179	1772	1550	2391	1713	2325	290
YKL185W	XI	94499	96265	+	1767	1355	1264	1172	1072	1634	190
YKR081C	XI	591506	592540	-	1035	294	233	261	194	247	45
YKR035C	XI	507920	508561	-	642	2	1	1	2	1	2
YKL101W	XI	248920	253476	+	4557	956	905	970	743	1136	180
YKR008W	XI	452201	454078	+	1878	469	431	576	420	666	86
tW(CCA)K	XI;XI	302918;302988	302953;303023	+;+	72	0	2	8	0	2	0
YKL056C	XI	334412	334915	-	504	3231	4101	8999	3902	6399	812
YKL156W	XI;XI	158613;158967	158615;159212	+;+	249	185	169	207	175	226	28
YKL162C	XI	147630	148838	-	1209	130	84	121	103	129	24
YKL192C	XI	80160	80537	-	378	1189	1019	1438	1098	1260	196
YKR064W	XI	562547	565138	+	2592	369	314	473	321	468	80
YKL017C	XI	405190	407241	-	2052	203	170	198	155	277	29
YKL204W	XI	53704	55602	+	1899	917	669	581	581	906	138
YKL190W	XI;XI	82947;83075	82998;83550	+;+	528	369	329	454	315	471	50
YKL211C	XI	36699	38153	-	1455	1418	990	1450	1022	1242	241
YKL115C	XI	222893	223285	-	393	14	12	11	13	22	7
YKL107W	XI	236141	237070	+	930	31	40	56	25	43	4
YKL127W	XI	203541	205253	+	1713	735	583	1136	525	749	160
YKL165C-A	XI	135790	136023	-	234	2	5	10	5	7	0
YKR049C	XI	526830	527231	-	402	231	194	338	230	288	52
YKL052C	XI	339668	340546	-	879	210	109	185	183	234	49
YKL053C-A	XI	339182	339442	-	261	183	119	216	164	174	33
YKL121W	XI	214142	216700	+	2559	505	279	242	372	603	73
tN(GUU)K	XI	74624	74697	+	74	4	1	1	2	3	0
YKL050C	XI	342852	345620	-	2769	61	60	117	64	96	13
YKL194C	XI	77258	78646	-	1389	211	174	314	160	229	43
YKR037C	XI	510910	511797	-	888	96	99	159	82	154	18
YKL059C	XI	328118	329443	-	1326	384	333	431	315	476	65
YKL205W	XI	50051	53353	+	3303	515	404	438	376	515	68
YKL137W	XI	185957	186292	+	336	114	110	190	137	215	16
YKR015C	XI	466961	468667	-	1707	98	79	125	81	134	10
YKL146W	XI	171783	173861	+	2079	629	604	692	503	708	112
YKR003W	XI	445381	446727	+	1347	999	759	1206	814	1130	151
YKL028W	XI	385758	387206	+	1449	583	553	728	504	692	176
YKR010C	XI	458924	461239	-	2316	400	264	340	292	421	54
YKL193C	XI	78866	79882	-	1017	570	580	616	522	738	84
tK(CUU)K	XI	202999	203071	+	73	0	0	1	1	0	0
YKL212W	XI	34543	36414	+	1872	925	915	1415	853	1340	187
YKL147C	XI	171551	172168	-	618	0	0	1	2	0	0
YKL054C	XI	336537	338753	-	2217	1808	1436	1137	1327	1847	388
snR38	XI	283185	283279	+	95	1	4	3	0	3	1
YKR096W	XI	626793	630380	+	3588	574	490	731	546	853	120
YKL006C-A	XI;XI	430198;430597	430455;430632	-;-	294	420	350	498	369	490	54
YKL164C	XI	141794	142819	-	1026	3851	3173	4190	3086	4000	767
YKL145W-A	XI	174958	175050	+	93	0	0	0	0	0	0
YKL026C	XI	389380	389883	-	504	113	111	210	121	188	17
YKL044W	XI	356322	356642	+	321	53	33	28	33	63	3
YKL089W	XI	273394	275043	+	1650	101	66	118	76	98	13
YKR077W	XI	583653	584744	+	1092	222	168	261	188	328	46
YKR095W-A	XI;XI	625864;625977	625901;626205	+;+	267	39	42	64	54	52	10
YKL079W	XI	286603	288573	+	1971	202	198	255	198	367	38
YKL161C	XI	149386	150687	-	1302	59	54	91	56	68	16
YKL159C	XI	153816	154451	-	636	177	116	200	126	159	22
YKR030W	XI	500282	501103	+	822	319	324	317	257	380	46
YKL037W	XI	369365	369721	+	357	62	32	62	37	53	5
YKL042W	XI	358475	359566	+	1092	150	113	202	106	191	22
YKR020W	XI	478338	478832	+	495	91	122	114	95	153	19
YKL012W	XI	418310	420061	+	1752	432	367	460	313	576	76
YKL106W	XI	237536	238891	+	1356	450	367	464	334	493	69
YKR075C	XI	579827	580750	-	924	79	77	141	254	215	41
YKR065C	XI	565299	565892	-	594	207	161	309	182	253	42
YKL043W	XI	356748	357848	+	1101	682	643	801	708	868	218
YKL045W	XI	353493	355079	+	1587	117	135	201	120	216	28
YKR060W	XI	556518	557342	+	825	136	130	132	73	137	8
YKL085W	XI	279123	280127	+	1005	1433	1241	2420	1771	2320	425
YKL165C	XI	137932	140691	-	2760	299	304	379	257	381	58
YKL003C	XI	437097	437492	-	396	115	96	111	88	83	8
YKL072W	XI	299582	301882	+	2301	180	149	203	106	211	17
YKL177W	XI	114356	114694	+	339	6	2	6	5	6	1
YKL186C	XI	92744	93298	-	555	621	467	670	505	638	113
snR64	XI	38811	38911	+	101	5	5	7	7	4	0
YKR032W	XI	506517	506831	+	315	0	0	0	0	0	0
YKL132C	XI	193574	194866	-	1293	78	73	112	74	116	17
YKL223W	XI	2389	2721	+	333	0	0	0	0	0	0
YKL078W	XI	288845	291052	+	2208	92	44	72	44	61	8
YKL001C	XI	438777	439385	-	609	940	690	1269	212	271	43
YKR040C	XI	518063	518566	-	504	1	1	1	0	0	1
YKL046C	XI	351275	352624	-	1350	548	570	859	424	788	158
YKR017C	XI	471694	473349	-	1656	145	149	228	143	227	28
YKL058W	XI	330166	330534	+	369	216	213	418	189	379	45
YKL208W	XI	47157	47972	+	816	75	71	80	51	48	10
YKR005C	XI;XI	448521;450021	449951;450167	-;-	1578	36	37	56	53	43	4
YKR034W	XI	506898	507707	+	810	4	7	8	3	3	0
YKL060C	XI	326408	327487	-	1080	67226	54368	112727	70597	87374	16273
YKL030W	XI	382498	383103	+	606	33	22	10	10	27	2
YKL162C-A	XI	145922	146074	-	153	0	0	0	1	4	0
YKR091W	XI	611525	612265	+	741	334	250	272	107	257	42
YKL096C-B	XI	259073	259222	-	150	8	8	14	12	12	1
YKL171W	XI	127475	130261	+	2787	214	212	194	222	336	56
YKL025C	XI	390240	392279	-	2040	584	506	567	493	669	88
YKL023W	XI	393721	394554	+	834	206	190	348	211	278	54
tR(UCU)K	XI	162487	162558	-	72	0	0	0	0	0	0
YKL215C	XI	26827	30687	-	3861	198	217	290	210	266	41
YKL136W	XI	186416	186814	+	399	15	9	12	15	10	4
YKL033W	XI	375456	378572	+	3117	154	135	181	92	188	24
YKR023W	XI	483419	485011	+	1593	231	162	226	154	221	46
YKR067W	XI	567918	570149	+	2232	337	371	625	450	631	102
YKL098W	XI	256770	257843	+	1074	369	309	446	283	349	70
YKL114C	XI	223352	224455	-	1104	202	237	263	156	271	40
YKL145W	XI	174213	175616	+	1404	1557	1235	2183	1215	1762	369
YKL057C	XI	330856	333969	-	3114	425	390	580	380	518	66
YKL106C-A	XI	237147	237266	-	120	2	0	3	2	0	0
YKL128C	XI	200884	201771	-	888	811	567	1123	609	754	148
YKL008C	XI	427295	428551	-	1257	524	633	796	513	888	108
YKL029C	XI	382716	384725	-	2010	1626	1077	840	804	1195	151
YKR047W	XI	525257	525562	+	306	132	47	51	48	59	6
YKL066W	XI	315281	315724	+	444	370	291	705	371	514	65
YKL119C	XI	218570	219217	-	648	118	103	221	127	173	26
YEL041W	V	75944	77431	+	1488	78	69	104	73	106	12
YER011W	V	175248	176012	+	765	1281	880	1925	213	224	40
YER158W-A	V	491487	491702	+	216	88	26	31	29	43	2
snR53	V	61699	61789	+	91	0	0	1	1	0	0
YER056C-A	V;V	269423;270149	269751;270185	-;-	366	2146	2344	2549	2075	2849	514
YEL067C	V	26189	26776	-	588	50	85	69	43	49	10
YEL054C	V	52721	53218	-	498	433	540	947	498	811	88
YEL047C	V	65385	66797	-	1413	541	402	685	522	543	118
YER146W	V	462585	462866	+	282	24	11	13	9	17	1
YER159C	V	491530	491958	-	429	472	392	420	370	566	85
YER084W	V	327065	327451	+	387	6	15	12	4	10	5
YER183C	V	553334	553969	-	636	70	84	125	77	116	10
YEL009C-A	V	136371	136778	-	408	2	1	0	0	0	0
YEL059C-A	V	42400	42624	-	225	47	27	54	40	52	13
YER172C	V	529530	536021	-	6492	337	316	379	264	439	47
YER092W	V	342855	343232	+	378	438	397	508	248	377	81
YEL008C-A	V	140726	140818	-	93	0	0	0	0	0	0
YEL032W	V	86937	89852	+	2916	525	465	498	370	548	101
YEL010W	V	136279	136629	+	351	0	2	1	1	4	0
YEL040W	V	78053	79456	+	1404	2254	2448	2968	2171	3491	452
YEL059W	V	42652	42960	+	309	4	3	6	3	4	0
YER105C	V	367838	372013	-	4176	613	607	681	448	694	101
YEL053C	V	53901	56102	-	2202	444	476	492	436	602	94
YEL046C	V	67629	68792	-	1164	2207	1566	2200	1596	2057	421
YER137C	V	441373	441819	-	447	4	2	13	5	5	0
YER013W	V	178841	182278	+	3438	214	164	244	140	275	46
YER147C-A	V	465203	465613	-	411	70	63	73	36	115	23
YEL036C	V	83050	84552	-	1503	733	656	890	610	877	166
YER094C	V	348729	349346	-	618	731	798	1155	589	856	130
YER038C	V	226858	228252	-	1395	97	99	162	88	156	19
YEL034W	V	85676	86149	+	474	0	0	0	0	0	0
YER144C	V	457806	460223	-	2418	419	312	297	280	404	48
YER069W	V	295410	298001	+	2592	2843	2951	3499	1088	1477	148
YEL066W	V	26667	27206	+	540	43	37	94	35	64	13
YER161C	V	499347	500348	-	1002	894	545	646	539	783	126
YER131W	V	423952	424311	+	360	4639	4957	7220	5136	7449	1151
YER027C	V	208979	210232	-	1254	657	622	775	627	721	144
tH(GUG)E2	V	434541	434612	-	72	2	3	2	0	4	0
YER088C-A	V	335696	336019	-	324	56	66	94	91	89	7
YER002W	V	156803	157498	+	696	322	253	322	180	303	54
YEL062W	V	34407	36254	+	1848	210	178	198	145	210	34
YEL074W	V	6126	6464	+	339	24	17	31	7	22	0
YER142C	V	455146	456036	-	891	107	107	174	79	157	13
YER035W	V	222639	223076	+	438	759	600	814	663	847	136
YER145C	V	460526	461740	-	1215	509	465	557	405	577	105
YER176W	V	541690	545055	+	3366	628	567	550	537	786	105
YER071C	V	301947	302327	-	381	85	71	169	78	147	26
YER150W	V	468370	468816	+	447	3863	2581	3037	4066	3785	877
YER177W	V	545611	546414	+	804	14251	10804	14180	13205	17916	2568
YER123W	V	404813	406387	+	1575	362	368	462	350	505	74
YEL018W	V	121471	122310	+	840	95	79	115	89	90	13
YER116C	V	395348	396172	-	825	199	162	163	179	231	40
YER043C	V	235770	237119	-	1350	5997	5183	6852	4430	6568	1208
YEL004W	V	146951	147979	+	1029	121	96	154	99	158	13
YER141W	V	453459	454919	+	1461	1188	878	1343	886	1057	142
YER170W	V	525974	526651	+	678	109	108	154	97	170	19
YER047C	V	243810	246503	-	2694	292	183	195	250	344	38
YER132C	V	425188	430449	-	5262	326	321	345	278	415	50
YEL068C	V	25646	25978	-	333	151	134	158	131	140	27
YER080W	V	319963	321846	+	1884	1083	967	1213	861	1366	195
YER052C	V	256375	257958	-	1584	2210	1591	2492	1389	1864	290
YER070W	V	298950	301616	+	2667	1177	917	1294	884	1313	209
YEL007W	V	141892	143892	+	2001	774	563	675	804	1206	193
tE(UUC)E2	V	354934	355005	+	72	1	0	3	0	1	0
YER068C-A	V	295301	295732	-	432	1	0	2	3	2	0
YER115C	V	394292	394867	-	576	104	131	154	144	185	26
tS(AGA)E	V	86604	86685	+	82	0	0	0	0	0	0
YER076C	V	312590	313498	-	909	75	93	130	57	111	26
YEL021W	V	116167	116970	+	804	400	328	463	324	470	86
YEL026W	V	101943	102323	+	381	432	399	381	362	408	60
YER040W	V	229795	231987	+	2193	479	346	315	295	409	86
YEL016C	V	124737	126218	-	1482	212	166	288	152	307	32
YER012W	V	177835	178431	+	597	669	737	1147	713	895	144
YER190W	V	571480	576525	+	5046	2	0	5	3	13	2
YER185W	V	559454	560365	+	912	16	16	22	24	10	0
YER189W	V	571155	571523	+	369	2	4	10	3	4	0
YEL060C	V	40046	41953	-	1908	3285	2079	3581	2533	2900	624
YEL052W	V	56571	58100	+	1530	585	520	842	508	764	105
YER149C	V	466208	467470	-	1263	141	131	166	124	183	22
YER111C	V	382595	385876	-	3282	265	186	310	217	280	47
YER081W	V	322686	324095	+	1410	4518	2614	5089	1318	1840	774
YER010C	V	172634	173338	-	705	391	344	416	294	404	92
YER018C	V	191959	192624	-	666	214	115	230	134	166	52
YEL076C	V	4464	5114	-	651	5	2	4	2	2	0
YEL018C-A	V	121455	121988	-	534	0	0	0	0	0	0
YER072W	V	302806	303195	+	390	429	412	615	362	530	110
YER093C	V	343320	347612	-	4293	467	418	565	303	538	65
YER178W	V	546817	548079	+	1263	2355	2667	4244	2368	3242	471
YER030W	V	213437	213898	+	462	415	384	694	380	614	95
YER128W	V	415859	416470	+	612	139	108	161	104	161	15
YER003C	V;V	157736;159088	158994;159118	-;-	1290	1059	863	1521	873	1201	216
YER163C	V	503084	503782	-	699	119	83	204	111	165	51
YEL005C	V	145907	146755	-	849	323	261	336	257	361	41
YER173W	V	536300	538279	+	1980	265	206	315	204	282	26
YEL065W	V	27657	29543	+	1887	170	192	186	172	230	41
YEL055C	V	48471	51539	-	3069	359	338	493	271	458	30
YER029C	V	212587	213177	-	591	489	408	589	457	524	106
YER089C	V	335946	337340	-	1395	815	760	1030	779	1132	193
YER179W	V;V	548421;548645	548552;549517	+;+	1005	82	54	73	78	102	8
YEL011W	V	133120	135234	+	2115	863	700	1424	947	1152	221
YER166W	V	512744	517459	+	4716	1002	811	864	695	905	163
YER061C	V	278298	279626	-	1329	286	258	345	256	377	54
YER082C	V	324272	325936	-	1665	231	272	269	220	340	28
YER118C	V	397952	399055	-	1104	232	216	194	177	298	34
YER152C	V	472657	473988	-	1332	560	449	699	454	599	90
YER107C	V	373448	374545	-	1098	206	185	329	214	291	59
YER020W	V	195168	196517	+	1350	653	719	692	606	957	156
YER125W	V	410189	412618	+	2430	967	640	964	672	1161	134
YER122C	V	402871	404352	-	1482	1257	1083	1311	1069	1605	171
YER038W-A	V	228451	228831	+	381	0	0	1	0	0	0
YER057C	V	270737	271126	-	390	561	508	692	621	614	88
YEL033W	V	86179	86598	+	420	159	60	59	62	104	2
YER006W	V	162723	164285	+	1563	525	474	598	395	579	54
YER007W	V	164527	166083	+	1557	61	56	66	51	70	10
YER078W-A	V	318646	318810	+	165	25	20	34	13	18	1
tA(UGC)E	V	312023	312095	-	73	0	0	1	0	0	0
YEL002C	V	148722	150014	-	1293	1258	1374	1654	1101	1866	237
YEL064C	V	29797	31239	-	1443	61	60	86	62	126	13
YER103W	V	364589	366517	+	1929	445	350	586	572	577	90
YER007C-A	V;V	166237;166875	166771;166885	-;-	546	480	454	750	504	632	79
snR80	V	52150	52320	-	171	0	0	3	6	2	2
YER093C-A	V;V	347912;348277	348201;348400	-;-	414	139	99	142	128	168	29
YER120W	V	401135	401869	+	735	1691	1512	2465	1492	2108	306
YER033C	V	218057	221287	-	3231	260	232	258	281	364	48
YER054C	V	262052	263698	-	1647	221	147	248	351	297	62
tV(AAC)E2	V	469457	469530	+	74	2	1	4	4	3	0
YER164W	V	505392	509798	+	4407	1064	810	801	766	1121	141
YER139C	V	450563	451243	-	681	81	81	106	69	97	8
snR52	V	431129	431220	-	92	0	1	4	0	0	0
YEL042W	V	73771	75327	+	1557	623	623	838	586	873	95
YER190C-A	V	574804	575379	-	576	0	0	0	0	0	0
tS(UGA)E	V	288443	288524	-	82	3	0	3	2	1	0
YER008C	V	167808	171818	-	4011	936	733	824	743	1149	143
YER114C	V	390590	393712	-	3123	522	415	472	379	598	76
YER034W	V	221846	222403	+	558	304	272	442	222	340	56
YEL008W	V	140512	140892	+	381	9	6	6	9	11	2
YER014W	V	182600	184219	+	1620	384	335	511	301	385	64
YER143W	V	456319	457605	+	1287	471	383	509	352	475	75
YER053C-A	V	260933	261046	-	114	74	51	132	177	235	35
YER028C	V	210692	211876	-	1185	88	68	89	74	101	10
YER048C	V	246982	248157	-	1176	974	851	1507	837	1288	237
YER044C	V	237570	238016	-	447	721	919	1006	532	800	101
YEL039C	V	79636	79977	-	342	57	63	98	137	180	28
YER053C	V	258737	259639	-	903	1936	1809	2999	1677	2807	483
tQ(UUG)E1	V	250286	250357	+	72	0	0	0	0	0	0
YEL034C-A	V	85613	86215	-	603	0	0	1	1	0	0
YER155C	V	476345	482848	-	6504	1034	1023	1254	706	1227	167
snR4	V	424698	424883	+	186	49	39	106	27	53	14
YER050C	V	253971	254387	-	417	170	164	231	167	194	35
YER031C	V	214076	214747	-	672	577	568	950	520	755	132
YER037W	V	225889	226854	+	966	352	333	573	325	558	60
YEL049W	V	63728	64090	+	363	8	8	11	4	2	1
tQ(UUG)E2	V	131082	131153	-	72	0	0	0	0	1	0
YEL006W	V	144327	145334	+	1008	251	336	606	339	498	56
YER100W	V	359562	360314	+	753	701	554	843	642	851	134
YER181C	V	551473	551796	-	324	2	0	0	0	1	2
YER015W	V	184541	186775	+	2235	125	92	126	95	185	17
YER129W	V	417281	420709	+	3429	843	683	874	575	1014	137
YER172C-A	V	536275	536655	-	381	0	0	0	0	0	0
tR(UCU)E	V	138666	138737	+	72	0	0	0	0	0	0
YEL072W	V	13720	14415	+	696	276	248	410	127	182	27
YEL075C	V	5345	5713	-	369	1	0	0	0	0	0
YER048W-A	V	250718	251002	+	285	151	209	250	123	246	25
YER051W	V	254656	256134	+	1479	221	246	302	216	315	28
YER171W	V	527082	529418	+	2337	311	285	317	269	400	53
YER078C	V	316807	318342	-	1536	351	342	538	294	387	56
YER169W	V	523369	525759	+	2391	777	688	630	620	960	118
YEL003W	V;V	148176;148283	148194;148599	+;+	336	87	60	148	96	94	21
YEL077W-A	V	630	1112	+	483	0	0	0	0	0	0
YEL017C-A	V	122798	122929	-	132	2056	2150	2760	2197	4145	262
YER133W	V;V	432495;433197	432671;433958	+;+	939	1090	988	1551	1015	1582	267
YER152W-A	V	473485	474051	+	567	0	0	0	0	0	0
YER060W	V	274567	276153	+	1587	433	396	460	330	519	86
YER186C	V	561705	562625	-	921	147	135	280	119	274	35
YER188W	V	568040	568759	+	720	36	35	67	24	49	8
YEL045C	V	68840	69265	-	426	24	13	8	12	19	2
YER022W	V	198812	200875	+	2064	504	466	519	426	641	125
YER148W-A	V	466185	466763	+	579	1	0	1	1	1	0
YER157W	V	484788	487193	+	2406	420	274	409	289	452	38
YER014C-A	V;V	183731;184678	184169;184700	-;-	462	0	0	0	0	0	0
YEL076C-A	V;V	4185;4602	4322;5114	-;-	651	0	0	0	0	0	0
YEL038W	V	80462	81145	+	684	239	188	296	227	267	56
YER066W	V	290242	290799	+	558	42	31	46	25	39	20
YER098W	V	355466	357730	+	2265	119	118	159	158	202	41
YEL035C	V	85045	85545	-	501	6	5	12	5	6	0
RPR1	V	117667	118035	-	369	24	16	110	23	36	22
YER063W	V	281710	282366	+	657	743	631	917	634	868	102
YER127W	V	414481	415554	+	1074	200	151	151	103	155	18
YER154W	V	475020	476228	+	1209	621	712	692	577	784	126
YER032W	V	215063	217693	+	2631	375	315	318	260	414	52
YER180C-A	V	550865	551122	-	258	13	21	18	7	14	3
YEL071W	V	16355	17845	+	1491	2195	2350	3592	2051	2971	428
tK(CUU)E2	V	435752	435824	-	73	0	0	0	0	0	0
YEL057C	V	45020	45721	-	702	18	18	23	20	30	0
YEL069C	V	21537	23231	-	1695	22	16	19	12	29	2
YEL043W	V	70478	73348	+	2871	599	546	492	496	768	114
YER096W	V	351698	353236	+	1539	15	6	33	17	15	6
YER017C	V	189503	191788	-	2286	547	529	699	416	653	92
YEL019C	V	120498	121301	-	804	38	41	25	23	47	8
YER009W	V	172115	172492	+	378	554	806	1510	708	1076	161
YER104W	V	366802	367428	+	627	99	104	144	89	166	15
YER067W	V	292066	292551	+	486	0	0	0	0	0	0
SCR1	V	441987	442508	+	522	668	314	3170	704	434	480
YER044C-A	V;V	238460;239712	239623;239774	-;-	1227	16	9	24	18	23	2
YER101C	V	360502	361794	-	1293	141	115	175	133	195	21
YER121W	V	402375	402719	+	345	15	25	35	26	34	5
YER019C-A	V	194273	194539	-	267	526	570	676	524	756	137
tE(UUC)E1	V	177099	177170	+	72	1	1	1	0	0	0
YEL050C	V	59670	60851	-	1182	175	209	280	189	251	33
YER062C	V	279930	280682	-	753	1904	1521	2276	2138	2401	384
YER006C-A	V	164344	164661	-	318	3	3	2	1	1	0
YER016W	V	188277	189311	+	1035	419	345	466	327	434	94
YEL025C	V	102581	106147	-	3567	398	300	459	334	482	68
YER024W	V	202192	204963	+	2772	293	242	355	176	293	59
YER023W	V	201076	201936	+	861	801	603	1179	667	738	183
YER079W	V	318920	319552	+	633	719	566	538	657	817	100
YER136W	V	439616	440971	+	1356	1469	1270	1842	1329	1757	276
YER151C	V	469686	472424	-	2739	642	598	614	492	743	116
YEL029C	V	96858	97796	-	939	172	150	167	94	148	5
YER065C	V	285241	286914	-	1674	251	169	236	224	293	63
YEL050W-A	V	59549	59740	+	192	67	47	82	48	41	15
YER085C	V	327619	328140	-	522	0	0	1	0	0	0
YER147C	V	462968	464842	-	1875	79	64	121	72	105	22
YER064C	V	282705	284222	-	1518	492	454	291	727	988	113
YER119C	V	399496	400842	-	1347	547	465	708	482	635	87
YEL020C-B	V	117183	117380	-	198	0	0	0	0	0	0
YER068W	V	293050	294813	+	1764	818	615	562	539	796	127
YER158C	V	488857	490578	-	1722	313	248	263	308	285	41
YER138W-A	V	449474	449578	+	105	107	95	90	69	85	26
YER130C	V	421115	422446	-	1332	524	507	655	539	886	67
YEL015W	V	126629	128284	+	1656	557	464	475	430	615	101
tK(CUU)E1	V	135425	135497	-	73	0	2	1	2	0	0
YER153C	V	474041	474805	-	765	91	117	107	101	126	31
YER137W-A	V	441575	441880	+	306	0	0	0	0	0	0
YER113C	V	387932	390052	-	2121	186	159	237	142	232	28
YEL030W	V	94644	96578	+	1935	108	98	118	102	135	9
YER083C	V	326174	327031	-	858	578	534	652	582	821	107
YER167W	V	518216	520771	+	2556	354	271	247	342	493	99
YEL032C-A	V	87040	87201	-	162	0	0	0	0	0	0
YEL073C	V	7230	7553	-	324	119	120	212	110	122	43
tV(AAC)E1	V	438700	438773	+	74	0	0	0	1	0	0
YER005W	V	160550	162442	+	1893	284	249	408	247	317	49
YER102W	V	363100	363702	+	603	1533	1672	2627	1508	2910	316
YER046W	V	243180	243611	+	432	111	84	109	72	123	10
YER023C-A	V	201522	201734	-	213	0	0	0	0	0	0
YEL031W	V	90258	93905	+	3648	1868	1987	2705	1675	2439	317
YER075C	V	308413	311199	-	2787	342	248	261	180	304	43
YER073W	V	304030	305592	+	1563	1018	760	803	703	894	179
YEL027W	V	100769	101251	+	483	1006	1205	2040	1107	1684	317
YEL024W	V	107260	107907	+	648	330	354	661	416	555	91
YER049W	V	251728	253662	+	1935	405	490	524	358	543	60
YER175W-A	V	540650	540814	+	165	19	28	31	14	31	2
YEL037C	V	81407	82603	-	1197	2010	1382	1624	1288	1809	353
YER134C	V	437267	437803	-	537	66	68	73	49	62	13
YER088C	V	333176	335188	-	2013	2747	2111	1933	2059	2913	352
YER175C	V	539464	540363	-	900	544	502	800	529	580	128
tG(GCC)E	V	61890	61960	-	71	2	0	4	1	2	0
YER021W	V	196948	198519	+	1572	1556	1160	1935	1134	1747	267
YER004W	V	159580	160275	+	696	481	489	736	492	590	124
YER087C-A	V	331817	332368	-	552	26	11	23	22	24	3
YEL017W	V	123657	124670	+	1014	619	497	509	546	767	108
YER106W	V	372326	373234	+	909	0	0	4	2	1	0
YER066C-A	V	291703	292203	-	501	19	13	27	21	29	2
YER117W	V;V	396769;397282	396810;397653	+;+	414	4229	4064	6768	4488	5470	1438
YER145C-A	V	462386	462823	-	438	0	0	2	0	3	0
YER076W-A	V	313390	313737	+	348	5	18	21	12	21	4
YER187W	V	566230	566655	+	426	58	35	81	27	35	4
snR14	V	167427	167586	-	160	6	6	12	7	10	1
YER046W-A	V	243700	244029	+	330	4	3	2	1	3	0
YER168C	V	521029	522669	-	1641	128	97	176	94	104	22
YER124C	V	407342	409063	-	1722	1351	1498	1660	1128	1705	140
SRG1	V	322212	322762	+	551	47	63	87	45	83	2
YER095W	V	349980	351182	+	1203	199	164	289	178	238	57
YEL028W	V	98668	99129	+	462	78	47	60	36	68	13
YER045C	V	240032	241501	-	1470	304	281	226	271	338	46
YER088W-B	V	335927	336073	+	147	0	0	0	0	0	0
YER086W	V	328477	330207	+	1731	2241	2085	2676	1600	2595	335
YER188C-A	V	569608	569907	-	300	12	8	7	3	14	1
YER148W	V	465303	466025	+	723	218	240	397	236	304	25
YEL022W	V	111421	115800	+	4380	447	370	528	285	566	74
YEL001C	V	150301	150978	-	678	1462	1221	1786	1102	1833	193
YER056C	V	266512	268113	-	1602	3761	3548	3309	3314	5601	671
YER087C-B	V	332582	332830	-	249	886	863	1637	834	968	162
YEL013W	V	128825	130561	+	1737	366	355	549	385	588	83
YER074W	V;V	306323;306792	306325;307196	+;+	408	1031	902	1626	858	1423	253
tE(UUC)E3	V	487331	487402	-	72	0	0	1	1	0	0
YER133W-A	V	437191	437532	+	342	54	86	127	95	120	16
YER119C-A	V	400867	401238	-	372	1	3	4	3	1	0
YEL063C	V	31694	33466	-	1773	1716	1660	1545	1318	2193	332
YEL051W	V	58378	59148	+	771	684	655	1085	587	1019	130
YER190C-B	V	575680	576162	-	483	0	0	0	0	0	0
YEL061C	V	36535	39537	-	3003	153	186	242	163	251	31
YER059W	V	272624	273886	+	1263	458	325	379	345	507	70
YER091C-A	V	342390	342611	-	222	0	0	2	0	0	0
YER140W	V	451565	453235	+	1671	158	198	236	118	201	30
YEL056W	V	47168	48373	+	1206	425	403	551	385	552	83
YER084W-A	V	327598	328110	+	513	0	0	0	0	0	0
YER036C	V	223367	225199	-	1833	1570	1520	2063	1393	1958	231
YEL009C	V	138918	139763	-	846	4752	4990	6735	5912	7607	1372
YER079C-A	V	319902	320240	-	339	0	0	0	0	0	0
YEL053W-A	V	52908	53255	+	348	1	5	8	0	3	0
tM(CAU)E	V	100133	100204	+	72	4	12	2	3	0	0
YEL030C-A	V	94583	94897	-	315	1	0	0	0	0	0
YEL014C	V	128303	128608	-	306	19	12	12	18	14	2
YER156C	V	483325	484341	-	1017	467	460	733	474	618	99
YER162C	V	500630	502894	-	2265	213	167	219	158	251	50
YER090W	V	337949	339472	+	1524	1110	876	1200	808	1145	160
YER074W-A	V;V;V	307653;307849;308068	307746;307956;308123	+;+;+	258	319	290	505	239	398	38
YER041W	V	232461	234740	+	2280	389	349	452	313	498	76
YER165C-A	V	512627	512983	-	357	3	1	0	0	4	0
YER097W	V	355140	355469	+	330	1	1	3	0	3	0
YER112W	V	387232	387795	+	564	623	571	458	532	878	115
YER090C-A	V	338322	338411	-	90	0	0	0	0	0	0
YER067C-A	V	292240	292563	-	324	13	5	16	11	11	3
snR67	V	61352	61433	+	82	4	8	15	6	11	2
tH(GUG)E1	V	207357	207428	+	72	6	3	3	5	4	0
YER174C	V	538434	539168	-	735	164	185	254	209	328	46
YER107W-A	V	374394	374714	+	321	6	6	11	5	10	0
YER026C	V	207644	208474	-	831	1420	1752	3088	1572	2353	463
YER099C	V	358105	359061	-	957	232	237	291	216	270	65
YEL048C	V	64709	65167	-	459	14	13	26	6	16	4
YEL070W	V	19589	21097	+	1509	5	6	5	8	4	6
YER025W	V	205251	206834	+	1584	1336	1140	1459	1057	1460	268
YEL075W-A	V	4870	5481	+	612	1	1	0	0	0	0
YER126C	V	413394	414179	-	786	264	229	320	206	324	28
tI(AAU)E1	V	443202	443275	-	74	0	0	3	2	0	0
YER182W	V	552525	553259	+	735	196	211	331	226	290	48
YER165W	V	510373	512106	+	1734	5096	4645	4813	4047	6444	810
YEL058W	V	43252	44925	+	1674	374	374	549	250	420	70
YER060W-A	V	276572	278164	+	1593	310	272	165	164	268	28
YER184C	V	556296	558680	-	2385	70	51	92	57	109	11
YEL012W	V;V	131772;131900	131776;132551	+;+	657	488	325	542	413	585	154
YEL020W-A	V	117211	117474	+	264	170	65	144	85	85	21
YER077C	V	314534	316600	-	2067	121	113	176	96	152	20
YER039C	V	228456	229205	-	750	15	17	26	13	17	4
YER042W	V	234937	235491	+	555	1165	1046	2031	434	563	88
YER019W	V	192797	194230	+	1434	848	625	906	603	834	140
YER039C-A	V	229263	229481	-	219	27	18	36	23	29	3
YER058W	V	271768	272091	+	324	109	86	160	91	129	34
YER110C	V	378762	382103	-	3342	981	951	1287	757	1094	173
YER135C	V	437952	438344	-	393	4	10	10	9	9	2
YEL023C	V	108504	110552	-	2049	101	105	113	119	159	12
YEL077C	V	264	4097	-	3834	67	86	116	82	93	20
tI(AAU)E2	V	551285	551358	-	74	0	0	0	0	0	0
YER001W	V	153520	155808	+	2289	991	843	989	606	1009	161
YEL020C	V	118617	120299	-	1683	190	156	231	178	247	40
YEL044W	V	69757	70257	+	501	265	250	330	256	356	69
YER180C	V	549724	550527	-	804	248	182	263	175	247	40
YER087W	V	330576	332306	+	1731	62	79	97	78	82	15
YER055C	V	264892	265785	-	894	3731	3400	4793	2931	4573	660
tR(ACG)E	V	492352	492424	-	73	0	0	0	0	0	0
YER091C	V	339864	342167	-	2304	11899	9911	16546	3893	6023	1039
YER138C	V	443756	449024	-	5269	7	3	1	1	1	0
YER137C-A	V	447702	449024	-	1323	0	0	0	0	0	0
YER159C-A	V	496802	498124	-	1323	0	0	0	0	0	0
YER160C	V	492856	498124	-	5269	14	17	27	8	27	1
YHR094C	VIII	290913	292625	-	1713	436	499	490	334	563	102
YHL031C	VIII	38815	39486	-	672	97	64	157	82	138	4
YHL002W	VIII	102612	103970	+	1359	861	662	797	628	905	136
YHR219C-A	VIII	561199	561681	-	483	0	0	0	0	0	0
YHR045W	VIII	195551	197233	+	1683	373	372	522	259	383	51
YHR084W	VIII	274174	276240	+	2067	911	788	926	554	908	102
YHR126C	VIII	359702	360181	-	480	0	0	2	0	0	0
tS(AGA)H	VIII	133026	133107	-	82	0	0	0	1	0	0
YHR125W	VIII	358858	359163	+	306	0	1	0	0	0	0
YHR206W	VIII	512732	514600	+	1869	413	429	305	338	442	78
YHR097C	VIII;VIII	297385;298485	298360;298609	-;-	1101	851	597	757	616	785	158
YHR005C-A	VIII	115620	115901	-	282	1242	1269	1599	1260	1595	243
YHR193C-A	VIII	488653	489027	-	375	0	0	0	0	0	0
YHR007C	VIII	120091	121683	-	1593	3427	3760	5552	1583	2754	310
YHR214C-D	VIII	550648	550941	-	294	0	0	0	0	0	0
YHR212W-A	VIII	538742	538945	+	204	0	0	0	0	0	0
YHR184W	VIII	472744	474459	+	1716	6	19	16	4	4	0
YHR132C	VIII	368502	369794	-	1293	380	497	703	406	648	80
YHR182C-A	VIII	470939	471412	-	474	0	0	0	0	0	0
YHR025W	VIII	159438	160511	+	1074	3441	2971	3773	2782	3890	582
YHR055C	VIII	214533	214718	-	186	0	0	0	0	0	0
YHR073W	VIII	242582	245572	+	2991	722	599	738	574	783	98
YHL015W-A	VIII	74699	74782	+	84	0	0	0	1	2	0
YHR064C	VIII	225525	227141	-	1617	1185	1159	1678	1050	1625	307
YHL041W	VIII	17392	17841	+	450	0	0	10	2	2	0
YHR143W	VIII	385510	386487	+	978	3747	3728	3418	3367	4235	517
YHR052W-A	VIII	212510	212704	+	195	0	0	0	0	0	0
YHL047C	VIII	8351	10213	-	1863	141	142	159	141	185	32
YHR175W-A	VIII	453558	453707	+	150	78	90	103	82	114	35
YHR003C	VIII	110028	111317	-	1290	158	184	222	140	226	39
YHL032C	VIII	36379	38508	-	2130	409	331	585	469	562	109
YHR154W	VIII	402966	406178	+	3213	185	143	312	176	275	46
YHR031C	VIII	170799	172970	-	2172	95	110	141	99	116	21
YHL042W	VIII	15667	16119	+	453	32	36	68	51	51	8
YHR022C-A	VIII	151217	151306	-	90	8	2	2	3	1	2
YHR180C-B	VIII	466958	467062	-	105	0	0	0	0	0	0
YHR106W	VIII	325598	326626	+	1029	292	288	361	203	332	62
YHR186C	VIII	475999	480672	-	4674	411	440	455	343	554	92
YHL029C	VIII	45929	47968	-	2040	325	283	354	271	414	64
YHR048W	VIII	204607	206151	+	1545	166	154	174	161	220	50
YHR039C-A	VIII;VIII	187173;187677	187514;187679	-;-	345	966	797	1034	764	1040	189
YHR073W-A	VIII	242868	243044	+	177	0	0	0	0	0	0
YHR035W	VIII	178219	180111	+	1893	30	29	58	42	61	9
YHR165C	VIII	429707	436948	-	7242	588	520	692	512	729	91
YHL006C	VIII	98343	98795	-	453	47	62	106	74	70	10
YHL025W	VIII	54851	55849	+	999	747	594	765	639	868	185
YHR172W	VIII	448335	450806	+	2472	129	120	137	116	155	32
YHR002W	VIII	108812	109885	+	1074	133	112	178	138	205	36
YHR016C	VIII;VIII	136881;138409	138240;138455	-;-	1407	373	369	628	477	618	90
RUF5-2	VIII	214407	215116	+	710	3	0	1	1	2	0
YHR079C	VIII	258244	261591	-	3348	342	380	374	289	453	63
YHR169W	VIII	442181	443476	+	1296	234	147	131	82	133	26
YHR054C	VIII	213185	214249	-	1065	0	1	2	4	3	0
YHR065C	VIII	227532	229037	-	1506	244	271	370	218	329	42
YHR088W	VIII	281495	282382	+	888	276	265	282	184	269	46
tH(GUG)H	VIII	62755	62826	+	72	0	0	0	0	3	0
YHR093W	VIII	289142	289690	+	549	12	9	17	12	23	0
YHL036W	VIII	26241	27881	+	1641	820	809	892	541	820	120
YHR100C	VIII	314116	314673	-	558	153	142	137	98	142	32
YHR105W	VIII	324766	325410	+	645	144	108	109	100	153	18
YHR056C	VIII	215183	217834	-	2652	357	293	285	243	391	49
YHR135C	VIII	372694	374310	-	1617	1571	1414	1423	1327	1800	314
YHR180W	VIII	465178	465669	+	492	70	93	98	85	93	10
YHR086W	VIII	278153	279724	+	1572	166	208	246	259	270	42
YHR146W	VIII	390300	391697	+	1398	1038	806	1236	548	1107	151
YHR195W	VIII	490747	491712	+	966	977	676	605	830	994	185
YHR119W	VIII	346043	349285	+	3243	342	349	450	288	434	50
YHR033W	VIII	175548	176819	+	1272	93	105	111	133	181	26
YHR024C	VIII	157744	159192	-	1449	459	333	461	307	488	53
YHL043W	VIII	14901	15413	+	513	94	97	129	58	95	20
YHL039W	VIII	21783	23540	+	1758	387	362	457	279	415	62
YHR059W	VIII	220108	220500	+	393	83	71	107	78	71	20
YHL048C-A	VIII	5663	5797	-	135	0	0	0	0	0	0
YHR026W	VIII	160844	161485	+	642	519	513	970	549	818	123
YHR160C	VIII	419221	420072	-	852	55	65	92	58	122	6
YHR085W	VIII	276764	277768	+	1005	106	103	122	80	139	20
YHR113W	VIII	336337	337809	+	1473	571	531	1015	528	678	99
YHR175W	VIII	452872	453441	+	570	395	388	570	389	498	86
YHR148W	VIII	393534	394085	+	552	280	172	125	139	163	24
YHR208W	VIII	517532	518713	+	1182	3757	2331	2931	1963	2521	496
YHR001W	VIII	106055	107368	+	1314	367	253	495	293	455	59
YHR131C	VIII	365340	367892	-	2553	254	201	279	243	327	57
YHR049C-A	VIII	207234	207530	-	297	58	32	48	34	48	11
YHR086W-A	VIII	280231	280392	+	162	3	0	2	1	2	0
YHR141C	VIII;VIII	381990;382748	382306;382751	-;-	321	1124	1141	2175	1053	1569	205
YHR170W	VIII	443828	445384	+	1557	682	687	749	525	806	78
YHL021C	VIII	64462	65859	-	1398	1119	840	1385	1345	1347	319
YHR078W	VIII	256360	258018	+	1659	599	463	656	525	698	77
YHR007C-A	VIII	122550	122765	-	216	54	47	57	36	85	7
YHL044W	VIII	13565	14272	+	708	148	116	163	142	180	41
YHR214W-A	VIII	543008	543493	+	486	10	10	14	20	16	0
YHR161C	VIII	420373	422286	-	1914	1494	1175	1167	1455	1714	281
YHR074W	VIII	246193	248337	+	2145	517	453	785	428	601	73
YHR164C	VIII	424610	429178	-	4569	225	196	269	182	255	57
YHL006W-A	VIII	97732	98085	+	354	30	21	12	24	32	3
YHR204W	VIII	506319	508709	+	2391	738	476	586	500	733	84
YHL002C-A	VIII	102587	103075	-	489	1	0	0	0	2	0
YHL030W-A	VIII	39074	39535	+	462	0	0	0	0	0	0
tF(GAA)H2	VIII;VIII	358478;358533	358513;358569	-;-	73	1	1	3	2	0	0
YHR163W	VIII	423724	424473	+	750	443	454	748	422	660	87
YHL046C	VIII	11923	12285	-	363	7	2	11	1	3	0
YHR056W-A	VIII	217406	217840	+	435	0	0	0	0	0	0
YHL004W	VIII	99219	100403	+	1185	1180	814	941	771	1097	156
YHL009C	VIII	84068	85060	-	993	192	152	156	167	236	32
YHR138C	VIII	377355	377699	-	345	213	270	405	238	361	43
YHR166C	VIII	437170	439050	-	1881	134	115	174	103	197	22
YHR151C	VIII	399268	400848	-	1581	251	191	198	154	204	52
YHL014C	VIII	76097	77314	-	1218	176	142	182	139	264	26
YHR021C	VIII;VIII	147871;148667	148116;148669	-;-	249	1429	1597	2673	1606	2154	491
YHR198C	VIII	496315	497280	-	966	138	161	260	184	249	33
YHL034C	VIII	33193	34077	-	885	1106	1028	1608	1070	1713	328
YHR124W	VIII	356561	358444	+	1884	88	87	130	83	120	10
YHR011W	VIII	127780	129120	+	1341	147	106	189	134	170	39
YHR096C	VIII	294669	296447	-	1779	193	116	168	157	254	44
YHR185C	VIII	474627	475340	-	714	0	2	0	0	0	0
YHR190W	VIII	484845	486179	+	1335	2592	2582	3208	2119	2884	437
YHR075C	VIII	248439	249641	-	1203	179	150	252	144	266	32
YHR117W	VIII	342349	344268	+	1920	416	447	588	366	540	77
YHR109W	VIII	330310	332067	+	1758	105	89	94	108	134	16
YHR207C	VIII	514905	516485	-	1581	160	122	244	108	189	20
YHR132W-A	VIII	370054	370449	+	396	210	239	381	256	359	61
YHR015W	VIII	134554	136533	+	1980	13	23	12	10	12	2
YHL015W	VIII	75412	75777	+	366	10424	10831	10236	10125	16678	2517
YHR090C	VIII	283777	284625	-	849	118	120	194	132	233	20
YHR189W	VIII	484028	484600	+	573	107	95	88	105	128	23
YHR001W-A	VIII;VIII	107826;107895	107831;108122	+;+	234	310	404	512	367	617	91
YHR070C-A	VIII	236102	236512	-	411	14	21	21	22	21	4
YHR108W	VIII	328303	330060	+	1758	828	793	895	710	1236	174
YHR006W	VIII	117814	119439	+	1626	797	580	699	593	757	147
YHR147C	VIII	392639	393283	-	645	74	90	142	91	141	32
YHR180W-A	VIII	466932	467114	+	183	0	0	0	0	0	0
YHR092C	VIII	287081	288811	-	1731	2705	1960	2853	4210	3776	515
YHR080C	VIII	262801	266838	-	4038	544	446	526	411	751	95
YHL045W	VIII	12502	12849	+	348	4	7	9	6	8	2
YHR022C	VIII	149575	150345	-	771	42	32	57	48	39	6
YHL027W	VIII	51111	52988	+	1878	1105	781	965	797	1053	179
YHL003C	VIII	100648	101883	-	1236	346	467	677	353	635	104
YHR070W	VIII	234881	236380	+	1500	390	244	158	176	274	56
YHR150W	VIII	397251	398990	+	1740	209	267	384	180	252	46
YHR133C	VIII	370722	371597	-	876	373	395	477	317	457	64
YHR215W	VIII	552099	553502	+	1404	82	80	90	26	74	10
YHL020C	VIII	66242	67456	-	1215	637	551	820	521	728	138
YHR101C	VIII;VIII	314874;315859	315771;315968	-;-	1008	151	163	198	136	173	26
YHR046C	VIII	197398	198285	-	888	116	77	176	124	182	26
YHR095W	VIII	292943	293437	+	495	3	5	7	6	10	0
YHR182W	VIII	468219	470576	+	2358	201	182	151	164	250	28
YHR098C	VIII	299145	301934	-	2790	943	788	1097	681	1079	187
YHR145C	VIII	388981	389337	-	357	0	0	1	0	0	0
YHR120W	VIII	349574	352453	+	2880	114	88	130	60	113	14
YHL030W	VIII	40084	45690	+	5607	349	283	480	284	488	73
tV(CAC)H	VIII	475706	475778	-	73	0	0	0	0	0	0
YHR051W	VIII	209705	210151	+	447	439	441	1022	510	752	99
YHR130C	VIII	364965	365300	-	336	17	21	29	25	16	0
YHR149C	VIII	394455	396659	-	2205	315	266	241	172	266	40
YHR127W	VIII	360913	361644	+	732	339	263	448	221	277	37
YHR194W	VIII	488657	490396	+	1740	179	177	247	170	213	28
YHR213W-A	VIII	540549	540782	+	234	0	0	0	0	0	0
YHR032C-A	VIII	175275	175394	-	120	4	3	7	2	2	0
YHR203C	VIII;VIII	504476;505517	505247;505530	-;-	786	2837	2645	3752	2637	3467	824
YHR168W	VIII	440377	441933	+	1557	112	90	152	123	125	28
YHR167W	VIII	439342	440127	+	786	77	112	112	71	112	16
YHR050W	VIII	207654	209303	+	1650	402	368	552	415	570	75
YHR112C	VIII	334527	335663	-	1137	719	598	960	415	589	86
YHR027C	VIII	161730	164711	-	2982	1235	1042	1779	986	1618	226
YHR214C-E	VIII	551200	551499	-	300	4	4	4	0	2	0
YHR214W	VIII	541651	542262	+	612	14	12	10	10	13	2
YHR188C	VIII	482005	483837	-	1833	1266	1174	1306	963	1332	257
YHL023C	VIII	59123	62563	-	3441	399	382	415	271	488	86
YHR099W	VIII	302761	313995	+	11235	600	533	717	562	769	121
YHR196W	VIII	491931	493658	+	1728	235	176	231	111	183	19
YHR177W	VIII	456591	457952	+	1362	67	86	108	78	101	12
YHR174W	VIII	451327	452640	+	1314	26885	23952	49991	25844	40709	7224
YHR199C-A	VIII;VIII	498571;498787	498719;498859	-;-	222	70	59	73	71	52	23
YHR034C	VIII	176965	177999	-	1035	213	178	280	153	187	64
YHR179W	VIII	462502	463704	+	1203	2370	2175	2705	2016	2944	501
YHR014W	VIII	132047	132922	+	876	29	19	33	34	38	6
YHR171W	VIII	445713	447605	+	1893	129	131	191	152	182	38
tF(GAA)H1	VIII;VIII	237848;237903	237883;237939	-;-	73	11	12	28	7	13	0
YHR121W	VIII	352756	353319	+	564	503	410	573	522	595	87
YHR116W	VIII	341665	342120	+	456	76	50	84	77	83	12
YHR087W	VIII	280820	281155	+	336	709	558	1333	740	942	231
YHR176W	VIII	454229	455527	+	1299	281	176	341	108	126	32
YHR173C	VIII	450815	451153	-	339	26	32	54	38	25	3
YHL010C	VIII	81964	83721	-	1758	310	267	393	261	384	62
YHR102W	VIII	316572	319814	+	3243	527	416	362	334	560	68
YHR063C	VIII	224030	225169	-	1140	451	384	557	379	512	61
YHR050W-A	VIII	209475	209645	+	171	30	28	26	35	47	9
YHR137C-A	VIII	375738	376388	-	651	0	0	0	0	0	0
YHL017W	VIII	70276	71874	+	1599	234	264	339	214	367	76
YHL035C	VIII	27978	32756	-	4779	214	214	385	194	286	58
YHR043C	VIII	192805	193545	-	741	228	234	432	220	325	57
YHR115C	VIII	340109	341359	-	1251	624	413	582	404	550	97
YHL007C	VIII	95118	97937	-	2820	775	660	691	570	849	91
YHR018C	VIII	140011	141402	-	1392	3524	3092	4900	2527	3571	812
YHR076W	VIII;VIII	251101;251249	251155;252225	+;+	1032	296	324	434	268	404	58
YHL019C	VIII	67731	69548	-	1818	313	228	349	255	439	85
YHR061C	VIII	221534	222478	-	945	239	175	221	173	212	24
tV(AAC)H	VIII	85298	85371	-	74	0	0	0	0	0	0
snR32	VIII	381540	381727	+	188	22	22	66	17	15	16
YHR068W	VIII	232133	233296	+	1164	1084	887	1563	970	1207	227
YHR218W-A	VIII	559932	560249	+	318	0	0	0	0	0	0
YHR037W	VIII	181977	183704	+	1728	543	418	616	466	625	86
YHR012W	VIII;VIII	129481;129648	129528;130448	+;+	849	175	204	315	168	248	29
YHR144C	VIII	387788	388726	-	939	106	78	103	101	95	12
YHR077C	VIII;VIII	252374;255751	255637;255756	-;-	3270	547	494	812	533	794	130
YHR156C	VIII	411384	412406	-	1023	77	80	108	43	78	14
YHR217C	VIII	556581	557042	-	462	0	0	0	3	0	2
YHR036W	VIII	180345	181760	+	1416	119	113	99	120	162	23
YHR091C	VIII	284839	286770	-	1932	241	237	306	224	304	31
YHR052W	VIII	210848	211978	+	1131	262	358	403	237	335	28
YHR123W	VIII;VIII	354815;354956	354864;356081	+;+	1176	609	652	764	459	715	158
YHR009C	VIII	124109	125680	-	1572	1205	1063	1658	1037	1362	226
YHL018W	VIII	69708	70070	+	363	18	18	30	28	29	8
YHL012W	VIII	78936	80417	+	1482	40	56	39	39	65	2
YHR211W	VIII	525392	528619	+	3228	187	166	164	141	199	32
YHR155W	VIII	407103	410789	+	3687	285	277	372	223	398	50
RUF5-1	VIII	212409	213118	+	710	0	0	0	1	0	0
YHR139C	VIII	378219	379199	-	981	17	22	26	32	34	2
YHR032W-A	VIII	175195	175374	+	180	192	94	227	140	99	33
tA(AGC)H	VIII	146242	146314	-	73	0	0	1	7	2	0
YHR210C	VIII	520712	521737	-	1026	47	53	63	44	44	10
YHR072W-A	VIII	241664	241840	+	177	321	362	500	323	483	78
YHR140W	VIII	380572	381291	+	720	30	37	57	37	48	9
YHR044C	VIII	194068	194808	-	741	30	35	40	36	62	2
YHL016C	VIII	72037	74244	-	2208	349	410	517	371	727	82
tP(UGG)H	VIII;VIII	388893;388960	388928;388995	-;-	72	0	0	0	0	0	0
YHR202W	VIII	502388	504196	+	1809	429	356	496	348	534	66
YHR019C	VIII	141894	143558	-	1665	6043	4788	6272	5077	6488	1250
YHL034W-A	VIII	33176	33637	+	462	24	26	36	18	33	5
YHR213W-B	VIII	540800	541099	+	300	0	14	18	16	12	0
YHR104W	VIII	323409	324392	+	984	825	628	1130	695	996	145
YHR083W	VIII	272627	273616	+	990	577	537	786	488	654	148
YHR165W-A	VIII	436647	436958	+	312	3	0	2	0	1	0
YHL022C	VIII	62961	64157	-	1197	42	35	38	46	62	4
YHR032W	VIII	173344	175089	+	1746	266	239	329	206	285	48
YHR008C	VIII	122889	123590	-	702	1621	1506	2703	1668	2147	331
YHL038C	VIII	23617	25509	-	1893	208	236	280	155	226	50
YHR071C-A	VIII	238910	239230	-	321	0	1	4	2	1	0
YHR081W	VIII	267538	268092	+	555	186	218	247	172	245	39
YHL050W-A	VIII	811	1293	+	483	0	0	0	0	0	0
YHL028W	VIII	48763	50580	+	1818	1010	886	762	678	1011	136
YHR073C-B	VIII	245422	245502	-	81	0	0	0	0	0	0
YHL033C	VIII	35255	36025	-	771	1838	1833	3221	1863	2699	350
YHR066W	VIII	229335	230696	+	1362	375	402	462	211	363	42
YHR029C	VIII	167677	168561	-	885	507	407	667	413	498	94
YHR178W	VIII	459299	461530	+	2232	259	169	274	200	277	63
YHR063W-A	VIII	225442	225777	+	336	51	15	50	29	30	10
YHR040W	VIII	187924	189024	+	1101	134	129	173	92	145	30
YHR192W	VIII	486826	487662	+	837	226	246	342	202	336	28
YHR017W	VIII	138694	139851	+	1158	502	440	457	497	654	68
YHR004C	VIII	111754	113094	-	1341	268	292	411	259	429	36
YHL040C	VIII	19088	20971	-	1884	173	165	230	156	244	32
YHR191C	VIII	486230	486631	-	402	93	52	79	56	84	2
YHR201C	VIII	499950	501143	-	1194	359	255	412	226	388	48
YHR103W	VIII	320414	322972	+	2559	381	331	508	369	506	77
YHR213W	VIII	539151	539747	+	597	0	0	0	0	0	0
YHR153C	VIII	402086	402682	-	597	12	7	10	10	9	0
YHR082C	VIII	268459	271548	-	3090	882	844	1005	878	1246	228
YHR069C-A	VIII	234874	235236	-	363	0	1	0	0	0	0
YHR020W	VIII	143996	146062	+	2067	1092	954	1559	826	1189	205
YHR057C	VIII	218226	218843	-	618	196	154	254	171	275	32
YHL024W	VIII	56649	58790	+	2142	146	121	204	114	225	28
YHR128W	VIII	362115	362765	+	651	350	330	423	315	450	45
tQ(UUG)H	VIII	134321	134392	+	72	0	0	0	0	0	0
YHR047C	VIII	198740	201310	-	2571	259	249	417	208	263	52
YHL026C	VIII	53219	54166	-	948	172	175	206	132	172	28
YHR197W	VIII	493896	496187	+	2292	249	195	192	113	179	11
YHR028C	VIII	164978	167434	-	2457	572	633	857	579	836	153
YHR134W	VIII	371749	372558	+	810	85	72	100	75	95	2
YHR122W	VIII	353625	354320	+	696	195	193	311	117	165	49
YHR067W	VIII	230970	231812	+	843	160	182	249	182	276	38
YHL037C	VIII	25778	26179	-	402	2	0	7	5	3	0
YHR013C	VIII	130730	131446	-	717	292	226	262	214	244	51
YHR137W	VIII	375709	377250	+	1542	47	53	98	83	161	18
tT(AGU)H	VIII	116107	116179	-	73	2	0	0	0	1	0
YHR158C	VIII	413685	417179	-	3495	396	368	377	358	562	71
YHR038W	VIII	184066	184758	+	693	77	101	139	69	88	21
YHR042W	VIII	190543	192618	+	2076	2920	2687	2581	1537	2285	322
YHR028W-A	VIII	167352	167672	+	321	1	1	0	1	0	0
YHL049C	VIII	3726	4541	-	816	0	2	0	0	0	0
YHR041C	VIII;VIII	189131;189851	189749;189864	-;-	633	270	267	471	284	300	70
YHR069C	VIII	233579	234658	-	1080	227	149	232	176	218	37
YHR200W	VIII	499079	499885	+	807	996	888	1218	809	1021	217
YHR053C	VIII	212535	212720	-	186	0	0	0	0	0	0
YHR218W	VIII;VIII	558014;558715	558615;559924	+;+	1812	0	0	0	0	0	0
YHR021W-A	VIII	149225	149680	+	456	2	3	21	6	12	0
YHR114W	VIII	338083	339984	+	1902	453	336	429	363	532	78
YHR039C	VIII	184875	186809	-	1935	889	999	1321	690	1039	134
YHL019W-A	VIII	67711	68304	+	594	2	1	3	3	0	0
YHR152W	VIII	401434	401955	+	522	299	310	312	289	363	53
YHL046W-A	VIII	9981	10307	+	327	0	3	4	3	2	0
YHL011C	VIII	80654	81616	-	963	426	428	553	400	601	80
YHR129C	VIII	362999	364153	-	1155	122	86	123	74	129	14
YHR199C	VIII	497490	498422	-	933	701	626	786	514	746	116
YHR159W	VIII	417549	419063	+	1515	121	78	160	98	159	32
YHR193C	VIII	487712	488236	-	525	3041	2624	4611	3005	3320	773
YHR030C	VIII	168890	170344	-	1455	583	464	599	426	704	110
YHL050C	VIII;VIII	445;2671	1897;3311	-;-	2094	57	53	73	43	83	14
YHR162W	VIII	423072	423461	+	390	1903	1775	3276	1585	2257	353
YHR089C	VIII	282681	283298	-	618	1246	1115	1355	1096	1608	250
YHL005C	VIII	98828	99220	-	393	1	0	3	0	1	0
YHR010W	VIII;VIII	126521;127113	126551;127492	+;+	411	2686	3348	5383	3021	4480	648
YHR079C-A	VIII;VIII	262192;262441	262354;262553	-;-	276	0	0	8	2	0	0
YHR212C	VIII	537759	538094	-	336	0	0	0	0	0	0
YHR005C	VIII	113499	114917	-	1419	619	775	1039	460	742	107
YHR187W	VIII	480990	481919	+	930	186	172	230	172	222	39
YHR183W	VIII	470960	472429	+	1470	1524	1513	2883	1545	2197	412
YHR205W	VIII	509363	511837	+	2475	714	585	647	527	850	119
YHR139C-A	VIII	380108	380419	-	312	8	3	22	10	12	0
YHR111W	VIII	333072	334394	+	1323	344	187	338	213	299	38
YHR049W	VIII	206462	207193	+	732	412	446	699	394	523	83
YHR131W-A	VIII	367747	367992	+	246	0	7	6	0	4	0
YHR072W	VIII	239098	241293	+	2196	578	480	763	359	524	62
YHR209W	VIII	519437	520312	+	876	88	79	105	101	116	27
YHR107C	VIII	326813	328036	-	1224	529	425	671	402	653	101
YHR071W	VIII	237004	237693	+	690	3200	2808	2917	2492	3807	385
snR71	VIII	411228	411317	+	90	2	8	11	6	8	5
YHR216W	VIII	554396	555967	+	1572	660	639	1205	559	1030	163
YHL013C	VIII	77430	78353	-	924	144	117	189	110	168	18
YHR060W	VIII	220725	221270	+	546	153	118	215	143	195	24
YHR143W-A	VIII	387233	387445	+	213	66	79	127	87	114	7
YHR142W	VIII	383538	384488	+	951	390	371	508	319	453	62
YHR058C	VIII	218997	219884	-	888	253	194	208	156	199	39
YHL008C	VIII	92627	94510	-	1884	782	513	596	558	646	112
YHR054W-A	VIII	214508	214702	+	195	0	0	0	0	0	0
YHR118C	VIII	344321	345628	-	1308	171	158	175	103	156	33
tT(UGU)H	VIII	466990	467061	+	72	0	0	0	0	0	0
YHL048W	VIII	6401	7546	+	1146	486	556	763	504	771	76
YHR157W	VIII	412907	413455	+	549	18	16	15	17	11	6
YHR110W	VIII	332282	332920	+	639	252	227	302	233	328	63
YHR023W	VIII	151666	157452	+	5787	414	494	687	358	682	104
YHR062C	VIII	222877	223758	-	882	156	129	197	128	202	33
YHR219W	VIII	560173	562047	+	1875	6	7	5	4	4	2
YHR136C	VIII	374654	375100	-	447	67	56	89	53	68	18
YHL001W	VIII;VIII	104277;104804	104405;105091	+;+	417	728	900	1204	655	1110	148
YHR181W	VIII	467228	467914	+	687	343	483	487	345	675	66
YHR214C-B	VIII	543964	549346	-	5383	250	142	161	83	225	30
YHL009W-B	VIII	85909	91318	+	5410	4	2	6	0	4	0
YHR214C-C	VIII	547910	549346	-	1437	0	0	0	0	0	0
YHL009W-A	VIII	85909	87150	+	1242	0	0	0	0	0	0
YIR015W	IX	381948	382382	+	435	107	49	119	96	108	28
YIL156W-A	IX	47292	47693	+	402	0	0	0	0	0	1
YIL115W-A	IX	144268	144639	+	372	7	0	2	4	5	0
YIL086C	IX	200153	200461	-	309	14	26	14	13	7	0
YIL156W-B	IX;IX	47690;47761	47698;47973	+;+	222	181	149	276	158	220	37
tT(AGU)I2	IX	325748	325820	+	73	0	0	0	0	0	0
YIL146C	IX	74184	75773	-	1590	204	227	186	205	258	26
YIL010W	IX	334882	335529	+	648	315	309	623	308	478	69
YIL117C	IX	140613	141569	-	957	295	281	280	180	270	49
YIL050W	IX	258913	259770	+	858	179	212	253	206	245	30
YIL107C	IX	163278	165761	-	2484	314	264	334	330	436	67
YIL150C	IX	61013	62728	-	1716	52	46	51	26	71	10
YIL165C	IX	33718	34077	-	360	257	175	357	193	207	27
YIL045W	IX	271161	272777	+	1617	395	317	442	411	506	52
YIL126W	IX	117992	122071	+	4080	684	553	868	518	799	120
YIL158W	IX	46201	46815	+	615	436	433	490	329	409	49
YIR018W	IX	384609	385346	+	738	239	158	222	153	149	32
YIR039C	IX	430498	432111	-	1614	78	88	119	115	110	36
YIL082W	IX	205635	206507	+	873	0	0	0	0	0	0
YIL056W	IX	249991	251913	+	1923	469	418	348	404	665	86
YIL161W	IX	39433	40140	+	708	150	167	175	134	230	37
tS(UGA)I	IX	248850	248931	+	82	0	3	4	2	4	0
YIL119C	IX	136654	137877	-	1224	1327	1242	1085	1398	1971	181
YIL016W	IX	321454	321933	+	480	254	250	407	255	345	44
YIL144W	IX	78074	80149	+	2076	297	228	293	215	367	57
YIL026C	IX	304477	307929	-	3453	274	289	402	240	391	47
tD(GUC)I1	IX	324303	324374	-	72	5	4	4	5	3	0
YIL163C	IX	36899	37252	-	354	9	21	49	22	29	2
YIL139C	IX	87979	88716	-	738	72	60	110	52	91	10
YIL171W	IX	19515	19844	+	330	1	1	0	2	7	0
YIL068C	IX	233057	235474	-	2418	209	176	260	160	256	38
YIL065C	IX	241308	241775	-	468	254	173	342	190	265	62
YIL098C	IX	179772	180239	-	468	74	57	84	60	81	20
YIL141W	IX	85053	85442	+	390	9	3	3	5	7	1
YIL009W	IX	339344	341428	+	2085	163	138	230	139	206	35
YIR021W-A	IX	398514	398726	+	213	1	0	1	0	0	0
YIR020C-B	IX	397215	397949	-	735	0	0	0	0	0	0
YIL044C	IX	272950	273846	-	897	224	200	333	259	327	51
YIR020W-A	IX	394917	395159	+	243	0	0	0	0	0	0
YIR004W	IX	363221	364519	+	1299	317	252	335	280	374	68
YIL092W	IX	189066	190967	+	1902	210	199	226	148	246	23
tD(GUC)I2	IX	336349	336420	-	72	1	0	1	0	0	0
YIL136W	IX	93619	94800	+	1182	724	486	925	662	728	192
YIR022W	IX	398733	399236	+	504	343	333	529	309	470	65
YIL002W-A	IX	350301	350510	+	210	300	210	346	225	271	73
YIL066W-A	IX	237366	237809	+	444	0	0	0	0	0	0
YIL133C	IX;IX	98527;99386	99095;99416	-;-	600	3953	4077	6017	3822	5974	528
YIL123W	IX	128151	129581	+	1431	5519	4423	5255	4223	5111	758
YIR001C	IX	356143	356895	-	753	402	310	362	379	509	50
YIL153W	IX	55198	56379	+	1182	373	335	299	398	417	100
YIR002C	IX	357415	360396	-	2982	262	207	349	202	342	50
YIL108W	IX	160887	162977	+	2091	664	472	643	359	590	114
YIR023C-A	IX	402383	402706	-	324	2	1	0	2	1	0
YIL067C	IX	235724	237760	-	2037	194	146	284	166	268	49
YIR019C	IX	389572	393675	-	4104	106	91	93	102	105	12
YIL028W	IX	302100	302498	+	399	16	8	27	12	15	4
YIL134W	IX	97395	98330	+	936	65	99	108	60	95	20
YIL159W	IX	41825	45952	+	4128	93	90	87	87	146	8
YIL011W	IX	333727	334536	+	810	410	339	666	145	165	36
YIL110W	IX	156045	157178	+	1134	174	155	182	109	194	40
YIL131C	IX	100781	102235	-	1455	272	213	292	163	279	55
YIL128W	IX	113806	116904	+	3099	339	264	446	291	449	45
YIL064W	IX	241943	242716	+	774	121	138	272	124	205	24
YIL071C	IX	228660	229994	-	1335	44	27	48	31	63	8
YIL147C	IX	69791	73453	-	3663	273	306	358	237	373	52
YIL149C	IX	63028	68067	-	5040	540	452	470	451	635	75
YIL106W	IX;IX	166415;166520	166434;167444	+;+	945	467	476	464	364	516	75
YIL005W	IX	345692	347797	+	2106	457	519	636	419	762	77
YIL169C	IX	23119	26106	-	2988	554	382	618	447	595	106
YIL004C	IX;IX	347946;348495	348363;348505	-;-	429	68	96	99	58	109	15
YIR014W	IX	381086	381814	+	729	24	21	53	31	60	7
tE(CUC)I	IX	197592	197663	+	72	0	0	0	0	0	0
YIR033W	IX	416124	419465	+	3342	1114	953	1023	859	1259	154
YIL105C	IX	167581	169641	-	2061	221	208	218	207	348	55
YIL057C	IX	247902	248396	-	495	1	0	1	0	3	0
YIL017C	IX	318200	320965	-	2766	280	240	411	291	349	60
YIL132C	IX	99860	100501	-	642	78	71	71	91	99	10
YIL070C	IX	230272	231072	-	801	463	410	618	382	482	74
YIL051C	IX	257843	258280	-	438	2609	2325	2581	2722	2979	414
YIL118W	IX	139752	140447	+	696	685	646	966	519	759	118
YIL097W	IX	180427	181977	+	1551	159	165	248	168	257	36
YIR034C	IX	419615	420736	-	1122	4500	4221	5516	6091	8669	1368
YIL109C	IX	157385	160165	-	2781	1361	885	1328	1050	1275	259
YIL102C-A	IX	173365	173592	-	228	57	73	88	60	55	10
YIL105W-A	IX	167664	167804	+	141	0	0	0	0	0	0
YIL084C	IX	202276	203259	-	984	98	95	102	90	173	17
YIL039W	IX	278426	279847	+	1422	514	557	897	563	783	130
YIR003W	IX	360885	362924	+	2040	409	409	605	330	594	88
YIR031C	IX	413015	414679	-	1665	139	162	236	138	258	30
YIL074C	IX	221081	222490	-	1410	3048	2427	3974	1044	1380	261
YIL022W	IX	311165	312460	+	1296	723	772	1067	628	886	122
YIL030C	IX	296050	300009	-	3960	554	553	515	381	645	74
YIL140W	IX	85366	87837	+	2472	464	379	397	313	463	63
YIL031W	IX	292633	295737	+	3105	509	390	362	345	593	69
YIL014W	IX	326103	327995	+	1893	213	242	314	180	290	36
YIL137C	IX	89948	92788	-	2841	497	450	582	335	618	94
YIR037W	IX	423128	423619	+	492	706	734	1323	710	921	111
YIL127C	IX	117024	117644	-	621	210	182	107	114	174	25
YIL143C	IX	80510	83041	-	2532	349	339	458	302	460	47
YIL079C	IX	210923	212005	-	1083	296	260	242	169	250	22
YIR008C	IX	373077	374306	-	1230	537	343	484	316	441	89
YIL040W	IX	277723	278139	+	417	350	310	507	385	363	88
YIL129C	IX	106107	113237	-	7131	538	514	720	402	686	74
YIL100C-A	IX	177343	177681	-	339	1	0	4	4	2	2
YIL124W	IX	126204	127097	+	894	680	803	1442	781	1096	205
YIL042C	IX	275108	276292	-	1185	707	401	519	387	481	144
YIL115C	IX	144327	148709	-	4383	577	461	673	426	598	103
YIL035C	IX	287790	288908	-	1119	570	483	716	523	739	97
YIL176C	IX	8793	9155	-	363	0	0	0	0	0	0
YIL006W	IX	344062	345183	+	1122	146	116	131	131	182	28
YIL048W	IX	261437	264892	+	3456	391	323	378	302	550	68
YIL066C	IX	238099	240708	-	2610	96	54	80	48	70	21
YIR029W	IX	410807	411838	+	1032	82	45	75	59	72	18
YIR018C-A	IX	385564	385701	-	138	85	67	110	60	68	13
YIL094C	IX	186517	187632	-	1116	1592	1646	2459	2516	3804	576
YIL103W	IX	171751	173028	+	1278	273	237	297	223	275	20
YIL155C	IX	51759	53708	-	1950	356	261	333	406	571	108
YIL152W	IX	56545	57252	+	708	295	264	262	224	333	40
YIL046W-A	IX	268309	268473	+	165	3	1	0	2	2	2
YIL002C	IX	350591	353431	-	2841	639	459	947	408	789	103
YIR030W-A	IX	412899	413282	+	384	0	1	0	0	1	0
YIL047C-A	IX	265099	265467	-	369	3	1	1	1	3	0
YIL156W	IX	48091	51306	+	3216	293	226	334	168	317	68
YIR012W	IX	378486	379781	+	1296	408	360	391	270	401	66
YIL112W	IX	151595	154846	+	3252	734	739	987	791	1133	143
YIL025C	IX	308201	308575	-	375	1	0	1	5	0	0
YIL175W	IX	9183	9500	+	318	0	0	0	0	0	0
YIL100W	IX	177373	177726	+	354	2	3	0	0	2	0
YIR026C	IX	404873	405967	-	1095	337	296	429	306	344	61
YIR025W	IX	403659	404765	+	1107	83	72	87	67	82	4
YIR042C	IX	435273	435983	-	711	50	69	103	44	64	19
YIL075C	IX	217863	220700	-	2838	1948	1816	2888	1473	2467	397
YIL068W-A	IX	233013	233396	+	384	6	5	2	3	3	0
YIL063C	IX	242761	243744	-	984	326	258	377	245	441	87
YIL018W	IX;IX	316768;317172	316771;317932	+;+	765	3331	3065	5852	3341	5099	881
YIL027C	IX	303679	304104	-	426	272	350	577	293	434	54
YIL085C	IX	200490	202043	-	1554	415	416	655	373	541	90
snR68	IX	97111	97246	+	136	30	17	21	1	18	2
YIL008W	IX	342536	342835	+	300	294	377	420	272	477	89
YIL030W-A	IX	295565	295903	+	339	12	5	6	7	10	1
YIL076W	IX	216658	217548	+	891	608	577	937	658	852	154
YIR036W-A	IX	422635	423036	+	402	0	0	0	2	3	0
YIL029C	IX	300829	301257	-	429	47	56	98	56	118	4
YIR023W	IX	399777	402689	+	2913	532	448	377	392	574	86
tT(AGU)I1	IX	175031	175103	+	73	0	1	0	0	1	0
YIL053W	IX	255115	255867	+	753	3704	3909	7348	3573	6022	717
YIL101C	IX	175307	177250	-	1944	233	165	218	410	433	90
YIL120W	IX	134417	136108	+	1692	80	99	135	89	148	18
YIL174W	IX	9469	9696	+	228	0	0	0	0	0	0
YIL032C	IX	291961	292317	-	357	2	0	13	0	3	0
YIL142C-A	IX	83208	83540	-	333	2	0	0	0	0	0
YIL164C	IX	34087	34686	-	600	184	142	266	139	186	30
YIL096C	IX	182117	183127	-	1011	56	77	67	49	61	8
YIL160C	IX	40191	41444	-	1254	65	41	73	60	59	6
YIL134C-A	IX	96522	96725	-	204	4	9	2	0	3	1
YIL062C	IX	243998	244462	-	465	987	774	1403	891	1107	260
YIL151C	IX	57338	60694	-	3357	461	475	503	381	549	86
YIL059C	IX	246550	246915	-	366	0	0	0	0	0	0
YIR030C	IX	412036	412770	-	735	22	11	26	10	28	0
YIL083C	IX	203556	204653	-	1098	346	302	458	298	416	53
YIL019W	IX	315093	316133	+	1041	100	128	145	108	141	18
YIL020C-A	IX	313713	314051	-	339	16	10	20	17	20	2
YIL099W	IX	178004	179653	+	1650	38	37	56	45	68	16
YIL093C	IX	187990	188784	-	795	307	335	431	286	398	65
YIR024C	IX	402841	403491	-	651	81	66	132	85	86	19
YIL135C	IX	95065	96375	-	1311	749	570	648	553	824	141
YIL020C	IX	314035	314820	-	786	134	102	138	100	139	16
YIL023C	IX	309386	310426	-	1041	217	222	319	234	304	52
YIL177W-A	IX	846	1328	+	483	0	0	0	0	0	0
YIL037C	IX	283029	284999	-	1971	74	79	115	80	90	18
YIL142W	IX	83302	84885	+	1584	1606	1261	1776	1183	1442	276
YIR041W	IX	433929	434303	+	375	4	0	0	0	3	0
YIL034C	IX	289226	290089	-	864	1406	1203	1504	1346	1621	262
YIL073C	IX;IX	222937;225900	225809;225954	-;-	2928	252	225	366	165	257	60
YIL091C	IX	191030	193195	-	2166	254	251	265	220	280	31
YIL078W	IX	212499	214703	+	2205	1950	1810	3014	1661	2933	374
YIL052C	IX;IX	256226;257027	256554;257063	-;-	366	1837	2193	2591	1997	2740	471
YIR017C	IX	383556	384119	-	564	60	30	58	26	29	3
YIL125W	IX	122689	125733	+	3045	1038	756	1195	859	1224	187
YIL154C	IX	53981	55021	-	1041	1058	911	1590	880	1318	272
PWR1	IX	395999	396939	+	941	0	0	0	0	0	0
YIL138C	IX	89230	89715	-	486	453	488	750	398	697	96
YIL130W	IX	102782	105676	+	2895	471	455	447	441	655	58
YIL071W-A	IX	228550	229026	+	477	36	10	19	20	17	1
YIL043C	IX	274072	274926	-	855	2704	2258	3752	2440	3438	516
YIR013C	IX	380019	380384	-	366	5	4	2	6	2	0
YIL055C	IX	252042	253925	-	1884	190	138	153	139	189	26
YIL014C-A	IX	325212	325526	-	315	41	32	52	34	35	2
YIL049W	IX	260158	260919	+	762	223	246	251	176	282	40
YIL162W	IX	37385	38983	+	1599	190	180	334	293	354	52
YIL104C	IX	169982	171505	-	1524	100	69	138	88	115	18
YIL077C	IX	214991	215953	-	963	127	119	156	117	150	25
YIR032C	IX	415030	415617	-	588	30	53	93	22	53	4
YIL007C	IX	342994	343656	-	663	112	115	220	128	171	21
YIL021W	IX	312905	313861	+	957	167	196	337	172	258	44
YIR020C	IX	394255	394557	-	303	0	0	0	0	0	0
YIL038C	IX	280142	282652	-	2511	457	408	453	352	502	88
YIR011C	IX	377287	378246	-	960	460	402	427	354	543	82
YIL046W	IX	268651	270573	+	1923	603	591	766	334	452	79
YIL157C	IX	46949	47542	-	594	111	63	106	71	137	25
YIL171W-A	IX	18260	18712	+	453	0	0	0	0	0	0
YIL121W	IX	132244	133872	+	1629	2048	1603	2488	1749	2301	339
YIL170W	IX	19847	21220	+	1374	14	11	17	34	36	8
YIR038C	IX	423809	424513	-	705	768	750	1394	842	939	138
YIR027C	IX	406260	407642	-	1383	11	17	21	29	22	4
YIL088C	IX	197931	199403	-	1473	1138	1074	1383	1077	1456	243
YIR028W	IX	408468	410375	+	1908	36	53	52	38	49	14
YIL001W	IX	353940	355481	+	1542	91	115	178	106	175	41
tK(CUU)I	IX	300228	300300	-	73	0	0	0	0	0	0
YIL173W	IX	11492	16141	+	4650	24	14	27	20	26	6
tE(UUC)I	IX	370417	370488	+	72	0	1	0	0	1	2
YIL177C	IX;IX	483;4987	4598;6147	-;-	5277	0	0	0	0	0	0
YIL054W	IX	254543	254860	+	318	3	5	1	0	7	0
YIL148W	IX;IX	68708;69150	68715;69528	+;+	387	6101	6787	8754	6587	9356	1310
YIR017W-A	IX	383566	384165	+	600	0	0	0	1	0	0
YIL145C	IX	76354	77283	-	930	337	354	525	292	473	64
YIR006C	IX	365466	369908	-	4443	2495	1871	2287	2119	3093	459
YIL013C	IX	328207	332442	-	4236	199	199	244	181	214	31
YIL114C	IX	149143	149988	-	846	167	116	241	170	160	24
YIR035C	IX	421026	421790	-	765	987	782	1608	1026	1376	264
YIR007W	IX	370704	372998	+	2295	380	299	384	324	442	54
YIL113W	IX	150559	151188	+	630	94	100	192	154	211	40
YIL036W	IX	285666	287429	+	1764	1010	671	860	804	1069	218
YIR010W	IX	375431	377161	+	1731	395	264	378	284	417	73
YIL033C	IX	290419	291669	-	1251	1163	929	1423	1155	1559	239
YIR009W	IX	374525	374860	+	336	92	81	120	79	125	10
YIL041W	IX	276525	277505	+	981	1738	1464	1824	1428	2099	303
YIL087C	IX	199646	200119	-	474	327	197	308	293	355	58
ICR1	IX	393884	397082	-	3199	76	67	92	90	129	8
YIR036C	IX	422074	422865	-	792	147	141	276	139	166	32
YIL122W	IX	130610	131665	+	1056	227	159	195	211	257	43
tI(AAU)I2	IX	210665	210738	+	74	0	0	0	0	0	0
YIL021C-A	IX	313199	313468	-	270	0	0	0	0	0	0
YIL090W	IX	193595	195070	+	1476	298	304	417	251	400	41
YIL012W	IX	333011	333352	+	342	4	1	4	4	2	0
YIL024C	IX	308602	309171	-	570	25	9	27	13	28	4
YIL111W	IX	155311	155765	+	455	462	341	649	441	493	65
YIL095W	IX	183937	186369	+	2433	512	452	471	408	666	88
YIL029W-A	IX	299735	300106	+	372	0	0	0	0	0	0
YIL089W	IX	195599	196216	+	618	43	29	69	31	62	9
YIL166C	IX	30938	32566	-	1629	91	57	92	59	99	14
YIL060W	IX	246392	246826	+	435	5	1	3	4	0	0
tI(AAU)I1	IX	183440	183513	-	74	0	0	0	0	0	0
YIL009C-A	IX;IX	335666;335937	335935;336212	-;-	546	391	348	516	244	324	73
YIL061C	IX	244657	245559	-	903	209	148	132	124	151	32
YIR040C	IX	433389	433721	-	333	1	2	1	0	1	1
YIL102C	IX	174582	174887	-	306	9	6	11	8	6	0
YIL069C	IX;IX	231553;232367	231957;232369	-;-	408	1592	1755	2507	1666	2220	264
YIR016W	IX	382628	383425	+	798	647	404	784	497	559	146
YIR021W	IX	397294	398385	+	1092	73	54	114	66	68	7
YIL172C	IX	16784	18553	-	1770	0	0	0	0	0	0
YIL072W	IX	226602	228419	+	1818	30	60	62	36	58	0
YIL058W	IX	246914	247198	+	285	35	44	41	31	48	3
YIL047C	IX	265115	267823	-	2709	753	717	918	499	824	85
YIL015W	IX	322342	324105	+	1764	20	26	26	20	21	6
YIR005W	IX	364889	365335	+	447	49	48	65	37	63	3
YIL116W	IX	142928	144085	+	1158	2757	1889	2475	1739	2250	348
YIL003W	IX	349122	350003	+	882	172	150	232	121	146	22
YIL082W-A	IX	205635	210132	+	4498	1187	959	1154	431	735	128
YCR031C	III;III	177500;178214	177906;178220	-;-	414	3581	3791	5970	3304	4897	893
YCL011C	III	102075	103358	-	1284	866	854	1262	731	1139	216
YCL040W	III	50838	52340	+	1503	7167	5042	8024	7804	8799	1835
YCR052W	III	214994	216445	+	1452	680	572	482	472	666	95
YCR100C	III	301271	302221	-	951	22	10	22	13	30	0
YCR107W	III	313890	314981	+	1092	95	94	159	107	125	13
YCL002C	III;III	110808;111634	111557;111675	-;-	792	164	194	255	187	227	30
YCL024W	III	79162	82275	+	3114	74	92	118	67	147	21
YCR060W	III	224399	224734	+	336	118	92	132	95	147	44
YCR071C	III	240103	240543	-	441	111	76	123	94	130	20
YCR007C	III	126011	126730	-	720	110	91	151	95	125	20
YCL012C	III;III	101317;101701	101633;101788	-;-	405	125	150	200	104	187	16
YCR081C-A	III	258415	258651	-	237	0	0	0	0	0	0
YCR036W	III	193297	194298	+	1002	230	226	387	187	298	42
YCR063W	III	228318	228791	+	474	27	23	15	27	30	3
YCL042W	III	50584	50943	+	360	33	17	21	22	43	6
YCR097W-A	III	294439	294705	+	267	0	0	0	0	0	0
YCR025C	III	163446	163856	-	411	12	14	23	14	23	0
tK(CUU)C	III	151284	151356	-	73	0	0	0	0	0	0
YCR069W	III	239055	240011	+	957	1836	1479	1994	1427	2023	228
YCR041W	III	200911	201243	+	333	13	3	3	7	9	4
YCR102W-A	III	306735	306932	+	198	3	2	5	0	3	1
YCR020C-A	III	154830	155096	-	267	199	203	328	162	244	43
YCL075W	III	2126	2566	+	441	0	0	0	0	0	0
YCR092C	III	276764	279820	-	3057	212	200	268	235	285	24
YCR005C	III	120946	122328	-	1383	4443	3736	5835	6093	8098	865
YCR038W-A	III	199293	199418	+	126	0	0	0	0	0	0
YCL034W	III	61658	62722	+	1065	555	459	737	452	644	144
YCL026C-B	III	73405	73986	-	582	92	79	111	47	50	10
YCR020W-B	III	155320	155556	+	237	22	31	37	18	40	3
YCR094W	III	286762	287937	+	1176	126	202	236	153	226	36
YCL028W	III	70150	71367	+	1218	619	534	527	560	712	119
YCL029C	III	68599	69921	-	1323	512	432	493	350	525	92
YCL074W	III	2824	3750	+	927	2	2	0	0	3	0
tQ(UUG)C	III	168301	168372	-	72	0	0	0	0	0	0
YCR086W	III	263392	263964	+	573	40	69	95	64	78	6
YCR006C	III	122530	123003	-	474	2	9	8	11	17	0
YCR083W	III	259578	259961	+	384	92	134	155	100	161	16
YCL039W	III	52645	54882	+	2238	545	385	539	458	671	91
YCL037C	III	57374	58678	-	1305	438	232	160	213	336	63
tE(UUC)C	III	82462	82533	-	72	7	5	10	0	3	4
YCL004W	III	109105	110670	+	1566	169	165	192	156	226	34
YCL076W	III	1392	2135	+	744	0	0	0	0	0	0
YCR011C	III	133724	136873	-	3150	977	908	1329	848	1322	180
YCL054W-A	III	30910	30996	+	87	0	0	0	0	0	0
YCR020C	III	154012	154659	-	648	59	69	87	55	90	10
YCL065W	III	13751	14119	+	369	3	0	3	0	1	0
YCL057W	III	24768	26906	+	2139	695	540	952	572	820	127
YCL069W	III	9706	11082	+	1377	0	0	0	0	0	0
YCR045W-A	III	208751	209101	+	351	0	0	0	0	0	0
YCL048W	III	42165	43556	+	1392	17	6	22	3	10	3
YCR002C	III	117380	118348	-	969	426	357	627	364	524	75
YCR035C	III	191834	193018	-	1185	192	224	301	200	295	22
YCR066W	III	231500	232963	+	1464	142	147	194	109	164	32
YCR032W	III	179520	186023	+	6504	258	245	385	238	349	52
YCL059C	III	22429	23379	-	951	369	431	539	351	566	57
YCR079W	III	252845	254173	+	1329	241	173	284	256	307	33
YCR021C	III	156109	157107	-	999	408	420	727	679	1076	69
YCL026C-A	III	74704	75285	-	582	12	1	11	4	4	2
YCL046W	III	46640	46963	+	324	7	3	2	1	2	1
YCR104W	III	307801	308175	+	375	5	11	17	12	12	0
YCL001W	III	111916	112482	+	567	760	1101	1242	884	1320	160
YCR054C	III	218376	220067	-	1692	72	86	153	67	127	16
YCR046C	III	209914	210423	-	510	740	398	716	464	525	130
YCR064C	III	228095	228505	-	411	0	2	3	3	0	0
YCL001W-B	III	113770	114024	+	255	12	19	29	13	30	4
YCR017C	III	144773	147634	-	2862	890	889	1481	967	1345	209
YCR097W	III;III;III	293835;293994;294292	293939;294239;294321	+;+;+	381	0	0	2	0	0	0
YCL041C	III	50133	50627	-	495	12	3	13	2	18	0
YCR043C	III	206261	206644	-	384	323	311	482	250	376	52
YCR095W-A	III	289639	289797	+	159	0	1	8	4	1	0
YCL009C	III	104619	105548	-	930	6224	4467	5732	5757	6910	1230
tP(AGG)C	III	123577	123648	-	72	18	15	18	24	10	9
YCR014C	III	139185	140933	-	1749	101	78	115	90	144	24
YCL036W	III	59026	60726	+	1701	95	106	97	62	112	8
YCR051W	III	214071	214739	+	669	325	337	395	287	363	122
YCL045C	III	44623	46905	-	2283	1063	1133	1238	924	1430	170
YCL005W	III	108021	108791	+	771	209	211	264	177	228	34
snR43	III	107504	107712	-	209	100	64	111	79	120	10
YCR088W	III	265068	266846	+	1779	2749	2172	3187	2071	3236	439
YCR037C	III	194414	197185	-	2772	347	397	492	316	581	62
YCR077C	III	250238	252628	-	2391	1052	823	1217	901	1176	219
YCR009C	III	130745	131542	-	798	916	935	1534	933	1456	202
YCR098C	III	297049	298605	-	1557	7	22	22	4	8	2
YCR047W-A	III	211301	211507	+	207	0	0	0	0	0	0
YCR073W-A	III	246963	247910	+	948	332	231	519	293	409	77
YCR039C	III	199546	200178	-	633	93	82	72	38	108	4
YCL032W	III	63441	64481	+	1041	210	219	220	185	328	64
YCR049C	III	211871	212317	-	447	0	1	0	0	1	0
YCR076C	III	249293	250045	-	753	250	204	396	243	321	69
YCL057C-A	III	24032	24325	-	294	314	293	485	282	321	86
YCR053W	III	216697	218241	+	1545	2063	1901	2696	1889	3064	374
YCL008C	III	105696	106853	-	1158	683	521	540	474	750	106
YCR072C	III	240805	242352	-	1548	132	116	158	81	107	10
YCR057C	III	220457	223228	-	2772	445	361	365	230	412	34
YCL044C	III	47111	48364	-	1254	384	328	343	276	434	44
YCL033C	III	62776	63282	-	507	434	292	503	344	406	75
YCL030C	III	65934	68333	-	2400	8634	5781	8879	6849	8031	1561
YCL068C	III	11503	12285	-	783	0	0	0	0	0	0
YCL035C	III	60841	61173	-	333	526	479	856	540	684	142
YCR008W	III	128470	130281	+	1812	556	404	511	461	611	107
tS(CGA)C	III;III	227942;227998	227978;228042	+;+	82	1	0	2	5	0	0
YCR091W	III	274404	276566	+	2163	267	230	218	232	343	61
YCR108C	III	315997	316188	-	192	0	0	0	0	0	0
YCR042C	III	201174	205397	-	4224	380	395	612	320	577	98
snR65	III	177183	177282	+	100	5	6	10	4	2	0
YCL055W	III	27929	28936	+	1008	336	302	414	183	276	56
YCR003W	III	118620	119171	+	552	126	144	256	75	204	33
YCR022C	III	157421	157765	-	345	5	12	9	9	15	0
YCR089W	III	267434	272263	+	4830	678	613	636	335	535	66
tG(GCC)C	III	142701	142771	-	71	0	0	0	0	0	0
YCL016C	III	94621	95763	-	1143	100	85	96	103	143	13
YCL031C	III	64675	65568	-	894	325	377	517	321	453	84
YCL048W-A	III	41488	41727	+	240	0	5	4	2	4	2
YCR018C	III	148238	148903	-	666	262	320	363	224	311	29
YCL022C	III	81570	82085	-	516	0	0	0	0	0	0
YCR087C-A	III	264006	264467	-	462	0	0	0	0	0	0
tT(AGU)C	III	295484	295556	+	73	1	0	0	0	1	0
YCL023C	III	78949	79296	-	348	0	0	3	0	0	0
YCL010C	III	103571	104350	-	780	195	151	226	134	182	36
YCR001W	III	115685	115999	+	315	21	17	24	6	18	0
tM(CAU)C	III	149920	149991	+	72	0	0	0	0	0	0
YCL018W	III	91324	92418	+	1095	1608	1200	1577	1072	1288	175
YCR073C	III	242588	246583	-	3996	243	206	261	202	302	26
YCR048W	III	211929	213761	+	1833	660	592	698	429	617	67
YCL005W-A	III;III;III	107023;107111;107288	107033;107191;107417	+;+;+	222	12	12	17	7	9	1
YCR033W	III	186489	190169	+	3681	757	673	823	700	1095	141
YCL007C	III	106974	107366	-	393	0	0	0	0	0	0
YCR019W	III	152837	153928	+	1092	77	45	148	72	73	20
YCR102C	III	304361	305467	-	1107	26	18	44	8	18	2
YCR075W-A	III	248975	249202	+	228	104	79	60	63	127	15
YCL058W-A	III	23584	23925	+	342	0	0	0	0	0	0
YCL047C	III	43661	44437	-	777	212	194	249	149	243	45
YCR106W	III	310958	313456	+	2499	95	63	109	60	121	18
YCR040W	III	200442	200969	+	528	0	1	1	0	0	0
YCR061W	III	225563	227458	+	1896	1083	698	927	965	1123	163
YCR045C	III	208135	209610	-	1476	148	128	149	85	189	26
YCR085W	III	262916	263269	+	354	22	8	10	8	10	4
YCR024C-B	III	162599	162865	-	267	3523	4324	6683	3974	5531	729
YCR101C	III	302482	303030	-	549	4	15	4	9	14	0
YCL049C	III	39786	40724	-	939	336	337	485	344	516	92
YCR015C	III	141217	142170	-	954	45	41	59	35	61	16
snR33	III	142364	142546	-	183	33	34	63	54	36	6
YCR038C	III	197621	199549	-	1929	129	87	106	85	106	27
YCL063W	III	17290	18561	+	1272	233	215	284	168	231	49
YCR024C	III	160744	162222	-	1479	179	162	212	173	268	40
YCR065W	III	229310	231004	+	1695	526	480	496	375	560	72
YCR087W	III	263976	264491	+	516	0	1	0	1	0	0
YCR034W	III	190592	191635	+	1044	802	886	857	736	1140	170
YCL052C	III	34143	35393	-	1251	744	724	986	774	943	172
YCR004C	III	119575	120318	-	744	960	910	1770	1082	1420	253
YCR059C	III	223454	224230	-	777	359	284	488	338	391	76
tL(CAA)C	III;III	90859;90929	90896;90972	+;+	82	1	0	1	0	0	0
YCR096C	III	293179	293538	-	360	0	0	0	0	0	0
YCR028C-A	III;III	172950;173199	173115;173440	-;-	408	217	378	630	390	547	65
tN(GUU)C	III	127716	127789	+	74	0	0	0	3	1	0
YCL021W-A	III	83620	83997	+	378	164	130	167	125	120	21
YCL064C	III	15798	16880	-	1083	40	33	33	32	50	0
YCR028C	III	170886	172424	-	1539	278	302	295	223	333	42
YCR082W	III	258883	259269	+	387	345	370	349	272	442	56
YCL061C	III	18816	22106	-	3291	220	194	291	146	262	29
YCL073C	III	6479	8326	-	1848	0	0	0	0	0	0
YCR013C	III	138402	139049	-	648	164	45	77	51	136	3
YCR090C	III	272315	272863	-	549	218	170	300	172	294	16
YCR084C	III	260311	262452	-	2142	1509	1079	1331	1195	1523	291
YCR050C	III	213464	213772	-	309	8	16	8	5	6	2
YCR099C	III	300832	301299	-	468	25	26	46	23	48	6
YCL066W	III	13282	13809	+	528	0	0	0	0	0	0
snR189	III	178610	178798	-	189	13	10	8	10	1	2
YCR095C	III	288170	289258	-	1089	103	106	133	125	184	25
YCR068W	III	237214	238776	+	1563	311	253	352	225	335	58
YCL017C	III	92777	94270	-	1494	293	307	337	195	360	47
YCL058C	III	23523	23981	-	459	2	3	2	3	2	0
YCL014W	III	96281	101191	+	4911	381	283	351	206	360	42
YCL050C	III	37836	38801	-	966	1497	1217	1595	1360	1704	285
YCR067C	III	233125	236322	-	3198	598	592	737	517	788	100
YCR047C	III	210718	211545	-	828	103	92	115	70	106	23
YCR044C	III	206877	207950	-	1074	496	393	449	382	466	100
YCR026C	III	164111	166339	-	2229	424	372	438	281	507	72
YCR093W	III	280117	286443	+	6327	1015	961	1166	878	1295	116
YCR012W	III	137746	138996	+	1251	10648	8624	17686	11874	14624	2896
YCR075C	III	248033	248815	-	783	149	153	226	163	167	28
YCL043C	III	48653	50221	-	1569	8690	6661	9602	5804	8455	1182
YCL025C	III	76018	77919	-	1902	4259	3608	4609	4570	6484	1052
YCL067C	III	12386	13018	-	633	0	0	0	0	0	0
YCR023C	III	158538	160373	-	1836	555	556	816	493	704	84
YCR010C	III	132273	133124	-	852	24	40	25	27	39	8
YCL056C	III	26925	27359	-	435	123	101	168	121	120	34
YCR081W	III	254371	258654	+	4284	159	135	172	130	240	20
YCR018C-A	III	151608	151862	-	255	2	0	5	3	8	1
YCR030C	III	173826	176438	-	2613	999	854	956	825	1226	200
YCL027W	III	71803	73341	+	1539	826	702	790	249	364	75
YCL051W	III	35865	37616	+	1752	285	279	361	274	429	62
YCL038C	III	54941	56527	-	1587	270	251	440	230	258	64
YCR027C	III	167370	167999	-	630	140	134	220	134	161	19
YCL001W-A	III	113080	113541	+	462	11	4	13	4	12	1
YCR016W	III	143634	144506	+	873	114	102	149	78	153	16
YCL054W	III	31449	33974	+	2526	276	265	302	141	276	48
YCR105W	III	309070	310155	+	1086	64	41	48	41	60	10
YCR024C-A	III	162945	163067	-	123	1587	1933	2533	1685	2674	244
YCL020W	III	85102	86418	+	1317	0	0	0	0	0	0
YCL019W	III	85102	90415	+	5314	382	275	438	180	283	54
RUF22	VI	199299	199813	-	515	1	0	0	0	0	0
YFL031C-A	VI	76014	76115	-	102	59	41	101	59	99	9
YFL026W	VI	82580	83875	+	1296	29	37	38	43	57	6
YFR027W	VI	207452	208297	+	846	42	42	62	41	46	12
YFR052W	VI	252505	253329	+	825	398	435	803	398	470	86
YFL064C	VI	3322	3846	-	525	0	0	0	0	0	0
YFL015C	VI	106469	106963	-	495	9	4	16	9	11	2
YFL011W	VI	112345	113985	+	1641	3	3	3	0	3	0
YFR017C	VI	182274	182861	-	588	851	651	840	1067	1268	211
YFL018C	VI	101628	103127	-	1500	1335	1303	2453	1291	1881	330
YFL032W	VI	74872	75192	+	321	2	5	2	4	7	2
YFR036W	VI	226963	227337	+	375	223	161	141	133	204	39
YFR006W	VI	156145	157752	+	1608	480	465	996	480	664	129
YFR021W	VI	194812	196314	+	1503	262	202	310	194	283	56
tK(CUU)F	VI	226688	226760	-	73	0	0	0	2	0	0
YFL034W	VI	65477	68698	+	3222	462	363	463	340	467	85
YFL012W-A	VI	109810	110184	+	375	0	0	0	0	0	0
YFL024C	VI	87847	90345	-	2499	690	591	539	548	816	101
YFL013C	VI	107852	109930	-	2079	209	153	217	137	259	29
RUF23	VI	221714	221967	+	254	2	1	3	9	5	0
YFL046W	VI	42815	43438	+	624	267	236	357	184	304	42
YFR014C	VI	172537	173877	-	1341	338	251	444	336	453	66
YFL056C	VI	14305	15431	-	1127	116	89	191	101	127	6
YFL041W-A	VI	48734	48925	+	192	40	8	26	19	13	2
YFR055W	VI	264204	265226	+	1023	174	179	248	262	399	64
YFR013W	VI	169922	172285	+	2364	498	424	595	347	583	118
YFR049W	VI	248523	248894	+	372	117	156	220	156	190	44
YFL050C	VI	33272	35848	-	2577	78	74	118	53	85	25
YFR044C	VI	239992	241437	-	1446	1201	1319	1784	980	1599	218
YFR032C-B	VI	223710	223973	-	264	24	14	23	10	25	1
YFR034W-A	VI	226022	226309	+	288	1	0	0	1	0	0
tP(UGG)F	VI;VI	101376;101443	101411;101478	+;+	72	2	0	2	0	1	0
YFR009W	VI	162488	164746	+	2259	948	759	1134	704	1143	166
tA(AGC)F	VI	204924	204996	-	73	5	4	9	1	0	0
YFL045C	VI	43628	44392	-	765	1060	1263	2356	1222	1997	201
YFL068W	VI	53	535	+	483	0	0	0	0	0	0
YFR018C	VI	183131	184222	-	1092	583	590	647	462	736	109
YFR034C	VI	225020	225958	-	939	548	449	534	290	430	103
YFR029W	VI	210937	212973	+	2037	279	264	227	183	314	48
YFL003C	VI	134521	137157	-	2637	39	28	35	28	54	6
YFR041C	VI	237368	238255	-	888	105	131	182	127	211	32
YFL059W	VI	11363	12259	+	897	12	11	12	11	19	2
YFL062W	VI	6426	7565	+	1140	2	0	2	5	8	0
YFR026C	VI	205748	206257	-	510	40	31	47	21	41	1
YFL014W	VI	107256	107585	+	330	242	142	486	663	435	144
YFL066C	VI	1437	2615	-	1179	6	1	1	0	2	0
YFL047W	VI	40421	42565	+	2145	420	336	526	248	406	46
YFR032C-A	VI	223258	223437	-	180	1361	919	1304	1014	1596	197
YFR056C	VI	263957	264325	-	369	2	4	4	4	12	1
RUF20	VI	131061	131503	-	443	22	25	46	24	45	3
YFL044C	VI	44655	45560	-	906	185	156	245	174	234	40
YFR011C	VI	166746	167258	-	513	64	71	84	53	102	12
YFR022W	VI	196833	199034	+	2202	597	466	482	497	731	104
YFR047C	VI	244279	245166	-	888	622	457	887	541	617	88
tF(GAA)F	VI;VI	157916;157971	157951;158007	-;-	73	0	0	1	0	0	0
YFL051C	VI	30058	30540	-	483	2	14	6	26	21	2
YFL054C	VI	20847	22787	-	1941	134	78	139	170	210	30
YFR036W-A	VI	227451	228101	+	651	36	15	11	6	15	5
YFR024C-A	VI;VI	201960;203387	203292;203433	-;-	1380	702	698	1057	590	1011	123
YFR045W	VI;VI	241998;242082	242009;242999	+;+	930	191	168	195	165	248	28
YFR002W	VI	150016	152535	+	2520	435	394	569	346	513	71
YFL012W	VI	110647	111093	+	447	6	6	2	1	0	2
YFL033C	VI	69115	74427	-	5313	673	502	575	548	762	102
YFL021W	VI	95966	97498	+	1533	1164	1053	694	678	1092	132
YFL008W	VI	119429	123106	+	3678	280	225	321	157	292	38
YFL019C	VI	100252	100605	-	354	4	1	7	4	4	0
YFR005C	VI	154527	155873	-	1347	248	200	310	210	308	28
YFL022C	VI	93499	95010	-	1512	1588	1382	1649	1256	2047	259
YFL028C	VI	79344	80213	-	870	860	584	949	620	766	152
YFL052W	VI	28232	29629	+	1398	18	9	14	20	15	2
YFR008W	VI	160535	161200	+	666	132	104	131	77	151	16
YFL002C	VI	145114	146934	-	1821	392	326	407	243	444	49
YFL055W	VI	17004	18680	+	1677	199	158	246	90	87	24
YFL034C-B	VI;VI	63016;63974	63859;63993	-;-	864	309	247	277	240	321	40
YFR023W	VI	199874	201709	+	1836	10	8	6	6	0	0
YFR001W	VI	149110	149724	+	615	335	252	408	248	286	86
YFL023W	VI	90986	93376	+	2391	219	218	182	126	243	30
YFL020C	VI	99231	99599	-	369	25	15	16	15	25	6
tY(GUA)F2	VI;VI	210619;210669	210654;210707	-;-	75	0	1	0	0	0	0
YFL067W	VI	836	1363	+	528	30	23	36	12	20	10
YFR031C-A	VI;VI	220507;221415	221267;221418	-;-	765	2486	2594	4526	2261	3773	657
YFL010C	VI	115108	115743	-	636	1279	1068	825	1010	1239	174
tN(GUU)F	VI	137486	137559	-	74	0	0	1	0	0	0
YFL053W	VI	23423	25198	+	1776	32	12	35	47	69	8
YFR030W	VI	213312	216419	+	3108	2780	1874	3537	688	857	114
YFR003C	VI	152657	153124	-	468	345	260	551	279	402	55
YFL039C	VI;VI	53260;54687	54377;54696	-;-	1128	7697	7438	13094	7917	11192	1456
YFL029C	VI	78055	79161	-	1107	409	251	329	301	371	81
YFL030W	VI	76831	77988	+	1158	113	92	128	103	128	22
YFL058W	VI	12929	13951	+	1023	2	0	0	1	0	0
YFL016C	VI	104701	106236	-	1536	305	277	398	291	402	82
YFR040W	VI	234242	237250	+	3009	677	537	765	605	904	142
YFL041W	VI	49139	51007	+	1869	231	250	344	249	319	46
tS(GCU)F	VI;VI	191513;191577	191557;191613	-;-	82	0	1	0	2	0	0
tG(GCC)F1	VI	162228	162298	+	71	0	0	0	0	0	0
YFL036W	VI	58782	62837	+	4056	291	273	390	268	414	49
YFR053C	VI	253592	255049	-	1458	2622	2091	4304	4262	4799	682
YFL048C	VI	38843	40180	-	1338	500	550	691	437	678	103
YFL015W-A	VI	106415	106732	+	318	0	0	1	0	0	0
YFR057W	VI	269061	269516	+	456	0	0	0	2	0	0
YFR046C	VI	243074	244159	-	1086	111	133	164	104	200	16
YFL037W	VI	56336	57709	+	1374	1055	1293	1770	1245	1717	256
YFL061W	VI	9545	10222	+	678	13	10	22	5	16	0
YFL017C	VI	103983	104462	-	480	187	188	303	186	274	35
YFR012W	VI	167888	168496	+	609	2	0	3	10	0	0
YFL034C-A	VI;VI	64243;64921	64599;64932	-;-	369	877	806	709	668	939	163
YFR010W	VI	165067	166566	+	1500	715	596	1069	553	966	124
YFL040W	VI	51350	52972	+	1623	37	33	46	34	70	10
YFR020W	VI	192737	193435	+	699	151	118	188	117	141	19
YFR038W	VI	229380	231941	+	2562	393	264	340	207	381	44
YFR012W-A	VI	169224	169310	+	87	6	1	2	2	7	0
YFL031W	VI;VI	75179;76092	75839;76147	+;+	717	3102	1967	3560	2275	2865	490
YFL017W-A	VI	103699	103932	+	234	107	109	156	77	114	32
YFL005W	VI	130334	130981	+	648	358	418	757	378	577	91
YFR019W	VI	184502	191338	+	6837	474	370	489	405	635	80
YFL042C	VI	45720	47744	-	2025	682	386	405	392	529	132
YFR042W	VI	238458	239060	+	603	54	70	107	91	93	16
YFR050C	VI	249066	249866	-	801	1007	1071	1448	905	1493	198
YFR007W	VI	159299	160360	+	1062	217	210	248	210	260	42
YFL065C	VI	3030	3338	-	309	2	0	0	0	1	0
YFL038C	VI	55366	55986	-	621	2077	2031	2781	1823	2795	395
YFR015C	VI	174265	176391	-	2127	786	777	1447	936	1318	172
tG(GCC)F2	VI	180974	181044	-	71	0	0	0	0	0	0
YFR009W-A	VI	163875	164132	+	258	0	0	0	0	0	0
YFL060C	VI	10301	10969	-	669	6	10	6	6	13	0
YFR043C	VI	239114	239827	-	714	123	143	189	112	150	25
YFL049W	VI	36803	38674	+	1872	264	217	285	237	313	34
YFR052C-A	VI	253429	253734	-	306	95	74	115	92	101	5
RUF21	VI	57815	58521	-	707	206	346	457	295	499	11
YFR028C	VI	208413	210068	-	1656	499	422	514	382	579	118
YFR010W-A	VI	166728	166916	+	189	4	2	1	3	0	1
YFR051C	VI	250163	251803	-	1641	1171	1130	1236	1056	1470	232
YFR016C	VI	177042	180743	-	3702	913	673	876	688	1102	192
YFR032C	VI	222090	222959	-	870	8	9	8	8	9	0
YFL001W	VI	147131	148459	+	1329	170	198	224	176	262	50
YFR037C	VI	227513	229186	-	1674	344	357	459	321	438	74
YFL013W-A	VI	107799	108602	+	804	8	6	6	5	12	0
YFL063W	VI	5066	5521	+	456	0	0	0	0	0	0
YFR025C	VI	203743	204750	-	1008	482	477	645	438	623	87
YFL025C	VI	84145	87234	-	3090	157	167	193	110	213	36
YFR054C	VI	258855	259433	-	579	1	3	6	2	6	1
YFR033C	VI	224326	224769	-	444	2201	1710	1700	1549	2288	490
YFR031C	VI	216594	220106	-	3513	178	194	282	173	212	38
YFL021C-A	VI	95761	96615	-	855	13	9	8	13	14	4
YFL010W-A	VI	114990	115274	+	285	200	111	112	138	185	36
YFR039C	VI	232012	233544	-	1533	188	180	270	183	269	35
YFL027C	VI	80419	81912	-	1494	172	118	240	140	216	16
YFL007W	VI	123479	129910	+	6432	866	779	1251	640	1048	184
YFL004W	VI	131810	134296	+	2487	659	663	1007	543	954	94
YFR048W	VI	246146	248134	+	1989	302	234	346	260	369	46
YFR035C	VI	226121	226465	-	345	26	21	42	17	15	4
tY(GUA)F1	VI;VI	167437;167490	167475;167525	+;+	75	0	0	0	0	0	0
YFL009W	VI	116145	118484	+	2340	520	456	563	356	580	80
YFR004W	VI	153393	154313	+	921	1299	1175	1759	1053	1441	220
YFL002W-B	VI	138204	139520	+	1317	0	0	0	0	0	0
YFL002W-A	VI	138204	143517	+	5314	0	4	0	3	2	0
YAL037W	I	74020	74823	+	804	194	137	128	100	167	38
YAL016W	I	124879	126786	+	1908	935	982	1521	969	1358	202
YAL003W	I;I	142174;142620	142253;143160	+;+	621	1351	1643	2179	1554	2303	397
YAL053W	I	45899	48250	+	2352	797	805	839	670	929	130
YAL031W-A	I	84669	84977	+	309	6	0	0	6	7	0
YAL019W	I	114919	118314	+	3396	377	333	392	234	415	68
YAL024C	I	101565	105872	-	4308	119	100	135	103	140	28
YAL034W-A	I	79718	80587	+	870	47	30	50	30	50	5
YAL064W-B	I	12046	12426	+	381	2	4	2	4	4	0
YAL018C	I	118564	119541	-	978	0	0	0	0	2	2
YAL037C-A	I	73426	73518	-	93	411	168	158	144	343	6
YAL056C-A	I	38696	39046	-	351	2	4	5	2	3	0
tL(CAA)A	I;I	181141;181211	181178;181254	+;+	82	2	0	4	0	0	0
YAL048C	I	52801	54789	-	1989	191	152	194	133	210	26
YAL025C	I	100225	101145	-	921	308	318	290	198	310	41
YAR064W	I	220198	220497	+	300	12	11	24	12	6	0
YAL031C	I	84749	87031	-	2283	403	314	414	369	531	66
YAR075W	I	228844	229317	+	474	0	0	0	0	0	0
YAL063C-A	I	22395	22685	-	291	3	2	6	7	7	1
tP(UGG)A	I;I	139152;139219	139187;139254	+;+	72	0	0	2	0	0	0
tA(UGC)A	I	166267	166339	+	73	0	1	4	2	1	0
YAL023C	I	106272	108551	-	2280	2502	2195	2381	2004	2729	530
YAL062W	I	31567	32940	+	1374	255	189	241	235	293	51
YAR061W	I	218140	219145	+	1006	0	0	0	0	0	0
YAL026C	I	95630	99697	-	4068	359	420	458	323	448	58
YAL014C	I	128252	129019	-	768	636	486	606	588	584	169
YAL034C-B	I	79489	79842	-	354	67	24	23	12	28	2
YAR035W	I	190193	192256	+	2064	32	46	62	19	47	14
YAL010C	I	134184	135665	-	1482	284	186	218	176	309	39
YAL042W	I	61316	62563	+	1248	1384	1280	1630	1133	1729	263
YAL038W	I	71786	73288	+	1503	18941	12373	19639	16708	21208	4203
YAR003W	I	155005	156285	+	1281	163	148	237	141	209	32
YAL045C	I	57488	57796	-	309	0	0	0	0	1	0
YAR007C	I	156754	158619	-	1866	353	244	507	259	399	70
YAL030W	I;I	87286;87501	87387;87752	+;+	354	237	196	361	257	239	72
YAR027W	I	183770	184477	+	708	401	480	692	425	611	92
YAL055W	I	42177	42719	+	543	50	35	60	34	41	8
YAL060W	I	35155	36303	+	1149	820	575	1199	600	909	149
YAL017W	I	120225	124295	+	4071	548	476	722	459	742	131
YAR018C	I	170396	171703	-	1308	571	323	340	287	403	59
YAL069W	I	335	649	+	315	0	0	0	0	0	0
YAL063C	I	24000	27968	-	3969	103	83	113	73	145	38
YAL046C	I	57029	57385	-	357	49	51	75	42	69	7
YAR020C	I	176856	177023	-	168	45	53	59	39	64	7
snR18	I	142367	142468	+	102	3	1	9	5	8	1
YAR050W	I	203403	208016	+	4614	94	78	83	68	104	14
YAL016C-B	I	124307	124492	-	186	11	3	8	5	14	1
YAR019C	I	172211	175135	-	2925	224	170	242	150	276	52
YAR029W	I	186321	186545	+	225	10	28	32	24	37	0
YAR002W	I	152257	153876	+	1620	811	675	767	658	911	108
YAL039C	I	68716	69525	-	810	415	326	585	412	479	128
YAR030C	I	186512	186853	-	342	29	20	36	37	34	4
YAR047C	I	201467	201787	-	321	4	9	2	5	3	0
YAL022C	I	108877	110430	-	1554	439	379	524	408	567	120
YAL011W	I	132199	134076	+	1878	233	165	219	153	259	40
YAL001C	I;I	147594;151097	151006;151166	-;-	3483	283	276	478	308	453	69
YAL056W	I	39259	41901	+	2643	487	481	611	414	655	60
YAL066W	I	10091	10399	+	309	0	0	0	0	0	0
YAL013W	I	129270	130487	+	1218	643	456	641	513	665	139
YAL047W-A	I	54584	54913	+	330	0	0	0	0	0	0
YAL016C-A	I	124755	125069	-	315	1	0	0	0	0	0
YAL064W	I	21566	21850	+	285	0	2	2	2	6	0
YAR071W	I	225460	226863	+	1404	34	26	62	20	32	2
YAR033W	I	188107	188811	+	705	104	145	152	103	154	19
YAR069C	I	224011	224304	-	294	0	0	0	0	0	0
YAR019W-A	I	174998	175330	+	333	1	0	3	7	12	0
YAR070C	I	224563	224862	-	300	0	0	2	0	0	0
YAL054C	I	42881	45022	-	2142	87	64	114	92	115	20
YAL067C	I	7235	9016	-	1782	124	76	183	23	31	4
YAL059W	I	36509	37147	+	639	21	14	36	12	28	2
YAL005C	I	139503	141431	-	1929	1671	1518	3320	2036	2631	362
YAL068W-A	I	538	792	+	255	0	0	0	0	0	0
YAL035W	I	76427	79435	+	3009	2038	1722	2345	1438	2218	328
YAL008W	I	136914	137510	+	597	110	135	197	117	207	25
YAL020C	I	113614	114615	-	1002	108	109	141	100	105	26
YAL032C	I	83335	84474	-	1140	155	129	166	150	138	22
YAL015C	I	126903	128102	-	1200	173	123	214	141	172	37
YAL028W	I	92900	94486	+	1587	308	316	464	335	470	70
YAL042C-A	I	61231	61608	-	378	0	0	0	0	0	0
YAL065C	I	11565	11951	-	387	2	2	1	2	3	0
YAL009W	I	135854	136633	+	780	140	156	225	147	210	33
YAR014C	I	166742	168871	-	2130	530	479	590	354	538	74
YAL037C-B	I	72326	73300	-	975	23	13	10	15	22	0
YAR053W	I	208367	208663	+	297	1	2	0	3	2	0
YAL036C	I	75043	76152	-	1110	277	258	298	166	246	28
YAL059C-A	I	36496	36918	-	423	0	0	0	0	0	0
YAL002W	I	143707	147531	+	3825	359	386	600	370	616	86
YAL021C	I	110846	113359	-	2514	1202	845	834	1014	1245	200
tS(AGA)A	I	182522	182603	-	82	0	0	0	0	0	0
YAL061W	I	33448	34701	+	1254	228	258	283	405	477	130
YAR023C	I	179281	179820	-	540	38	25	43	23	32	6
YAL034C	I	80710	81951	-	1242	834	657	643	803	933	146
YAL026C-A	I	95386	95823	-	438	24	21	12	17	32	0
YAR002C-A	I	154065	154724	-	660	440	527	936	458	655	129
YAL004W	I	140760	141407	+	648	0	0	0	0	0	0
YAR008W	I	158966	159793	+	828	57	56	108	33	67	14
YAL067W-A	I	2480	2707	+	228	0	0	0	2	0	0
YAL049C	I	51855	52595	-	741	220	247	354	229	328	44
YAR060C	I	217157	217492	-	336	0	0	0	0	0	0
YAL047C	I	54989	56857	-	1869	108	162	142	114	182	22
YAL029C	I	87855	92270	-	4416	902	868	1089	809	1205	136
YAR031W	I	186836	187732	+	897	50	53	100	72	77	8
YAL027W	I	94687	95472	+	786	111	118	141	152	177	23
YAR073W	I	227742	228953	+	1212	4	0	0	2	4	0
YAL033W	I	82706	83227	+	522	70	69	110	51	89	18
YAR015W	I	169375	170295	+	921	2429	1961	2832	1641	2474	312
YAL044W-A	I	57518	57850	+	333	40	66	49	40	52	13
YAL041W	I	62840	65404	+	2565	916	626	590	544	729	122
YAL019W-A	I	114250	114819	+	570	1	1	0	0	1	0
YAR035C-A	I	192337	192417	-	81	4	2	2	0	4	0
YAL068C	I	1807	2169	-	363	0	0	0	2	0	0
YAR042W	I	192619	196185	+	3567	562	530	570	444	712	114
YAL051W	I	48564	51707	+	3144	346	285	351	243	396	56
YAL043C	I	58695	61052	-	2358	769	597	732	533	727	108
YAR066W	I	221049	221660	+	612	2	14	2	4	6	0
YAL044C	I	57950	58462	-	513	1349	1032	1989	967	1280	200
YAR068W	I	222406	222891	+	486	3	0	1	1	2	0
YAL058W	I	37464	38972	+	1509	197	241	203	144	237	53
YAL012W	I	130799	131983	+	1185	5951	5125	6815	2938	3814	689
YAL064C-A	I	13363	13743	-	381	28	23	8	9	28	8
YAR028W	I	184892	185596	+	705	136	136	173	146	232	26
HRA1	I	99305	99868	+	564	0	2	2	2	1	0
YAL007C	I	137698	138345	-	648	521	560	830	468	668	104
YAL040C	I	65778	67520	-	1743	555	634	563	528	891	134
YAR010C	I	164544	165866	-	1323	0	0	0	0	0	0
YAR009C	I	160597	164187	-	3591	192	176	128	144	224	14
tD(GUC)Q	Mito	68322	68396	+	75	0	0	0	0	0	0
Q0065	Mito;Mito;Mito;Mito	13818;16435;18954;20508	13986;16470;18991;21935	+;+;+;+	1671	0	0	0	0	0	0
Q0080	Mito	27666	27812	+	147	0	0	0	0	0	0
Q0160	Mito	61022	61729	+	708	3	7	12	5	2	4
Q0070	Mito;Mito;Mito;Mito;Mito	13818;16435;18954;20508;21995	13986;16470;18991;20984;23167	+;+;+;+;+	1893	0	0	0	0	0	0
Q0142	Mito	51052	51228	+	177	0	0	0	0	0	0
Q0275	Mito	79213	80022	+	810	18	16	60	24	24	26
tR(ACG)Q2	Mito	69289	69362	+	74	0	0	0	0	0	0
tK(UUU)Q	Mito	67061	67134	+	74	0	0	0	0	0	0
Q0010	Mito	3952	4338	+	387	0	0	0	0	0	0
Q0255	Mito;Mito;Mito	74495;75663;75904	75622;75872;75984	+;+;+	1419	2	0	0	0	4	0
tN(GUU)Q	Mito	71433	71503	+	71	0	0	0	0	0	0
Q0020	Mito	6546	8194	+	1649	104	106	244	110	162	70
tE(UUC)Q	Mito	35373	35444	+	72	0	0	0	0	0	0
Q0140	Mito	48901	50097	+	1197	0	0	2	0	0	0
Q0075	Mito;Mito	24156;24906	24870;25255	+;+	1065	0	0	0	0	0	2
Q0250	Mito	73758	74513	+	756	4	0	17	0	3	2
Q0017	Mito	4254	4415	+	162	0	0	0	0	0	0
tC(GCA)Q	Mito	64415	64490	+	76	0	0	0	0	0	0
Q0144	Mito	54109	54438	+	330	0	0	0	0	0	0
tG(UCC)Q	Mito	67468	67542	+	75	0	0	0	0	0	0
Q0105	Mito;Mito;Mito;Mito;Mito;Mito	36540;37723;39141;40841;42508;43297	36954;37736;39217;41090;42558;43647	+;+;+;+;+;+	1158	0	0	5	1	5	8
tT(UGU)Q1	Mito	63862	63937	+	76	0	0	0	0	0	0
tM(CAU)Q2	Mito	85035	85112	+	78	0	0	0	0	0	0
Q0285	Mito	85295	85777	+	483	0	0	0	0	0	0
Q0143	Mito	51277	51429	+	153	0	0	0	0	0	0
Q0055	Mito;Mito	13818;16435	13986;18830	+;+	2565	32	20	97	44	44	32
Q0032	Mito	11667	11957	+	291	0	0	0	0	0	0
tY(GUA)Q	Mito	70824	70907	+	84	0	0	0	0	0	2
Q0115	Mito;Mito;Mito	36540;37723;39141	36954;37736;40265	+;+;+	1554	0	0	0	0	0	0
Q0297	Mito	85554	85709	+	156	0	0	0	0	0	0
Q0130	Mito	46723	46953	+	231	4	10	36	4	12	10
tL(UAA)Q	Mito	66095	66179	+	85	0	0	0	0	0	0
tF(GAA)Q	Mito	77431	77505	+	75	0	0	0	0	0	0
Q0092	Mito	30874	31014	+	141	0	0	0	0	1	0
tW(UCA)Q	Mito	9374	9447	+	74	0	0	0	0	0	0
tT(UAG)Q2	Mito	78089	78162	-	74	0	0	0	0	0	0
tS(UGA)Q2	Mito	48201	48290	+	90	0	1	0	0	0	0
Q0110	Mito;Mito	36540;37723	36954;38579	+;+	1272	0	0	0	0	0	0
Q0120	Mito;Mito;Mito;Mito	36540;37723;39141;40841	36954;37736;39217;42251	+;+;+;+	1917	0	0	2	0	0	0
tH(GUG)Q	Mito	64596	64670	+	75	0	0	0	0	0	0
Q0050	Mito	13818	16322	+	2505	33	41	133	90	86	25
tA(UGC)Q	Mito	69846	69921	+	76	0	0	0	0	0	0
Q0085	Mito	28487	29266	+	780	26	24	77	8	20	4
Q0182	Mito	65770	66174	+	405	0	0	0	0	0	0
tM(CAU)Q1	Mito	72630	72705	+	76	0	0	0	0	0	0
tS(GCU)Q1	Mito	69203	69288	+	86	0	0	0	0	0	0
tV(UAC)Q	Mito	78533	78608	+	76	0	0	0	0	0	0
tQ(UUG)Q	Mito	66210	66285	+	76	0	0	0	0	0	0
tR(UCU)Q1	Mito	67309	67381	+	73	0	0	0	0	0	0
Q0060	Mito;Mito;Mito	13818;16435;18954	13986;16470;19996	+;+;+	1248	0	0	3	4	0	0
Q0045	Mito;Mito;Mito;Mito;Mito;Mito;Mito;Mito	13818;16435;18954;20508;21995;23612;25318;26229	13986;16470;18991;20984;22246;23746;25342;26701	+;+;+;+;+;+;+;+	1605	10	9	39	22	27	12
tP(UGG)Q	Mito	731	802	+	72	0	0	0	0	0	0
tI(GAU)Q	Mito	70162	70237	+	76	0	0	0	0	0	0
Q0158	Mito;Mito	58009;61868	60724;62447	+;+	3296	538	381	1607	822	674	468
